White,Hispanic,Asian,Black,Native Hawaiian/Pacific Islander,date,American Indian/Alaska Native,White_discrepancy,Hispanic_discrepancy,Asian_discrepancy,Black_discrepancy,Native Hawaiian/Pacific Islander_discrepancy,American Indian/Alaska Native_discrepancy,White_rates,Hispanic_rates,Asian_rates,Black_rates,Native Hawaiian/Pacific Islander_rates,American Indian/Alaska Native_rates,White_covidperc,Hispanic_covidperc,Asian_covidperc,Black_covidperc,Native Hawaiian/Pacific Islander_covidperc,American Indian/Alaska Native_covidperc,White_demperc,Hispanic_demperc,Asian_demperc,Black_demperc,Native Hawaiian/Pacific Islander_demperc,American Indian/Alaska Native_demperc
672,334,183,164,59,2020-06-14,,1.08675799086758,1.0042372881355932,0.7647058823529411,1.0642201834862386,3.2307692307692313,,0.9885239954579441,0.9118565396964132,0.6935762634098043,0.9694142589795632,2.924157176124564,,0.476,0.237,0.13,0.116,0.042,,0.438,0.236,0.17,0.109,0.013,0.015
680,342,184,167,60,2020-06-15,,1.0844748858447488,1.0127118644067796,0.7529411764705882,1.073394495412844,3.2307692307692313,,1.0002921382610148,0.9336974148987225,0.6973662976360873,0.9871474466438235,2.9737191621605734,,0.475,0.239,0.128,0.117,0.042,,0.438,0.236,0.17,0.109,0.013,0.015
681,361,188,169,61,2020-06-16,,1.0639269406392695,1.0466101694915255,0.7588235294117647,1.0642201834862386,3.2307692307692313,,1.0017631561113987,0.9855694935042071,0.7125264345412197,0.9989695717533303,3.023281148196583,,0.466,0.247,0.129,0.116,0.042,,0.438,0.236,0.17,0.109,0.013,0.015
688,382,190,174,63,2020-06-17,,1.0502283105022832,1.0805084745762712,0.7470588235294118,1.0642201834862386,3.2307692307692313,,1.0120602810640855,1.0429017909102691,0.7201065029937859,1.0285248845270976,3.122405120268602,,0.46,0.255,0.127,0.116,0.042,,0.438,0.236,0.17,0.109,0.013,0.015
696,395,193,186,63,2020-06-18,,1.0365296803652968,1.093220338983051,0.7411764705882352,1.110091743119266,3.153846153846154,,1.0238284238671564,1.0783932131140217,0.7314766056726351,1.0994576351841387,3.122405120268602,,0.454,0.258,0.126,0.121,0.041,,0.438,0.236,0.17,0.109,0.013,0.015
700,415,194,195,66,2020-06-19,,1.0182648401826484,1.1186440677966103,0.7294117647058823,1.1376146788990826,3.2307692307692313,,1.0297124952686918,1.132995401119795,0.7352666398989182,1.1526571981769196,3.2710910783766307,,0.446,0.264,0.124,0.124,0.042,,0.438,0.236,0.17,0.109,0.013,0.015
716,452,201,206,65,2020-06-20,,0.997716894977169,1.169491525423729,0.7235294117647059,1.1559633027522935,3.076923076923077,,1.0532487808748332,1.2340094489304754,0.7617968794828998,1.2176788862792074,3.2215290923406212,,0.437,0.276,0.123,0.126,0.04,,0.438,0.236,0.17,0.109,0.013,0.015
732,473,205,214,66,2020-06-21,,0.9885844748858448,1.1864406779661019,0.7117647058823529,1.1651376146788992,3.0,,1.0767850664809748,1.2913417463365373,0.776957016388032,1.2649673867172349,3.2710910783766307,,0.433,0.28,0.121,0.127,0.039,,0.438,0.236,0.17,0.109,0.013,0.015
742,500,212,217,68,2020-06-22,,0.9748858447488584,1.2203389830508475,0.7176470588235293,1.146788990825688,3.0,,1.0914952449848132,1.3650547001443312,0.8034872559720136,1.2827005743814952,3.3702150504486497,,0.427,0.288,0.122,0.125,0.039,,0.438,0.236,0.17,0.109,0.013,0.015
763,522,215,225,68,2020-06-23,,0.9726027397260274,1.2330508474576272,0.7058823529411764,1.146788990825688,2.9230769230769234,,1.122386619842874,1.4251171069506818,0.814857358650863,1.3299890748195227,3.3702150504486497,,0.426,0.291,0.12,0.125,0.038,,0.438,0.236,0.17,0.109,0.013,0.015
778,539,223,230,69,2020-06-24,,0.9657534246575342,1.2415254237288136,0.7117647058823529,1.146788990825688,2.9230769230769234,,1.1444518875986318,1.471528966755589,0.8451776324611275,1.3595443875932898,3.4197770364846596,,0.423,0.293,0.121,0.125,0.038,,0.438,0.236,0.17,0.109,0.013,0.015
790,569,229,235,71,2020-06-25,,0.9520547945205479,1.271186440677966,0.7117647058823529,1.1376146788990826,2.8461538461538463,,1.1621041018032379,1.553432248764249,0.867917837818826,1.389099700367057,3.5189010085566785,,0.417,0.3,0.121,0.124,0.037,,0.438,0.236,0.17,0.109,0.013,0.015
817,593,243,245,71,2020-06-26,,0.9474885844748858,1.2754237288135593,0.7235294117647059,1.1376146788990826,2.769230769230769,,1.2018215837636017,1.6189548743711768,0.9209783169867892,1.4482103259145913,3.5189010085566785,,0.415,0.301,0.123,0.124,0.036,,0.438,0.236,0.17,0.109,0.013,0.015
817,593,243,245,71,2020-06-27,,0.9474885844748858,1.2754237288135593,0.7235294117647059,1.1376146788990826,2.769230769230769,,1.2018215837636017,1.6189548743711768,0.9209783169867892,1.4482103259145913,3.5189010085566785,,0.415,0.301,0.123,0.124,0.036,,0.438,0.236,0.17,0.109,0.013,0.015
837,634,250,256,73,2020-06-28,,0.9315068493150684,1.3093220338983051,0.7176470588235293,1.146788990825688,2.769230769230769,,1.2312419407712787,1.730889359783012,0.9475085565707708,1.5132320140168791,3.6180249806286975,,0.408,0.309,0.122,0.125,0.036,,0.438,0.236,0.17,0.109,0.013,0.015
872,681,264,288,74,2020-06-29,,0.9132420091324202,1.326271186440678,0.7117647058823529,1.2110091743119267,2.615384615384616,,1.2827275655347132,1.859204501596579,1.000569035738734,1.702386015768989,3.667586966664707,,0.4,0.313,0.121,0.132,0.034,,0.438,0.236,0.17,0.109,0.013,0.015
894,755,282,301,76,2020-06-30,,0.8835616438356164,1.3855932203389831,0.7176470588235293,1.1926605504587156,2.5384615384615388,,1.3150899582431577,2.06123259721794,1.0687896518118294,1.7792298289807837,3.7667109387367264,,0.387,0.327,0.122,0.13,0.033,,0.438,0.236,0.17,0.109,0.013,0.015
933,853,301,327,78,2020-07-02,,0.8538812785388128,1.4491525423728815,0.7117647058823529,1.2018348623853212,2.3846153846153846,,1.3724596544081278,2.328783318446229,1.140800302111208,1.9329174554043729,3.8658349108087453,,0.374,0.342,0.121,0.131,0.031,,0.438,0.236,0.17,0.109,0.013,0.015
1018,937,322,363,82,2020-07-03,,0.8538812785388128,1.4576271186440677,0.6941176470588234,1.2201834862385321,2.307692307692308,,1.4974961716907547,2.5581125080704767,1.2203910208631528,2.1457157073754964,4.064082854952783,,0.374,0.344,0.118,0.133,0.03,,0.438,0.236,0.17,0.109,0.013,0.015
1048,991,341,380,82,2020-07-05,,0.8424657534246576,1.478813559322034,0.7058823529411764,1.2293577981651378,2.230769230769231,,1.54162670720227,2.7055384156860645,1.2924016711625315,2.246203770806305,4.064082854952783,,0.369,0.349,0.12,0.134,0.029,,0.438,0.236,0.17,0.109,0.013,0.015
1112,1091,365,420,83,2020-07-06,,0.8264840182648402,1.5042372881355932,0.7,1.2568807339449541,2.076923076923077,,1.635771849626836,2.9785493557149305,1.3833624925933254,2.4826462729964422,4.113644840988793,,0.362,0.355,0.119,0.137,0.027,,0.438,0.236,0.17,0.109,0.013,0.015
1112,1091,365,420,83,2020-07-07,,0.8264840182648402,1.5042372881355932,0.7,1.2568807339449541,2.076923076923077,,1.635771849626836,2.9785493557149305,1.3833624925933254,2.4826462729964422,4.113644840988793,,0.362,0.355,0.119,0.137,0.027,,0.438,0.236,0.17,0.109,0.013,0.015
1129,1120,379,436,86,2020-07-08,,0.817351598173516,1.5084745762711864,0.7058823529411764,1.2660550458715598,2.076923076923077,,1.6607791530833613,3.057722528323302,1.4364229717612886,2.577223273872497,4.262330799096822,,0.358,0.356,0.12,0.138,0.027,,0.438,0.236,0.17,0.109,0.013,0.015
1169,1162,389,456,87,2020-07-09,,0.817351598173516,1.5084745762711864,0.7,1.2844036697247707,2.076923076923077,,1.7196198670987153,3.1723871231354255,1.4743233140241194,2.695444524967566,4.311892785132831,,0.358,0.356,0.119,0.14,0.027,,0.438,0.236,0.17,0.109,0.013,0.015
1220,1263,409,493,89,2020-07-10,,0.8013698630136986,1.5423728813559323,0.6941176470588234,1.3027522935779816,2.0,,1.7946417774682915,3.4481281725645805,1.550123998549781,2.914153839493443,4.411016757204851,,0.351,0.364,0.118,0.142,0.026,,0.438,0.236,0.17,0.109,0.013,0.015
1248,1291,413,500,91,2020-07-11,,0.8036529680365296,1.5423728813559323,0.6882352941176471,1.293577981651376,2.0,,1.8358302772790391,3.524571235772663,1.5652841354549134,2.955531277376717,4.51014072927687,,0.352,0.364,0.117,0.141,0.026,,0.438,0.236,0.17,0.109,0.013,0.015
1248,1291,413,500,91,2020-07-12,,0.8036529680365296,1.5423728813559323,0.6882352941176471,1.293577981651376,2.0,,1.8358302772790391,3.524571235772663,1.5652841354549134,2.955531277376717,4.51014072927687,,0.352,0.364,0.117,0.141,0.026,,0.438,0.236,0.17,0.109,0.013,0.015
1285,1329,430,523,94,2020-07-13,,0.8013698630136986,1.538135593220339,0.6882352941176471,1.311926605504587,2.0,,1.8902579377432414,3.6283153929836325,1.629714717301726,3.091485716136046,4.658826687384899,,0.351,0.363,0.117,0.143,0.026,,0.438,0.236,0.17,0.109,0.013,0.015
1322,1391,446,541,96,2020-07-14,,0.7945205479452054,1.5508474576271187,0.6882352941176471,1.311926605504587,1.9230769230769234,,1.9446855982074436,3.7975821758015296,1.690355264922255,3.1978848421216077,4.757950659456918,,0.348,0.366,0.117,0.143,0.025,,0.438,0.236,0.17,0.109,0.013,0.015
1366,1439,455,559,97,2020-07-15,,0.7968036529680365,1.555084745762712,0.6823529411764706,1.311926605504587,1.9230769230769234,,2.0094103836243327,3.9286274270153854,1.724465572958803,3.30428396810717,4.807512645492927,,0.349,0.367,0.116,0.143,0.025,,0.438,0.236,0.17,0.109,0.013,0.015
1403,1484,468,584,97,2020-07-16,,0.7945205479452054,1.5593220338983051,0.6823529411764706,1.3302752293577982,1.8461538461538463,,2.063838044088535,4.051482350028375,1.7737360179004829,3.4520605319760054,4.807512645492927,,0.348,0.368,0.116,0.145,0.024,,0.438,0.236,0.17,0.109,0.013,0.015
1472,1552,490,605,98,2020-07-17,,0.7968036529680365,1.5593220338983051,0.6823529411764706,1.311926605504587,1.7692307692307694,,2.1653382757650204,4.237129789248004,1.8571167708787109,3.5761928456258274,4.857074631528937,,0.349,0.368,0.116,0.143,0.023,,0.438,0.236,0.17,0.109,0.013,0.015
1472,1552,490,605,98,2020-07-18,,0.7968036529680365,1.5593220338983051,0.6823529411764706,1.311926605504587,1.7692307692307694,,2.1653382757650204,4.237129789248004,1.8571167708787109,3.5761928456258274,4.857074631528937,,0.349,0.368,0.116,0.143,0.023,,0.438,0.236,0.17,0.109,0.013,0.015
1507,1597,499,624,99,2020-07-19,,0.7945205479452054,1.5635593220338984,0.676470588235294,1.3211009174311925,1.7692307692307694,,2.216823900528455,4.359984712260994,1.8912270789152585,3.6885030341661427,4.9066366175649465,,0.348,0.369,0.115,0.144,0.023,,0.438,0.236,0.17,0.109,0.013,0.015
1564,1667,514,646,99,2020-07-20,,0.7945205479452054,1.5720338983050848,0.6705882352941176,1.3211009174311925,1.6923076923076923,,2.3006719180003343,4.5510923702812,1.9480775923095048,3.8185464103707183,4.9066366175649465,,0.348,0.371,0.114,0.144,0.022,,0.438,0.236,0.17,0.109,0.013,0.015
1637,1743,543,678,102,2020-07-21,,0.7945205479452054,1.5720338983050848,0.676470588235294,1.3211009174311925,1.6923076923076923,,2.408056221078355,4.758580684703139,2.057988584871714,4.007700412122828,5.0553225756729745,,0.348,0.371,0.115,0.144,0.022,,0.438,0.236,0.17,0.109,0.013,0.015
1687,1807,559,700,105,2020-07-22,,0.7922374429223744,1.576271186440678,0.676470588235294,1.3211009174311925,1.6923076923076923,,2.4816071135975473,4.933307686321613,2.1186291324922437,4.137743788327404,5.204008533781003,,0.347,0.372,0.115,0.144,0.022,,0.438,0.236,0.17,0.109,0.013,0.015
1733,1865,577,722,107,2020-07-23,,0.7899543378995433,1.5805084745762712,0.676470588235294,1.3211009174311925,1.6153846153846156,,2.5492739347152042,5.091654031538355,2.186849748565339,4.267787164531979,5.303132505853022,,0.346,0.373,0.115,0.144,0.021,,0.438,0.236,0.17,0.109,0.013,0.015
1787,1943,602,755,109,2020-07-24,,0.7853881278538812,1.5847457627118644,0.6823529411764706,1.3302752293577982,1.6153846153846156,,2.6287088986359315,5.304602564760871,2.281600604222416,4.462852228838843,5.402256477925041,,0.344,0.374,0.116,0.145,0.021,,0.438,0.236,0.17,0.109,0.013,0.015
1797,1962,606,763,109,2020-07-25,,0.7831050228310503,1.5889830508474576,0.6823529411764706,1.3394495412844036,1.6153846153846156,,2.6434190771397703,5.356474643366355,2.2967607411275486,4.51014072927687,5.402256477925041,,0.343,0.375,0.116,0.146,0.021,,0.438,0.236,0.17,0.109,0.013,0.015
1867,1998,633,789,110,2020-07-26,,0.7899543378995433,1.5677966101694916,0.6882352941176471,1.3394495412844036,1.5384615384615385,,2.7463903266666394,5.454758581776748,2.399091665237192,4.66382835570046,5.451818463961051,,0.346,0.37,0.117,0.146,0.02,,0.438,0.236,0.17,0.109,0.013,0.015
1961,2072,679,828,115,2020-07-28,,0.7922374429223744,1.5508474576271187,0.7058823529411764,1.3394495412844036,1.5384615384615385,,2.8846660046027206,5.656786677398109,2.5734332396462136,4.894359795335843,5.699628394141099,,0.347,0.366,0.12,0.146,0.02,,0.438,0.236,0.17,0.109,0.013,0.015
1976,2103,684,838,115,2020-07-29,,0.7899543378995433,1.5593220338983051,0.7058823529411764,1.348623853211009,1.5384615384615385,,2.9067312723584786,5.741420068807057,2.592383410777629,4.953470420883378,5.699628394141099,,0.346,0.368,0.12,0.147,0.02,,0.438,0.236,0.17,0.109,0.013,0.015
1996,2139,687,850,120,2020-07-30,,0.7876712328767123,1.5635593220338984,0.7,1.348623853211009,1.6153846153846156,,2.9361516293661554,5.839704007217449,2.603753513456478,5.024403171540419,5.947438324321147,,0.345,0.369,0.119,0.147,0.021,,0.438,0.236,0.17,0.109,0.013,0.015
2060,2192,704,868,125,2020-08-01,,0.7899543378995433,1.5593220338983051,0.6941176470588234,1.3394495412844036,1.6153846153846156,,3.0302967717907214,5.984399805432748,2.6681840953032907,5.130802297525981,6.195248254501195,,0.346,0.368,0.118,0.146,0.021,,0.438,0.236,0.17,0.109,0.013,0.015
2067,2215,716,876,124,2020-08-02,,0.7876712328767123,1.5635593220338984,0.7,1.3394495412844036,1.6153846153846156,,3.0405938967434083,6.047192321639387,2.7136645060186875,5.178090797964008,6.145686268465185,,0.345,0.369,0.119,0.146,0.021,,0.438,0.236,0.17,0.109,0.013,0.015
2266,2386,789,950,134,2020-08-06,,0.7922374429223744,1.5508474576271187,0.7117647058823529,1.3394495412844036,1.6153846153846156,,3.333326448969794,6.514041029088748,2.9903370045373525,5.615509427015763,6.64130612882528,,0.347,0.366,0.121,0.146,0.021,,0.438,0.236,0.17,0.109,0.013,0.015
2266,2386,789,950,134,2020-08-07,,0.7922374429223744,1.5508474576271187,0.7117647058823529,1.3394495412844036,1.6153846153846156,,3.333326448969794,6.514041029088748,2.9903370045373525,5.615509427015763,6.64130612882528,,0.347,0.366,0.121,0.146,0.021,,0.438,0.236,0.17,0.109,0.013,0.015
2266,2386,789,950,134,2020-08-08,,0.7922374429223744,1.5508474576271187,0.7117647058823529,1.3394495412844036,1.6153846153846156,,3.333326448969794,6.514041029088748,2.9903370045373525,5.615509427015763,6.64130612882528,,0.347,0.366,0.121,0.146,0.021,,0.438,0.236,0.17,0.109,0.013,0.015
2446,2542,843,1019,144,2020-08-12,,0.7990867579908675,1.538135593220339,0.7117647058823529,1.3394495412844036,1.6153846153846156,,3.598109662038886,6.93993809553378,3.194998852756639,6.023372743293749,7.136925989185376,,0.35,0.363,0.121,0.146,0.021,,0.438,0.236,0.17,0.109,0.013,0.015
2614,2648,908,1091,145,2020-08-13,,0.8059360730593607,1.5169491525423728,0.7235294117647059,1.348623853211009,1.5384615384615385,,3.845240660903372,7.229329691964378,3.4413510774650398,6.448969247235997,7.186487975221386,,0.353,0.358,0.123,0.147,0.02,,0.438,0.236,0.17,0.109,0.013,0.015
2694,2711,933,1120,148,2020-08-14,,0.8082191780821918,1.5084745762711864,0.7235294117647059,1.348623853211009,1.4615384615384617,,3.9629220889340795,7.401326584182564,3.536101933122117,6.620390061323846,7.335173933329414,,0.354,0.356,0.123,0.147,0.019,,0.438,0.236,0.17,0.109,0.013,0.015
2694,2711,933,1120,148,2020-08-15,,0.8082191780821918,1.5084745762711864,0.7235294117647059,1.348623853211009,1.4615384615384617,,3.9629220889340795,7.401326584182564,3.536101933122117,6.620390061323846,7.335173933329414,,0.354,0.356,0.123,0.147,0.019,,0.438,0.236,0.17,0.109,0.013,0.015
2694,2711,933,1120,148,2020-08-16,,0.8082191780821918,1.5084745762711864,0.7235294117647059,1.348623853211009,1.4615384615384617,,3.9629220889340795,7.401326584182564,3.536101933122117,6.620390061323846,7.335173933329414,,0.354,0.356,0.123,0.147,0.019,,0.438,0.236,0.17,0.109,0.013,0.015
2999,2909,1078,1223,161,2020-08-21,,0.817351598173516,1.4745762711864407,0.7588235294117647,1.3394495412844036,1.4615384615384617,,4.411582533301153,7.941888245439719,4.085656895933163,7.22922950446345,7.979479751797538,,0.358,0.348,0.129,0.146,0.019,,0.438,0.236,0.17,0.109,0.013,0.015
2999,2909,1078,1223,161,2020-08-22,,0.817351598173516,1.4745762711864407,0.7588235294117647,1.3394495412844036,1.4615384615384617,,4.411582533301153,7.941888245439719,4.085656895933163,7.22922950446345,7.979479751797538,,0.358,0.348,0.129,0.146,0.019,,0.438,0.236,0.17,0.109,0.013,0.015
2999,2909,1078,1223,161,2020-08-23,,0.817351598173516,1.4745762711864407,0.7588235294117647,1.3394495412844036,1.4615384615384617,,4.411582533301153,7.941888245439719,4.085656895933163,7.22922950446345,7.979479751797538,,0.358,0.348,0.129,0.146,0.019,,0.438,0.236,0.17,0.109,0.013,0.015
3240,3043,1174,1310,166,2020-08-24,,0.8287671232876712,1.4449152542372883,0.7705882352941176,1.348623853211009,1.4615384615384617,,4.766097835243659,8.3077229050784,4.449500181656339,7.743491946726999,8.227289681977586,,0.363,0.341,0.131,0.147,0.019,,0.438,0.236,0.17,0.109,0.013,0.015
3271,3074,1190,1323,168,2020-08-25,,0.8264840182648402,1.4449152542372883,0.7764705882352941,1.348623853211009,1.4615384615384617,,4.811699388605558,8.392356296487348,4.510140729276869,7.820335759938794,8.326413654049606,,0.362,0.341,0.132,0.147,0.019,,0.438,0.236,0.17,0.109,0.013,0.015
3295,3099,1200,1333,171,2020-08-26,,0.8264840182648402,1.4449152542372883,0.7764705882352941,1.348623853211009,1.4615384615384617,,4.8470038170147705,8.460609031494565,4.5480410715397,7.879446385486328,8.475099612157635,,0.362,0.341,0.132,0.147,0.019,,0.438,0.236,0.17,0.109,0.013,0.015
3323,3122,1222,1344,173,2020-08-27,,0.8264840182648402,1.440677966101695,0.7823529411764706,1.3394495412844036,1.4615384615384617,,4.888192316825518,8.523401547701203,4.631421824517927,7.944468073588616,8.574223584229653,,0.362,0.34,0.133,0.146,0.019,,0.438,0.236,0.17,0.109,0.013,0.015
3379,3160,1236,1362,174,2020-08-28,,0.8287671232876712,1.4364406779661019,0.7823529411764706,1.3394495412844036,1.4615384615384617,,4.970569316447014,8.627145704912174,4.684482303685891,8.050867199574178,8.623785570265662,,0.363,0.339,0.133,0.146,0.019,,0.438,0.236,0.17,0.109,0.013,0.015
3379,3160,1236,1362,174,2020-08-29,,0.8287671232876712,1.4364406779661019,0.7823529411764706,1.3394495412844036,1.4615384615384617,,4.970569316447014,8.627145704912174,4.684482303685891,8.050867199574178,8.623785570265662,,0.363,0.339,0.133,0.146,0.019,,0.438,0.236,0.17,0.109,0.013,0.015
3379,3160,1236,1362,174,2020-08-30,,0.8287671232876712,1.4364406779661019,0.7823529411764706,1.3394495412844036,1.4615384615384617,,4.970569316447014,8.627145704912174,4.684482303685891,8.050867199574178,8.623785570265662,,0.363,0.339,0.133,0.146,0.019,,0.438,0.236,0.17,0.109,0.013,0.015
3566,3290,1294,1434,178,2020-08-31,,0.8333333333333333,1.4279661016949154,0.7823529411764706,1.348623853211009,1.3846153846153846,,5.245649654468792,8.982059926949699,4.90430428881031,8.476463703516425,8.822033514409702,,0.365,0.337,0.133,0.147,0.018,,0.438,0.236,0.17,0.109,0.013,0.015
3603,3305,1311,1443,179,2020-09-01,,0.8356164383561644,1.4237288135593222,0.7823529411764706,1.348623853211009,1.3846153846153846,,5.300077314932995,9.023011567954029,4.968734870657122,8.529663266509205,8.87159550044571,,0.366,0.336,0.133,0.147,0.018,,0.438,0.236,0.17,0.109,0.013,0.015
3624,3336,1330,1452,181,2020-09-02,,0.8333333333333333,1.4237288135593222,0.788235294117647,1.3394495412844036,1.3846153846153846,,5.330968689791056,9.107644959362977,5.0407455209565,8.582862829501986,8.970719472517729,,0.365,0.336,0.134,0.146,0.018,,0.438,0.236,0.17,0.109,0.013,0.015
3674,3363,1360,1468,182,2020-09-03,,0.8356164383561644,1.419491525423729,0.7941176470588235,1.3394495412844036,1.3846153846153846,,5.404519582310248,9.181357913170771,5.1544465477449934,8.677439830378042,9.02028145855374,,0.366,0.335,0.135,0.146,0.018,,0.438,0.236,0.17,0.109,0.013,0.015
3711,3390,1368,1480,183,2020-09-04,,0.8356164383561644,1.419491525423729,0.7941176470588235,1.3394495412844036,1.3846153846153846,,5.4589472427744505,9.255070866978565,5.184766821555258,8.748372581035083,9.069843444589749,,0.366,0.335,0.135,0.146,0.018,,0.438,0.236,0.17,0.109,0.013,0.015
3711,3390,1368,1480,183,2020-09-05,,0.8356164383561644,1.419491525423729,0.7941176470588235,1.3394495412844036,1.3846153846153846,,5.4589472427744505,9.255070866978565,5.184766821555258,8.748372581035083,9.069843444589749,,0.366,0.335,0.135,0.146,0.018,,0.438,0.236,0.17,0.109,0.013,0.015
3711,3390,1368,1480,183,2020-09-06,,0.8356164383561644,1.419491525423729,0.7941176470588235,1.3394495412844036,1.3846153846153846,,5.4589472427744505,9.255070866978565,5.184766821555258,8.748372581035083,9.069843444589749,,0.366,0.335,0.135,0.146,0.018,,0.438,0.236,0.17,0.109,0.013,0.015
3805,3473,1427,1520,187,2020-09-07,,0.8333333333333333,1.4152542372881358,0.8058823529411765,1.3394495412844036,1.3846153846153846,,5.597222920710531,9.481669947202525,5.40837884090596,8.98481508322522,9.268091388733787,,0.365,0.334,0.137,0.146,0.018,,0.438,0.236,0.17,0.109,0.013,0.015
3833,3498,1439,1526,189,2020-09-08,,0.8356164383561644,1.4152542372881358,0.8058823529411765,1.3394495412844036,1.3846153846153846,,5.63841142052128,9.549922682209742,5.453859251621357,9.02028145855374,9.367215360805806,,0.366,0.334,0.137,0.146,0.018,,0.438,0.236,0.17,0.109,0.013,0.015
3849,3508,1445,1528,192,2020-09-09,,0.8356164383561644,1.4110169491525426,0.8058823529411765,1.3302752293577982,1.3846153846153846,,5.661947706127421,9.577223776212628,5.476599456979056,9.032103583663247,9.515901318913835,,0.366,0.333,0.137,0.145,0.018,,0.438,0.236,0.17,0.109,0.013,0.015
3895,3552,1458,1538,192,2020-09-10,,0.8356164383561644,1.4152542372881358,0.8058823529411765,1.3302752293577982,1.3846153846153846,,5.729614527245078,9.697348589825328,5.525869901920736,9.091214209210781,9.515901318913835,,0.366,0.334,0.137,0.145,0.018,,0.438,0.236,0.17,0.109,0.013,0.015
3963,3601,1488,1562,193,2020-09-11,,0.8378995433789954,1.4110169491525426,0.8117647058823529,1.3302752293577982,1.3846153846153846,,5.829643741071179,9.831123950439473,5.639570928709228,9.233079710524864,9.565463304949844,,0.367,0.333,0.138,0.145,0.018,,0.438,0.236,0.17,0.109,0.013,0.015
3963,3601,1488,1562,193,2020-09-12,,0.8378995433789954,1.4110169491525426,0.8117647058823529,1.3302752293577982,1.3846153846153846,,5.829643741071179,9.831123950439473,5.639570928709228,9.233079710524864,9.565463304949844,,0.367,0.333,0.138,0.145,0.018,,0.438,0.236,0.17,0.109,0.013,0.015
3963,3601,1488,1562,193,2020-09-13,,0.8378995433789954,1.4110169491525426,0.8117647058823529,1.3302752293577982,1.3846153846153846,,5.829643741071179,9.831123950439473,5.639570928709228,9.233079710524864,9.565463304949844,,0.367,0.333,0.138,0.145,0.018,,0.438,0.236,0.17,0.109,0.013,0.015
4023,3665,1530,1581,194,2020-09-14,,0.8356164383561644,1.4110169491525426,0.8176470588235294,1.3211009174311925,1.3846153846153846,,5.91790481209421,10.005850952057948,5.798752366213117,9.345389899065179,9.615025290985853,,0.366,0.333,0.139,0.144,0.018,,0.438,0.236,0.17,0.109,0.013,0.015
4036,3688,1538,1588,194,2020-09-15,,0.8333333333333333,1.4152542372881358,0.8176470588235294,1.3211009174311925,1.3846153846153846,,5.9370280441492,10.068643468264586,5.829072640023382,9.386767336948454,9.615025290985853,,0.365,0.334,0.139,0.144,0.018,,0.438,0.236,0.17,0.109,0.013,0.015
4054,3731,1547,1592,195,2020-09-16,,0.8333333333333333,1.4237288135593222,0.8176470588235294,1.311926605504587,1.3846153846153846,,5.96350636545611,10.186038172477,5.863182948059929,9.410411587167467,9.664587277021864,,0.365,0.336,0.139,0.143,0.018,,0.438,0.236,0.17,0.109,0.013,0.015
4088,3761,1569,1601,195,2020-09-17,,0.8333333333333333,1.419491525423729,0.823529411764706,1.311926605504587,1.307692307692308,,6.01352097236916,10.267941454485658,5.946563701038158,9.463611150160247,9.664587277021864,,0.365,0.335,0.14,0.143,0.017,,0.438,0.236,0.17,0.109,0.013,0.015
4132,3796,1578,1607,196,2020-09-18,,0.8333333333333333,1.4237288135593222,0.823529411764706,1.3027522935779816,1.307692307692308,,6.078245757786049,10.363495283495762,5.980674009074705,9.499077525488769,9.714149263057873,,0.365,0.336,0.14,0.142,0.017,,0.438,0.236,0.17,0.109,0.013,0.015
4132,3796,1578,1607,196,2020-09-19,,0.8333333333333333,1.4237288135593222,0.823529411764706,1.3027522935779816,1.307692307692308,,6.078245757786049,10.363495283495762,5.980674009074705,9.499077525488769,9.714149263057873,,0.365,0.336,0.14,0.142,0.017,,0.438,0.236,0.17,0.109,0.013,0.015
4132,3796,1578,1607,196,2020-09-20,,0.8333333333333333,1.4237288135593222,0.823529411764706,1.3027522935779816,1.307692307692308,,6.078245757786049,10.363495283495762,5.980674009074705,9.499077525488769,9.714149263057873,,0.365,0.336,0.14,0.142,0.017,,0.438,0.236,0.17,0.109,0.013,0.015
4221,3856,1616,1632,202,2020-09-21,,0.8356164383561644,1.419491525423729,0.823529411764706,1.3027522935779816,1.3846153846153846,,6.209166346470211,10.527301847513082,6.124695309673463,9.646854089357605,10.011521179273931,,0.366,0.335,0.14,0.142,0.018,,0.438,0.236,0.17,0.109,0.013,0.015
4248,3867,1635,1646,205,2020-09-22,,0.8356164383561644,1.4110169491525426,0.8294117647058822,1.3027522935779816,1.3846153846153846,,6.248883828430575,10.557333050916258,6.196705959972841,9.729608965124152,10.16020713738196,,0.366,0.333,0.141,0.142,0.018,,0.438,0.236,0.17,0.109,0.013,0.015
4271,3897,1643,1654,207,2020-09-23,,0.8356164383561644,1.4152542372881358,0.8294117647058822,1.3027522935779816,1.3846153846153846,,6.282717238989403,10.639236332924916,6.227026233783106,9.77689746556218,10.259331109453978,,0.366,0.334,0.141,0.142,0.018,,0.438,0.236,0.17,0.109,0.013,0.015
4301,3923,1661,1659,205,2020-09-24,,0.8356164383561644,1.4152542372881358,0.8294117647058822,1.293577981651376,1.307692307692308,,6.326847774500919,10.710219177332423,6.295246849856201,9.806452778335947,10.16020713738196,,0.366,0.334,0.141,0.141,0.017,,0.438,0.236,0.17,0.109,0.013,0.015
4328,3949,1667,1670,208,2020-09-25,,0.8356164383561644,1.4152542372881358,0.8294117647058822,1.293577981651376,1.3846153846153846,,6.366565256461283,10.781202021739928,6.3179870552139,9.871474466438235,10.308893095489987,,0.366,0.334,0.141,0.141,0.018,,0.438,0.236,0.17,0.109,0.013,0.015
4328,3949,1667,1670,208,2020-09-26,,0.8356164383561644,1.4152542372881358,0.8294117647058822,1.293577981651376,1.3846153846153846,,6.366565256461283,10.781202021739928,6.3179870552139,9.871474466438235,10.308893095489987,,0.366,0.334,0.141,0.141,0.018,,0.438,0.236,0.17,0.109,0.013,0.015
4328,3949,1667,1670,208,2020-09-27,,0.8356164383561644,1.4152542372881358,0.8294117647058822,1.293577981651376,1.3846153846153846,,6.366565256461283,10.781202021739928,6.3179870552139,9.871474466438235,10.308893095489987,,0.366,0.334,0.141,0.141,0.018,,0.438,0.236,0.17,0.109,0.013,0.015
4383,4005,1680,1695,210,2020-09-28,,0.8356164383561644,1.419491525423729,0.823529411764706,1.3027522935779816,1.3846153846153846,,6.447471238232394,10.934088148156093,6.36725750015558,10.019251030307071,10.408017067562007,,0.366,0.335,0.14,0.142,0.018,,0.438,0.236,0.17,0.109,0.013,0.015
4410,4021,1688,1708,212,2020-09-29,,0.8356164383561644,1.4152542372881358,0.823529411764706,1.3027522935779816,1.3846153846153846,,6.4871887201927585,10.97776989856071,6.397577773965844,10.096094843518866,10.507141039634027,,0.366,0.334,0.14,0.142,0.018,,0.438,0.236,0.17,0.109,0.013,0.015
4435,4043,1697,1716,214,2020-09-30,,0.8356164383561644,1.4152542372881358,0.823529411764706,1.3027522935779816,1.3846153846153846,,6.523964166452354,11.037832305367061,6.431688082002392,10.143383343956893,10.606265011706045,,0.366,0.334,0.14,0.142,0.018,,0.438,0.236,0.17,0.109,0.013,0.015
4458,4067,1709,1730,215,2020-10-01,,0.8356164383561644,1.4152542372881358,0.823529411764706,1.3027522935779816,1.3846153846153846,,6.557797577011183,11.10335493097399,6.477168492717789,10.22613821972344,10.655826997742055,,0.366,0.334,0.14,0.142,0.018,,0.438,0.236,0.17,0.109,0.013,0.015
4480,4077,1714,1742,216,2020-10-02,,0.8356164383561644,1.4110169491525426,0.823529411764706,1.3027522935779816,1.3846153846153846,,6.590159969719627,11.130656024976876,6.496118663849205,10.297070970380481,10.705388983778064,,0.366,0.333,0.14,0.142,0.018,,0.438,0.236,0.17,0.109,0.013,0.015
4480,4077,1714,1742,216,2020-10-03,,0.8356164383561644,1.4110169491525426,0.823529411764706,1.3027522935779816,1.3846153846153846,,6.590159969719627,11.130656024976876,6.496118663849205,10.297070970380481,10.705388983778064,,0.366,0.333,0.14,0.142,0.018,,0.438,0.236,0.17,0.109,0.013,0.015
4480,4077,1714,1742,216,2020-10-04,,0.8356164383561644,1.4110169491525426,0.823529411764706,1.3027522935779816,1.3846153846153846,,6.590159969719627,11.130656024976876,6.496118663849205,10.297070970380481,10.705388983778064,,0.366,0.333,0.14,0.142,0.018,,0.438,0.236,0.17,0.109,0.013,0.015
4560,4123,1749,1789,219,2020-10-05,,0.8378995433789954,1.402542372881356,0.8294117647058822,1.3211009174311925,1.3846153846153846,,6.707841397750335,11.256241057390154,6.628769861769112,10.574890910453894,10.854074941886093,,0.367,0.331,0.141,0.144,0.018,,0.438,0.236,0.17,0.109,0.013,0.015
4578,4134,1754,1794,219,2020-10-06,,0.8378995433789954,1.402542372881356,0.8294117647058822,1.3211009174311925,1.3846153846153846,,6.734319719057244,11.28627226079333,6.647720032900528,10.604446223227662,10.854074941886093,,0.367,0.331,0.141,0.144,0.018,,0.438,0.236,0.17,0.109,0.013,0.015
4603,4163,1765,1802,217,2020-10-07,,0.8378995433789954,1.4067796610169494,0.8294117647058822,1.3211009174311925,1.307692307692308,,6.77109516531684,11.365445433401701,6.689410409389642,10.651734723665689,10.754950969814074,,0.367,0.332,0.141,0.144,0.017,,0.438,0.236,0.17,0.109,0.013,0.015
4621,4188,1766,1821,217,2020-10-08,,0.8356164383561644,1.4067796610169494,0.823529411764706,1.3211009174311925,1.307692307692308,,6.797573486623749,11.433698168408919,6.693200443615925,10.764044912206003,10.754950969814074,,0.366,0.332,0.14,0.144,0.017,,0.438,0.236,0.17,0.109,0.013,0.015
4657,4229,1780,1830,219,2020-10-09,,0.8356164383561644,1.4110169491525426,0.823529411764706,1.3211009174311925,1.307692307692308,,6.850530129237568,11.545632653820753,6.746260922783888,10.817244475198784,10.854074941886093,,0.366,0.333,0.14,0.144,0.017,,0.438,0.236,0.17,0.109,0.013,0.015
4657,4229,1780,1830,219,2020-10-10,,0.8356164383561644,1.4110169491525426,0.823529411764706,1.3211009174311925,1.307692307692308,,6.850530129237568,11.545632653820753,6.746260922783888,10.817244475198784,10.854074941886093,,0.366,0.333,0.14,0.144,0.017,,0.438,0.236,0.17,0.109,0.013,0.015
4657,4229,1780,1830,219,2020-10-11,,0.8356164383561644,1.4110169491525426,0.823529411764706,1.3211009174311925,1.307692307692308,,6.850530129237568,11.545632653820753,6.746260922783888,10.817244475198784,10.854074941886093,,0.366,0.333,0.14,0.144,0.017,,0.438,0.236,0.17,0.109,0.013,0.015
4713,4279,1801,1850,221,2020-10-12,,0.8356164383561644,1.4110169491525426,0.823529411764706,1.3211009174311925,1.307692307692308,,6.932907128859063,11.682138123835186,6.825851641535833,10.935465726293852,10.953198913958111,,0.366,0.333,0.14,0.144,0.017,,0.438,0.236,0.17,0.109,0.013,0.015
4727,4288,1805,1860,221,2020-10-13,,0.8356164383561644,1.4067796610169494,0.823529411764706,1.3211009174311925,1.307692307692308,,6.953501378764437,11.706709108437785,6.841011778440965,10.994576351841387,10.953198913958111,,0.366,0.332,0.14,0.144,0.017,,0.438,0.236,0.17,0.109,0.013,0.015
4751,4320,1812,1872,224,2020-10-14,,0.8356164383561644,1.4110169491525426,0.823529411764706,1.3211009174311925,1.307692307692308,,6.988805807173649,11.79407260924702,6.867542018024947,11.065509102498428,11.10188487206614,,0.366,0.333,0.14,0.144,0.017,,0.438,0.236,0.17,0.109,0.013,0.015
4771,4340,1818,1879,223,2020-10-15,,0.8356164383561644,1.4110169491525426,0.823529411764706,1.3211009174311925,1.307692307692308,,7.018226164181327,11.848674797252794,6.890282223382646,11.106886540381703,11.052322886030131,,0.366,0.333,0.14,0.144,0.017,,0.438,0.236,0.17,0.109,0.013,0.015
4802,4356,1823,1885,225,2020-10-16,,0.8378995433789954,1.4110169491525426,0.8176470588235294,1.3211009174311925,1.307692307692308,,7.063827717543226,11.892356547657414,6.909232394514061,11.142352915710223,11.15144685810215,,0.367,0.333,0.139,0.144,0.017,,0.438,0.236,0.17,0.109,0.013,0.015
4802,4356,1823,1885,225,2020-10-17,,0.8378995433789954,1.4110169491525426,0.8176470588235294,1.3211009174311925,1.307692307692308,,7.063827717543226,11.892356547657414,6.909232394514061,11.142352915710223,11.15144685810215,,0.367,0.333,0.139,0.144,0.017,,0.438,0.236,0.17,0.109,0.013,0.015
4802,4356,1823,1885,225,2020-10-18,,0.8378995433789954,1.4110169491525426,0.8176470588235294,1.3211009174311925,1.307692307692308,,7.063827717543226,11.892356547657414,6.909232394514061,11.142352915710223,11.15144685810215,,0.367,0.333,0.139,0.144,0.017,,0.438,0.236,0.17,0.109,0.013,0.015
4975,4493,1873,1947,229,2020-10-20,,0.8401826484018264,1.4067796610169494,0.8176470588235294,1.3211009174311925,1.307692307692308,,7.31831380565963,12.26638153549696,7.098734105828215,11.508838794104935,11.349694802246189,,0.368,0.332,0.139,0.144,0.017,,0.438,0.236,0.17,0.109,0.013,0.015
5049,4570,1894,1993,231,2020-10-22,,0.8401826484018264,1.4110169491525426,0.8117647058823529,1.3302752293577982,1.307692307692308,,7.427169126588035,12.476599959319188,7.17832482458016,11.780747671623594,11.448818774318207,,0.368,0.333,0.138,0.145,0.017,,0.438,0.236,0.17,0.109,0.013,0.015
5087,4622,1908,2025,230,2020-10-25,,0.8378995433789954,1.4110169491525426,0.8117647058823529,1.3394495412844036,1.307692307692308,,7.483067804902621,12.618565648134197,7.231385303748123,11.969901673375704,11.399256788282198,,0.367,0.333,0.138,0.146,0.017,,0.438,0.236,0.17,0.109,0.013,0.015
5209,4726,1945,2075,230,2020-10-27,,0.8378995433789954,1.4110169491525426,0.8058823529411765,1.3394495412844036,1.2307692307692308,,7.66253198264945,12.902497025764218,7.3716165701205965,12.265454801113375,11.399256788282198,,0.367,0.333,0.137,0.146,0.016,,0.438,0.236,0.17,0.109,0.013,0.015
5294,4823,1965,2125,231,2020-10-29,,0.8378995433789954,1.4152542372881358,0.8,1.348623853211009,1.2307692307692308,,7.787568499932077,13.167317637592218,7.4474172546462585,12.561007928851048,11.448818774318207,,0.367,0.334,0.136,0.147,0.016,,0.438,0.236,0.17,0.109,0.013,0.015
5343,4888,1980,2148,234,2020-11-01,,0.8356164383561644,1.419491525423729,0.8,1.348623853211009,1.2307692307692308,,7.859648374600886,13.344774748610982,7.5042677680405045,12.696962367610377,11.597504732426236,,0.366,0.335,0.136,0.147,0.016,,0.438,0.236,0.17,0.109,0.013,0.015
5548,5029,2030,2209,249,2020-11-03,,0.8401826484018264,1.4152542372881358,0.7941176470588235,1.348623853211009,1.307692307692308,,8.161207033929575,13.729720174051684,7.693769479354659,13.057537183450336,12.34093452296638,,0.368,0.334,0.135,0.147,0.017,,0.438,0.236,0.17,0.109,0.013,0.015
5715,5171,2069,2278,254,2020-11-05,,0.8424657534246576,1.4152542372881358,0.788235294117647,1.348623853211009,1.2307692307692308,,8.406867014943677,14.117395708892673,7.841580814179699,13.465400499728323,12.588744453146427,,0.369,0.334,0.134,0.147,0.016,,0.438,0.236,0.17,0.109,0.013,0.015
5806,5238,2086,2310,259,2020-11-08,,0.8447488584474886,1.4152542372881358,0.7823529411764706,1.348623853211009,1.2307692307692308,,8.540729639328607,14.300313038712014,7.9060113960265115,13.654554501480433,12.836554383326476,,0.37,0.334,0.133,0.147,0.016,,0.438,0.236,0.17,0.109,0.013,0.015
6176,5468,2177,2464,276,2020-11-10,,0.8515981735159818,1.3983050847457628,0.7705882352941176,1.3669724770642202,1.307692307692308,,9.085006243970629,14.928238200778406,8.250904510618271,14.56485813491246,13.679108145938638,,0.373,0.33,0.131,0.149,0.017,,0.438,0.236,0.17,0.109,0.013,0.015
6427,5637,2217,2557,282,2020-11-11,,0.8561643835616438,1.3940677966101696,0.7588235294117647,1.3669724770642202,1.2307692307692308,,9.454231724416974,15.389626689427189,8.402505879669596,15.114586952504531,13.976480062154694,,0.375,0.329,0.129,0.149,0.016,,0.438,0.236,0.17,0.109,0.013,0.015
6427,5637,2217,2557,282,2020-11-12,,0.8561643835616438,1.3940677966101696,0.7588235294117647,1.3669724770642202,1.2307692307692308,,9.454231724416974,15.389626689427189,8.402505879669596,15.114586952504531,13.976480062154694,,0.375,0.329,0.129,0.149,0.016,,0.438,0.236,0.17,0.109,0.013,0.015
6537,5691,2232,2587,292,2020-11-15,,0.860730593607306,1.3898305084745763,0.7588235294117647,1.3669724770642202,1.307692307692308,,9.616043687959197,15.537052597042777,8.459356393063842,15.291918829147134,14.47209992251479,,0.377,0.328,0.129,0.149,0.017,,0.438,0.236,0.17,0.109,0.013,0.015
7084,5977,2339,2781,300,2020-11-16,,0.8744292237442922,1.3686440677966103,0.7470588235294118,1.3761467889908257,1.2307692307692308,,10.42069045211916,16.317863885525334,8.864890055276131,16.4386649647693,14.868595810802868,,0.383,0.323,0.127,0.15,0.016,,0.438,0.236,0.17,0.109,0.013,0.015
7260,6036,2378,2821,302,2020-11-17,,0.8812785388127854,1.3601694915254239,0.7470588235294118,1.3761467889908257,1.2307692307692308,,10.679589593786718,16.478940340142366,9.012701390101173,16.67510746695944,14.967719782874886,,0.386,0.321,0.127,0.15,0.016,,0.438,0.236,0.17,0.109,0.013,0.015
7446,6131,2425,2898,304,2020-11-18,,0.8858447488584476,1.3516949152542375,0.7411764705882352,1.385321100917431,1.2307692307692308,,10.953198913958113,16.73830073316979,9.190832998736477,17.130259283675453,15.066843754946905,,0.388,0.319,0.126,0.151,0.016,,0.438,0.236,0.17,0.109,0.013,0.015
7446,6131,2425,2898,304,2020-11-19,,0.8858447488584476,1.3516949152542375,0.7411764705882352,1.385321100917431,1.2307692307692308,,10.953198913958113,16.73830073316979,9.190832998736477,17.130259283675453,15.066843754946905,,0.388,0.319,0.126,0.151,0.016,,0.438,0.236,0.17,0.109,0.013,0.015
7582,6228,2452,2944,311,2020-11-22,,0.8858447488584476,1.3516949152542375,0.7411764705882352,1.385321100917431,1.2307692307692308,,11.153257341610315,17.00312134499779,9.29316392284612,17.40216816119411,15.413777657198972,,0.388,0.319,0.126,0.151,0.016,,0.438,0.236,0.17,0.109,0.013,0.015
8299,6548,2587,3150,326,2020-11-23,,0.906392694063927,1.326271186440678,0.7294117647058823,1.385321100917431,1.2307692307692308,,12.207977140335533,17.876756353090162,9.804818543394337,18.619847047473318,16.157207447739115,,0.397,0.313,0.124,0.151,0.016,,0.438,0.236,0.17,0.109,0.013,0.015
8299,6548,2587,3150,326,2020-11-24,,0.906392694063927,1.326271186440678,0.7294117647058823,1.385321100917431,1.2307692307692308,,12.207977140335533,17.876756353090162,9.804818543394337,18.619847047473318,16.157207447739115,,0.397,0.313,0.124,0.151,0.016,,0.438,0.236,0.17,0.109,0.013,0.015
8510,6655,2637,3212,330,2020-11-26,,0.9109589041095891,1.3220338983050848,0.7294117647058823,1.3761467889908257,1.153846153846154,,12.518361906766524,18.16887805892105,9.99432025470849,18.98633292586803,16.355455391883154,,0.399,0.312,0.124,0.15,0.015,,0.438,0.236,0.17,0.109,0.013,0.015
8788,6813,2715,3294,331,2020-11-29,,0.9155251141552512,1.3177966101694916,0.7294117647058823,1.3761467889908257,1.153846153846154,,12.927304869173232,18.600235344166656,10.289942924358572,19.47104005535781,16.40501737791916,,0.401,0.311,0.124,0.15,0.015,,0.438,0.236,0.17,0.109,0.013,0.015
