Hispanic,White,Asian,Black,Pacific Islander,Native American,Multi-Race,date,Hispanic_discrepancy,White_discrepancy,Asian_discrepancy,Black_discrepancy,Pacific Islander_discrepancy,Native American_discrepancy,Multi-Race_discrepancy,Hispanic_rates,White_rates,Asian_rates,Black_rates,Pacific Islander_rates,Native American_rates,Multi-Race_rates,Hispanic_covidperc,White_covidperc,Asian_covidperc,Black_covidperc,Pacific Islander_covidperc,Native American_covidperc,Multi-Race_covidperc,White_demperc,Black_demperc,Native American_demperc,Asian_demperc,Pacific Islander_demperc,Hispanic_demperc,Multi-Race_demperc
2047,457,560,356,24,15,37,2020-06-14,2.6278026905829592,0.4281045751633987,0.4953560371517028,0.9272727272727272,0.7777777777777779,0.36363636363636365,0.2037037037037037,5.492259272297325,0.9114503089058669,1.03734580685847,1.9364012928415868,1.5955366457870752,0.815899421141118,0.40996427704251237,0.586,0.131,0.16,0.102,0.007,0.004,0.011,0.306,0.11,0.011,0.323,0.009,0.223,0.054
2074,464,565,355,24,15,38,2020-06-15,2.632286995515695,0.4281045751633987,0.4953560371517028,0.9090909090909092,0.7777777777777779,0.36363636363636365,0.2037037037037037,5.56470235991434,0.9254112545565037,1.0466078229911349,1.9309619633673125,1.5955366457870752,0.815899421141118,0.42104439263825594,0.587,0.131,0.16,0.1,0.007,0.004,0.011,0.306,0.11,0.011,0.323,0.009,0.223,0.054
2123,474,581,360,24,15,38,2020-06-16,2.632286995515695,0.4281045751633987,0.4984520123839009,0.9090909090909092,0.7777777777777779,0.36363636363636365,0.2037037037037037,5.696173148552624,0.9453554626288422,1.0762462746156627,1.9581586107386832,1.5955366457870752,0.815899421141118,0.42104439263825594,0.587,0.131,0.161,0.1,0.007,0.004,0.011,0.306,0.11,0.011,0.323,0.009,0.223,0.054
2175,480,598,362,24,16,37,2020-06-17,2.6412556053811658,0.4248366013071896,0.5015479876160991,0.890909090909091,0.7777777777777779,0.36363636363636365,0.1851851851851852,5.835693169148355,0.9573219874722453,1.1077371294667233,1.9690372696872314,1.5955366457870752,0.8702927158838593,0.40996427704251237,0.589,0.13,0.162,0.098,0.007,0.004,0.01,0.306,0.11,0.011,0.323,0.009,0.223,0.054
2256,493,608,369,24,15,37,2020-06-18,2.6591928251121075,0.4248366013071896,0.4953560371517028,0.8818181818181818,0.6666666666666667,0.36363636363636365,0.1851851851851852,6.0530224319993975,0.9832494579662852,1.126261161732053,2.00711257600715,1.5955366457870752,0.815899421141118,0.40996427704251237,0.593,0.13,0.16,0.097,0.006,0.004,0.01,0.306,0.11,0.011,0.323,0.009,0.223,0.054
2320,497,618,373,25,16,38,2020-06-19,2.6771300448430493,0.41830065359477125,0.4922600619195046,0.8727272727272728,0.6666666666666667,0.36363636363636365,0.1851851851851852,6.224739380424912,0.9912271411952206,1.144785193997383,2.028869893904247,1.6620173393615367,0.8702927158838593,0.42104439263825594,0.597,0.128,0.159,0.096,0.006,0.004,0.01,0.306,0.11,0.011,0.323,0.009,0.223,0.054
2390,509,629,378,25,16,41,2020-06-20,2.68609865470852,0.41830065359477125,0.4891640866873065,0.8636363636363636,0.6666666666666667,0.36363636363636365,0.1851851851851852,6.412554792765318,1.0151601908820267,1.1651616294892457,2.056066541275617,1.6620173393615367,0.8702927158838593,0.4542847394254867,0.599,0.128,0.158,0.095,0.006,0.004,0.01,0.306,0.11,0.011,0.323,0.009,0.223,0.054
2390,509,629,378,25,16,41,2020-06-21,2.68609865470852,0.41830065359477125,0.4891640866873065,0.8636363636363636,0.6666666666666667,0.36363636363636365,0.1851851851851852,6.412554792765318,1.0151601908820267,1.1651616294892457,2.056066541275617,1.6620173393615367,0.8702927158838593,0.4542847394254867,0.599,0.128,0.158,0.095,0.006,0.004,0.01,0.306,0.11,0.011,0.323,0.009,0.223,0.054
2489,529,641,386,25,15,45,2020-06-22,2.704035874439462,0.41830065359477125,0.47987616099071206,0.8454545454545455,0.6666666666666667,0.36363636363636365,0.2037037037037037,6.678179447361037,1.0550486070267036,1.1873904682076415,2.0995811770698105,1.6620173393615367,0.815899421141118,0.498605201808461,0.603,0.128,0.155,0.093,0.006,0.004,0.011,0.306,0.11,0.011,0.323,0.009,0.223,0.054
2566,543,652,396,25,15,47,2020-06-23,2.713004484304933,0.41830065359477125,0.4767801857585139,0.8454545454545455,0.6666666666666667,0.36363636363636365,0.2037037037037037,6.884776400935484,1.0829704983279773,1.2077669036995042,2.1539744718125515,1.6620173393615367,0.815899421141118,0.5207654329999482,0.605,0.128,0.154,0.093,0.006,0.004,0.011,0.306,0.11,0.011,0.323,0.009,0.223,0.054
2688,545,668,404,25,15,54,2020-06-24,2.739910313901345,0.40522875816993464,0.47058823529411764,0.8363636363636363,0.6666666666666667,0.27272727272727276,0.22222222222222224,7.212111833871622,1.086959339942445,1.237405355324032,2.1974891076067444,1.6620173393615367,0.815899421141118,0.5983262421701532,0.611,0.124,0.152,0.092,0.006,0.003,0.012,0.306,0.11,0.011,0.323,0.009,0.223,0.054
2761,555,682,410,26,16,54,2020-06-25,2.748878923766816,0.4019607843137255,0.46749226006191946,0.8272727272727273,0.6666666666666667,0.36363636363636365,0.22222222222222224,7.407976478169475,1.1069035480147835,1.2633390004954939,2.230125084452389,1.7284980329359982,0.8702927158838593,0.5983262421701532,0.613,0.123,0.151,0.091,0.006,0.004,0.012,0.306,0.11,0.011,0.323,0.009,0.223,0.054
2849,562,689,413,26,17,59,2020-06-26,2.7668161434977576,0.3986928104575163,0.46130030959752316,0.8090909090909091,0.6666666666666667,0.36363636363636365,0.24074074074074073,7.644087282254557,1.1208644936654204,1.2763058230812248,2.2464430728752114,1.7284980329359982,0.9246860106266005,0.6537268201488711,0.617,0.122,0.149,0.089,0.006,0.004,0.013,0.306,0.11,0.011,0.323,0.009,0.223,0.054
2849,562,689,413,26,17,59,2020-06-27,2.7668161434977576,0.3986928104575163,0.46130030959752316,0.8090909090909091,0.6666666666666667,0.36363636363636365,0.24074074074074073,7.644087282254557,1.1208644936654204,1.2763058230812248,2.2464430728752114,1.7284980329359982,0.9246860106266005,0.6537268201488711,0.617,0.122,0.149,0.089,0.006,0.004,0.013,0.306,0.11,0.011,0.323,0.009,0.223,0.054
2849,562,689,413,26,17,59,2020-06-28,2.7668161434977576,0.3986928104575163,0.46130030959752316,0.8090909090909091,0.6666666666666667,0.36363636363636365,0.24074074074074073,7.644087282254557,1.1208644936654204,1.2763058230812248,2.2464430728752114,1.7284980329359982,0.9246860106266005,0.6537268201488711,0.617,0.122,0.149,0.089,0.006,0.004,0.013,0.306,0.11,0.011,0.323,0.009,0.223,0.054
2963,580,702,429,29,17,63,2020-06-29,2.7757847533632285,0.3954248366013072,0.4551083591331269,0.8181818181818181,0.6666666666666667,0.36363636363636365,0.24074074074074073,7.949958096637506,1.1567640681956297,1.3003870650261535,2.3334723444635976,1.9279401136593826,0.9246860106266005,0.6980472825318453,0.619,0.121,0.147,0.09,0.006,0.004,0.013,0.306,0.11,0.011,0.323,0.009,0.223,0.054
3071,608,735,442,32,17,62,2020-06-30,2.7713004484304933,0.3986928104575163,0.45820433436532504,0.8090909090909091,0.6666666666666667,0.27272727272727276,0.22222222222222224,8.239730447105563,1.2126078507981772,1.3615163715017418,2.4041836276291613,2.127382194382767,0.9246860106266005,0.6869671669361018,0.618,0.122,0.148,0.089,0.006,0.003,0.012,0.306,0.11,0.011,0.323,0.009,0.223,0.054
3379,653,771,483,35,18,69,2020-07-02,2.802690582959641,0.3954248366013072,0.4427244582043343,0.8090909090909091,0.6666666666666667,0.27272727272727276,0.24074074074074073,9.066118261403352,1.3023567871237003,1.4282028876569293,2.6271961360744,2.3268242751061514,0.9790793053693417,0.7645279761063069,0.625,0.121,0.143,0.089,0.006,0.003,0.013,0.306,0.11,0.011,0.323,0.009,0.223,0.054
3422,667,779,488,35,18,69,2020-07-03,2.802690582959641,0.3986928104575163,0.4396284829721362,0.8090909090909091,0.6666666666666667,0.27272727272727276,0.24074074074074073,9.181490586126746,1.330278678424974,1.443022113469193,2.6543927834457706,2.3268242751061514,0.9790793053693417,0.7645279761063069,0.625,0.122,0.142,0.089,0.006,0.003,0.013,0.306,0.11,0.011,0.323,0.009,0.223,0.054
3546,708,803,516,38,18,73,2020-07-05,2.789237668161435,0.40522875816993464,0.436532507739938,0.8181818181818181,0.7777777777777779,0.27272727272727276,0.24074074074074073,9.51419217370118,1.4120499315215618,1.4874797909059847,2.806694008725446,2.5262663558295357,0.9790793053693417,0.8088484384892811,0.622,0.124,0.141,0.09,0.007,0.003,0.013,0.306,0.11,0.011,0.323,0.009,0.223,0.054
3555,711,805,517,38,19,76,2020-07-06,2.7847533632286994,0.40522875816993464,0.436532507739938,0.8181818181818181,0.7777777777777779,0.27272727272727276,0.24074074074074073,9.538339869573518,1.4180331939432633,1.4911845973590505,2.81213333819972,2.5262663558295357,1.0334726001120829,0.8420887852765119,0.621,0.124,0.141,0.09,0.007,0.003,0.013,0.306,0.11,0.011,0.323,0.009,0.223,0.054
3555,711,805,517,38,19,76,2020-07-07,2.7847533632286994,0.40522875816993464,0.436532507739938,0.8181818181818181,0.7777777777777779,0.27272727272727276,0.24074074074074073,9.538339869573518,1.4180331939432633,1.4911845973590505,2.81213333819972,2.5262663558295357,1.0334726001120829,0.8420887852765119,0.621,0.124,0.141,0.09,0.007,0.003,0.013,0.306,0.11,0.011,0.323,0.009,0.223,0.054
3655,761,825,550,39,20,80,2020-07-08,2.7623318385650224,0.41830065359477125,0.4303405572755418,0.8454545454545455,0.7777777777777779,0.27272727272727276,0.24074074074074073,9.806647601488384,1.5177542343049555,1.5282326618897102,2.991631210850766,2.5927470494039975,1.087865894854824,0.8864092476594863,0.616,0.128,0.139,0.093,0.007,0.003,0.013,0.306,0.11,0.011,0.323,0.009,0.223,0.054
3743,770,837,553,40,21,83,2020-07-09,2.7757847533632285,0.4150326797385621,0.4272445820433437,0.8272727272727273,0.7777777777777779,0.27272727272727276,0.25925925925925924,10.042758405573467,1.5357040215700601,1.550461500608106,3.0079491992735883,2.6592277429784588,1.1422591895975653,0.9196495944467169,0.619,0.127,0.138,0.091,0.007,0.003,0.014,0.306,0.11,0.011,0.323,0.009,0.223,0.054
3908,816,863,571,42,22,87,2020-07-10,2.7757847533632285,0.4215686274509804,0.4241486068111455,0.8272727272727273,0.7777777777777779,0.27272727272727276,0.25925925925925924,10.485466163232998,1.627447378702817,1.5986239844979635,3.1058571298105226,2.792189130127382,1.1966524843403066,0.9639700568296913,0.619,0.129,0.137,0.091,0.007,0.003,0.014,0.306,0.11,0.011,0.323,0.009,0.223,0.054
3908,816,863,571,42,22,87,2020-07-11,2.7757847533632285,0.4215686274509804,0.4241486068111455,0.8272727272727273,0.7777777777777779,0.27272727272727276,0.25925925925925924,10.485466163232998,1.627447378702817,1.5986239844979635,3.1058571298105226,2.792189130127382,1.1966524843403066,0.9639700568296913,0.619,0.129,0.137,0.091,0.007,0.003,0.014,0.306,0.11,0.011,0.323,0.009,0.223,0.054
3908,816,863,571,42,22,87,2020-07-12,2.7757847533632285,0.4215686274509804,0.4241486068111455,0.8272727272727273,0.7777777777777779,0.27272727272727276,0.25925925925925924,10.485466163232998,1.627447378702817,1.5986239844979635,3.1058571298105226,2.792189130127382,1.1966524843403066,0.9639700568296913,0.619,0.129,0.137,0.091,0.007,0.003,0.014,0.306,0.11,0.011,0.323,0.009,0.223,0.054
4023,830,878,586,43,21,89,2020-07-13,2.789237668161435,0.41830065359477125,0.4210526315789474,0.8272727272727273,0.7777777777777779,0.27272727272727276,0.25925925925925924,10.794020054935094,1.6553692700040907,1.6264100328959583,3.1874470719246344,2.858669823701843,1.1422591895975653,0.9861302880211784,0.622,0.128,0.136,0.091,0.007,0.003,0.014,0.306,0.11,0.011,0.323,0.009,0.223,0.054
4190,873,908,608,45,22,90,2020-07-14,2.789237668161435,0.4248366013071896,0.4179566563467492,0.8181818181818181,0.7777777777777779,0.27272727272727276,0.24074074074074073,11.242093967232924,1.741129364715146,1.6819821296919477,3.307112320358665,2.991631210850766,1.1966524843403066,0.997210403616922,0.622,0.13,0.135,0.09,0.007,0.003,0.013,0.306,0.11,0.011,0.323,0.009,0.223,0.054
4275,891,919,619,46,22,95,2020-07-15,2.7937219730941703,0.4248366013071896,0.4148606811145511,0.8181818181818181,0.7777777777777779,0.27272727272727276,0.25925925925925924,11.47015553936056,1.777028939245355,1.7023585651838105,3.3669449445756805,3.058111904425228,1.1966524843403066,1.05261098159564,0.623,0.13,0.134,0.09,0.007,0.003,0.014,0.306,0.11,0.011,0.323,0.009,0.223,0.054
4399,908,930,627,48,22,100,2020-07-16,2.802690582959641,0.4215686274509804,0.4086687306501548,0.8090909090909091,0.7777777777777779,0.27272727272727276,0.25925925925925924,11.802857126934995,1.8109340929683306,1.7227350006756734,3.4104595803698734,3.1910732915741504,1.1966524843403066,1.1080115595743578,0.625,0.129,0.132,0.089,0.007,0.003,0.014,0.306,0.11,0.011,0.323,0.009,0.223,0.054
4509,934,943,640,49,22,101,2020-07-17,2.807174887892377,0.4248366013071896,0.4055727554179567,0.8090909090909091,0.7777777777777779,0.27272727272727276,0.25925925925925924,12.097995632041348,1.8627890339564106,1.7468162426206022,3.481170863535437,3.257553985148612,1.1966524843403066,1.1190916751701014,0.626,0.13,0.131,0.089,0.007,0.003,0.014,0.306,0.11,0.011,0.323,0.009,0.223,0.054
4652,959,960,653,52,23,102,2020-07-18,2.820627802690583,0.4248366013071896,0.4024767801857585,0.7999999999999999,0.7777777777777779,0.27272727272727276,0.25925925925925924,12.481675688679609,1.9126495541372566,1.7783070974716628,3.551882146701,3.4569960658719965,1.2510457790830478,1.1301717907658448,0.629,0.13,0.13,0.088,0.007,0.003,0.014,0.306,0.11,0.011,0.323,0.009,0.223,0.054
4715,965,961,658,51,23,102,2020-07-19,2.8295964125560538,0.4215686274509804,0.3993808049535604,0.7999999999999999,0.7777777777777779,0.27272727272727276,0.25925925925925924,12.650709559785973,1.9246160789806597,1.7801595006981958,3.579078794072371,3.390515372297535,1.2510457790830478,1.1301717907658448,0.631,0.129,0.129,0.088,0.007,0.003,0.014,0.306,0.11,0.011,0.323,0.009,0.223,0.054
4726,969,964,662,51,23,106,2020-07-20,2.8251121076233185,0.4215686274509804,0.3993808049535604,0.7999999999999999,0.7777777777777779,0.27272727272727276,0.25925925925925924,12.680223410296609,1.932593762209595,1.7857167103777947,3.6008361119694676,3.390515372297535,1.2510457790830478,1.1744922531488193,0.63,0.129,0.129,0.088,0.007,0.003,0.014,0.306,0.11,0.011,0.323,0.009,0.223,0.054
4771,985,975,682,53,23,106,2020-07-21,2.8161434977578477,0.4248366013071896,0.39628482972136225,0.8181818181818181,0.7777777777777779,0.27272727272727276,0.25925925925925924,12.8009618896583,1.9645044951253365,1.8060931458696576,3.7096227014549497,3.5234767594464578,1.2510457790830478,1.1744922531488193,0.628,0.13,0.128,0.09,0.007,0.003,0.014,0.306,0.11,0.011,0.323,0.009,0.223,0.054
4861,1006,995,703,53,24,107,2020-07-22,2.811659192825112,0.4248366013071896,0.39628482972136225,0.8272727272727273,0.7777777777777779,0.27272727272727276,0.25925925925925924,13.04243884838168,2.006387332077247,1.8431412104003173,3.823848620414706,3.5234767594464578,1.3054390738257888,1.1855723687445627,0.627,0.13,0.128,0.091,0.007,0.003,0.014,0.306,0.11,0.011,0.323,0.009,0.223,0.054
4942,1039,1009,712,54,24,118,2020-07-23,2.807174887892377,0.43137254901960786,0.39628482972136225,0.8181818181818181,0.7777777777777779,0.27272727272727276,0.2777777777777778,13.259768111232722,2.072203218715964,1.8690748555717789,3.8728025856831736,3.5899574530209195,1.3054390738257888,1.3074536402977421,0.626,0.132,0.128,0.09,0.007,0.003,0.015,0.306,0.11,0.011,0.323,0.009,0.223,0.054
5119,1070,1027,743,59,24,125,2020-07-24,2.811659192825112,0.4281045751633987,0.39009287925696595,0.8272727272727273,0.7777777777777779,0.27272727272727276,0.2777777777777778,13.734672796722036,2.1340302637402133,1.9024181136493725,4.041421799385671,3.922360920893227,1.3054390738257888,1.3850144494679473,0.627,0.131,0.126,0.091,0.007,0.003,0.015,0.306,0.11,0.011,0.323,0.009,0.223,0.054
5202,1087,1036,751,60,24,134,2020-07-25,2.811659192825112,0.4281045751633987,0.3869969040247678,0.8272727272727273,0.7777777777777779,0.27272727272727276,0.2962962962962963,13.957368214211376,2.167935417463189,1.9190897426881695,4.0849364351798645,3.988841614467688,1.3054390738257888,1.4847354898296394,0.627,0.131,0.125,0.091,0.007,0.003,0.016,0.306,0.11,0.011,0.323,0.009,0.223,0.054
5244,1087,1038,751,61,24,143,2020-07-26,2.8161434977578477,0.4248366013071896,0.38390092879256965,0.8181818181818181,0.7777777777777779,0.27272727272727276,0.3148148148148148,14.07005746161562,2.167935417463189,1.9227945491412355,4.0849364351798645,4.055322308042149,1.3054390738257888,1.5844565301913316,0.628,0.13,0.124,0.09,0.007,0.003,0.017,0.306,0.11,0.011,0.323,0.009,0.223,0.054
5378,1127,1068,768,62,24,144,2020-07-28,2.811659192825112,0.4281045751633987,0.3869969040247678,0.8181818181818181,0.7777777777777779,0.27272727272727276,0.3148148148148148,14.42958982238154,2.2477122497525426,1.9783666459372249,4.177405036242524,4.121803001616612,1.3054390738257888,1.5955366457870752,0.627,0.131,0.125,0.09,0.007,0.003,0.017,0.306,0.11,0.011,0.323,0.009,0.223,0.054
5501,1145,1082,780,62,24,154,2020-07-29,2.820627802690583,0.4281045751633987,0.38390092879256965,0.8090909090909091,0.7777777777777779,0.27272727272727276,0.3333333333333333,14.759608332636828,2.2836118242827514,2.0043002911086867,4.2426769899338135,4.121803001616612,1.3054390738257888,1.706337801744511,0.629,0.131,0.124,0.089,0.007,0.003,0.018,0.306,0.11,0.011,0.323,0.009,0.223,0.054
5687,1177,1105,797,63,26,163,2020-07-30,2.8295964125560538,0.4281045751633987,0.3808049535603715,0.7999999999999999,0.7777777777777779,0.27272727272727276,0.3333333333333333,15.25866071399848,2.3474332901142345,2.046905565318945,4.335145590996474,4.188283695191073,1.4142256633112713,1.8060588421062032,0.631,0.131,0.123,0.088,0.007,0.003,0.018,0.306,0.11,0.011,0.323,0.009,0.223,0.054
5923,1200,1127,812,63,26,187,2020-08-01,2.84304932735426,0.4215686274509804,0.3746130030959752,0.7909090909090909,0.7777777777777779,0.27272727272727276,0.3703703703703704,15.891866961317566,2.393304968680613,2.0876584363026707,4.416735533110585,4.188283695191073,1.4142256633112713,2.071981616404049,0.634,0.129,0.121,0.087,0.007,0.003,0.02,0.306,0.11,0.011,0.323,0.009,0.223,0.054
5955,1209,1136,815,64,26,194,2020-08-02,2.84304932735426,0.4215686274509804,0.3746130030959752,0.7909090909090909,0.7777777777777779,0.27272727272727276,0.3888888888888889,15.977725435530324,2.4112547559457176,2.104330065341468,4.433053521533408,4.254764388765534,1.4142256633112713,2.149542425574254,0.634,0.129,0.121,0.087,0.007,0.003,0.021,0.306,0.11,0.011,0.323,0.009,0.223,0.054
6210,1255,1184,852,71,26,212,2020-08-06,2.8385650224215246,0.41830065359477125,0.3746130030959752,0.7909090909090909,0.7777777777777779,0.27272727272727276,0.4074074074074074,16.661910151913233,2.5029981130784744,2.193245420215051,4.63430871208155,4.720129243786764,1.4142256633112713,2.3489845062976387,0.633,0.128,0.121,0.087,0.007,0.003,0.022,0.306,0.11,0.011,0.323,0.009,0.223,0.054
6210,1255,1184,852,71,26,212,2020-08-07,2.8385650224215246,0.41830065359477125,0.3746130030959752,0.7909090909090909,0.7777777777777779,0.27272727272727276,0.4074074074074074,16.661910151913233,2.5029981130784744,2.193245420215051,4.63430871208155,4.720129243786764,1.4142256633112713,2.3489845062976387,0.633,0.128,0.121,0.087,0.007,0.003,0.022,0.306,0.11,0.011,0.323,0.009,0.223,0.054
6210,1255,1184,852,71,26,212,2020-08-08,2.8385650224215246,0.41830065359477125,0.3746130030959752,0.7909090909090909,0.7777777777777779,0.27272727272727276,0.4074074074074074,16.661910151913233,2.5029981130784744,2.193245420215051,4.63430871208155,4.720129243786764,1.4142256633112713,2.3489845062976387,0.633,0.128,0.121,0.087,0.007,0.003,0.022,0.306,0.11,0.011,0.323,0.009,0.223,0.054
7356,1492,1404,1014,80,29,279,2020-08-14,2.8295964125560538,0.41830065359477125,0.37151702786377705,0.7909090909090909,0.7777777777777779,0.18181818181818182,0.4444444444444445,19.736716759657607,2.9756758443928955,2.600774130052307,5.515480086913958,5.3184554859569175,1.577405547539495,3.091352251212458,0.631,0.128,0.12,0.087,0.007,0.002,0.024,0.306,0.11,0.011,0.323,0.009,0.223,0.054
7356,1492,1404,1014,80,29,279,2020-08-15,2.8295964125560538,0.41830065359477125,0.37151702786377705,0.7909090909090909,0.7777777777777779,0.18181818181818182,0.4444444444444445,19.736716759657607,2.9756758443928955,2.600774130052307,5.515480086913958,5.3184554859569175,1.577405547539495,3.091352251212458,0.631,0.128,0.12,0.087,0.007,0.002,0.024,0.306,0.11,0.011,0.323,0.009,0.223,0.054
7553,1538,1450,1055,83,29,293,2020-08-16,2.820627802690583,0.41830065359477125,0.3746130030959752,0.7999999999999999,0.7777777777777779,0.18181818181818182,0.4444444444444445,20.265282991529897,3.0674192015256523,2.685984678472824,5.7384925953591965,5.517897566680302,1.577405547539495,3.2464738695528683,0.629,0.128,0.121,0.088,0.007,0.002,0.024,0.306,0.11,0.011,0.323,0.009,0.223,0.054
8089,1677,1595,1164,88,28,327,2020-08-21,2.798206278026906,0.4215686274509804,0.3808049535603715,0.8181818181818181,0.7777777777777779,0.18181818181818182,0.462962962962963,21.703412434593584,3.3446436937311566,2.9545831463201067,6.331379508055075,5.85030103455261,1.5230122527967538,3.6231977998081497,0.624,0.129,0.123,0.09,0.007,0.002,0.025,0.306,0.11,0.011,0.323,0.009,0.223,0.054
8089,1677,1595,1164,88,28,327,2020-08-22,2.798206278026906,0.4215686274509804,0.3808049535603715,0.8181818181818181,0.7777777777777779,0.18181818181818182,0.462962962962963,21.703412434593584,3.3446436937311566,2.9545831463201067,6.331379508055075,5.85030103455261,1.5230122527967538,3.6231977998081497,0.624,0.129,0.123,0.09,0.007,0.002,0.025,0.306,0.11,0.011,0.323,0.009,0.223,0.054
8115,1685,1601,1165,89,28,331,2020-08-23,2.798206278026906,0.4215686274509804,0.3808049535603715,0.8181818181818181,0.7777777777777779,0.18181818181818182,0.462962962962963,21.773172444891447,3.3605990601890277,2.9656975656793043,6.33681883752935,5.916781728127071,1.5230122527967538,3.667518262191124,0.624,0.129,0.123,0.09,0.007,0.002,0.025,0.306,0.11,0.011,0.323,0.009,0.223,0.054
8116,1688,1603,1166,89,28,333,2020-08-24,2.7937219730941703,0.4248366013071896,0.3808049535603715,0.8181818181818181,0.7777777777777779,0.18181818181818182,0.48148148148148145,21.7758555222106,3.366582322610729,2.9694023721323703,6.3422581670036235,5.916781728127071,1.5230122527967538,3.6896784933826114,0.623,0.13,0.123,0.09,0.007,0.002,0.026,0.306,0.11,0.011,0.323,0.009,0.223,0.054
8239,1749,1650,1206,91,29,334,2020-08-25,2.780269058295964,0.43137254901960786,0.38390092879256965,0.8272727272727273,0.7777777777777779,0.18181818181818182,0.462962962962963,22.105874032465884,3.4882419918519934,3.0564653237794204,6.5598313459745885,6.0497431152759935,1.577405547539495,3.700758608978355,0.62,0.132,0.124,0.091,0.007,0.002,0.025,0.306,0.11,0.011,0.323,0.009,0.223,0.054
8346,1762,1668,1215,94,29,344,2020-08-26,2.780269058295964,0.4281045751633987,0.38390092879256965,0.8181818181818181,0.7777777777777779,0.18181818181818182,0.48148148148148145,22.392963305614792,3.5141694623460333,3.0898085818570142,6.6087853112430555,6.249185195999378,1.577405547539495,3.8115597649357906,0.62,0.131,0.124,0.09,0.007,0.002,0.026,0.306,0.11,0.011,0.323,0.009,0.223,0.054
8495,1790,1699,1245,97,29,352,2020-08-27,2.780269058295964,0.4281045751633987,0.38390092879256965,0.8272727272727273,0.7777777777777779,0.18181818181818182,0.48148148148148145,22.792741826167944,3.5700132449485813,3.1472330818795364,6.77196519547128,6.448627276722763,1.577405547539495,3.900200689701739,0.62,0.131,0.124,0.091,0.007,0.002,0.026,0.306,0.11,0.011,0.323,0.009,0.223,0.054
8637,1823,1728,1272,99,30,361,2020-08-28,2.7757847533632285,0.4281045751633987,0.38390092879256965,0.8272727272727273,0.7777777777777779,0.18181818181818182,0.48148148148148145,23.173738805487055,3.635829131587298,3.200952775448993,6.918827091276681,6.581588663871686,1.631798842282236,3.9999217300634315,0.619,0.131,0.124,0.091,0.007,0.002,0.026,0.306,0.11,0.011,0.323,0.009,0.223,0.054
8638,1824,1729,1273,99,30,361,2020-08-29,2.7757847533632285,0.4281045751633987,0.38390092879256965,0.8272727272727273,0.7777777777777779,0.18181818181818182,0.48148148148148145,23.176421882806203,3.637823552394532,3.202805178675526,6.924266420750955,6.581588663871686,1.631798842282236,3.9999217300634315,0.619,0.131,0.124,0.091,0.007,0.002,0.026,0.306,0.11,0.011,0.323,0.009,0.223,0.054
8758,1849,1767,1300,99,31,376,2020-08-30,2.7713004484304933,0.4248366013071896,0.3869969040247678,0.8363636363636363,0.7777777777777779,0.18181818181818182,0.5,23.498391161104042,3.687684072575378,3.2731965012837794,7.071128316556356,6.581588663871686,1.6861921370249773,4.166123463999585,0.618,0.13,0.125,0.092,0.007,0.002,0.027,0.306,0.11,0.011,0.323,0.009,0.223,0.054
8802,1867,1779,1307,100,31,376,2020-08-31,2.7668161434977576,0.4281045751633987,0.3869969040247678,0.8363636363636363,0.7777777777777779,0.18181818181818182,0.48148148148148145,23.616446563146585,3.723583647105587,3.295425340002175,7.109203622876275,6.648069357446147,1.6861921370249773,4.166123463999585,0.617,0.131,0.125,0.092,0.007,0.002,0.026,0.306,0.11,0.011,0.323,0.009,0.223,0.054
8884,1882,1807,1326,102,32,376,2020-09-01,2.7668161434977576,0.4281045751633987,0.3869969040247678,0.8363636363636363,0.7777777777777779,0.18181818181818182,0.48148148148148145,23.836458903316775,3.753499959214095,3.3472926303450987,7.212550882887483,6.78103074459507,1.7405854317677185,4.166123463999585,0.617,0.131,0.125,0.092,0.007,0.002,0.026,0.306,0.11,0.011,0.323,0.009,0.223,0.054
8980,1910,1839,1349,107,33,384,2020-09-02,2.7578475336322867,0.4281045751633987,0.39009287925696595,0.8363636363636363,0.7777777777777779,0.18181818181818182,0.48148148148148145,24.094034325955047,3.8093437418166425,3.406569533594154,7.337655460795788,7.113434212467378,1.7949787265104598,4.254764388765534,0.615,0.131,0.126,0.092,0.007,0.002,0.026,0.306,0.11,0.011,0.323,0.009,0.223,0.054
9069,1928,1863,1361,107,33,391,2020-09-03,2.7578475336322867,0.4281045751633987,0.39009287925696595,0.8363636363636363,0.7777777777777779,0.18181818181818182,0.5,24.332828207359277,3.845243316346852,3.4510272110309455,7.402927414487078,7.113434212467378,1.7949787265104598,4.332325197935739,0.615,0.131,0.126,0.092,0.007,0.002,0.027,0.306,0.11,0.011,0.323,0.009,0.223,0.054
9155,1947,1881,1370,107,33,403,2020-09-04,2.7578475336322867,0.4281045751633987,0.39009287925696595,0.8363636363636363,0.7777777777777779,0.18181818181818182,0.5,24.563572856806065,3.883137311684295,3.4843704691085393,7.4518813797555445,7.113434212467378,1.7949787265104598,4.4652865850846615,0.615,0.131,0.126,0.092,0.007,0.002,0.027,0.306,0.11,0.011,0.323,0.009,0.223,0.054
9265,1966,1892,1396,108,34,414,2020-09-05,2.7578475336322867,0.4248366013071896,0.39009287925696595,0.8454545454545455,0.7777777777777779,0.18181818181818182,0.5,24.858711361912416,3.921031307021738,3.504746904600402,7.593303946086672,7.179914906041839,1.849372021253201,4.5871678566378415,0.615,0.13,0.126,0.093,0.007,0.002,0.027,0.306,0.11,0.011,0.323,0.009,0.223,0.054
9319,1971,1909,1398,108,34,424,2020-09-06,2.7578475336322867,0.4248366013071896,0.39009287925696595,0.8363636363636363,0.7777777777777779,0.18181818181818182,0.5185185185185185,25.003597537146447,3.931003411057907,3.536237759451463,7.60418260503522,7.179914906041839,1.849372021253201,4.697969012595277,0.615,0.13,0.126,0.092,0.007,0.002,0.028,0.306,0.11,0.011,0.323,0.009,0.223,0.054
9358,1986,1925,1404,109,34,424,2020-09-07,2.7533632286995515,0.4248366013071896,0.39009287925696595,0.8363636363636363,0.7777777777777779,0.18181818181818182,0.5185185185185185,25.108237552593245,3.960919723166415,3.5658762110759907,7.636818581880864,7.2463955996163,1.849372021253201,4.697969012595277,0.614,0.13,0.126,0.092,0.007,0.002,0.028,0.306,0.11,0.011,0.323,0.009,0.223,0.054
9438,2018,1940,1412,111,34,427,2020-09-08,2.7533632286995515,0.4281045751633987,0.39009287925696595,0.8363636363636363,0.7777777777777779,0.18181818181818182,0.5185185185185185,25.32288373812514,4.024741188997898,3.593662259473985,7.680333217675058,7.379356986765223,1.849372021253201,4.7312093593825075,0.614,0.131,0.126,0.092,0.007,0.002,0.028,0.306,0.11,0.011,0.323,0.009,0.223,0.054
9478,2032,1947,1420,113,33,433,2020-09-09,2.748878923766816,0.4281045751633987,0.39009287925696595,0.8363636363636363,0.7777777777777779,0.18181818181818182,0.5185185185185185,25.430206830891084,4.052663080299172,3.606629082059716,7.72384785346925,7.512318373914146,1.7949787265104598,4.797690052956969,0.613,0.131,0.126,0.092,0.007,0.002,0.028,0.306,0.11,0.011,0.323,0.009,0.223,0.054
9592,2053,1979,1432,113,32,445,2020-09-10,2.748878923766816,0.4281045751633987,0.39009287925696595,0.8363636363636363,0.7777777777777779,0.18181818181818182,0.5185185185185185,25.736077645274033,4.094545917251082,3.6659059853087714,7.78911980716054,7.512318373914146,1.7405854317677185,4.930651440105892,0.613,0.131,0.126,0.092,0.007,0.002,0.028,0.306,0.11,0.011,0.323,0.009,0.223,0.054
9632,2073,2000,1445,114,32,454,2020-09-11,2.7443946188340806,0.43137254901960786,0.3931888544891641,0.8363636363636363,0.7777777777777779,0.18181818181818182,0.5370370370370371,25.84340073803998,4.134434333395759,3.7048064530659643,7.859831090326104,7.578799067488608,1.7405854317677185,5.030372480467585,0.612,0.132,0.127,0.092,0.007,0.002,0.029,0.306,0.11,0.011,0.323,0.009,0.223,0.054
9636,2083,2000,1445,114,32,455,2020-09-12,2.739910313901345,0.43137254901960786,0.3931888544891641,0.8363636363636363,0.7777777777777779,0.18181818181818182,0.5370370370370371,25.854133047316573,4.154378541468097,3.7048064530659643,7.859831090326104,7.578799067488608,1.7405854317677185,5.041452596063328,0.611,0.132,0.127,0.092,0.007,0.002,0.029,0.306,0.11,0.011,0.323,0.009,0.223,0.054
9728,2104,2028,1462,116,32,472,2020-09-13,2.7354260089686098,0.43137254901960786,0.3931888544891641,0.8363636363636363,0.7777777777777779,0.18181818181818182,0.5555555555555556,26.10097616067825,4.196261378420008,3.756673743408888,7.952299691388763,7.71176045463753,1.7405854317677185,5.2298145611909685,0.61,0.132,0.127,0.092,0.007,0.002,0.03,0.306,0.11,0.011,0.323,0.009,0.223,0.054
9728,2113,2029,1464,117,32,472,2020-09-14,2.7354260089686098,0.43137254901960786,0.3931888544891641,0.8363636363636363,0.7777777777777779,0.18181818181818182,0.5555555555555556,26.10097616067825,4.2142111656851124,3.7585261466354205,7.963178350337312,7.778241148211992,1.7405854317677185,5.2298145611909685,0.61,0.132,0.127,0.092,0.007,0.002,0.03,0.306,0.11,0.011,0.323,0.009,0.223,0.054
9797,2126,2036,1467,119,32,475,2020-09-15,2.7354260089686098,0.43137254901960786,0.3931888544891641,0.8272727272727273,0.7777777777777779,0.18181818181818182,0.5555555555555556,26.28610849569951,4.240138636179153,3.7714929692211516,7.979496338760134,7.911202535360915,1.7405854317677185,5.2630549079782,0.61,0.132,0.127,0.091,0.007,0.002,0.03,0.306,0.11,0.011,0.323,0.009,0.223,0.054
9863,2139,2058,1467,119,32,487,2020-09-16,2.7354260089686098,0.43137254901960786,0.3931888544891641,0.8272727272727273,0.7777777777777779,0.18181818181818182,0.5555555555555556,26.46319159876332,4.266066106673192,3.812245840204877,7.979496338760134,7.911202535360915,1.7405854317677185,5.396016295127122,0.61,0.132,0.127,0.091,0.007,0.002,0.03,0.306,0.11,0.011,0.323,0.009,0.223,0.054
9867,2142,2058,1467,119,32,488,2020-09-17,2.7354260089686098,0.43137254901960786,0.3931888544891641,0.8272727272727273,0.7777777777777779,0.18181818181818182,0.5555555555555556,26.473923908039914,4.272049369094894,3.812245840204877,7.979496338760134,7.911202535360915,1.7405854317677185,5.407096410722866,0.61,0.132,0.127,0.091,0.007,0.002,0.03,0.306,0.11,0.011,0.323,0.009,0.223,0.054
10045,2174,2103,1482,120,32,499,2020-09-18,2.7354260089686098,0.43137254901960786,0.39628482972136225,0.8181818181818181,0.7777777777777779,0.18181818181818182,0.5555555555555556,26.95151167084838,4.335870834926378,3.8956039853988615,8.061086280874246,7.977683228935376,1.7405854317677185,5.528977682276045,0.61,0.132,0.128,0.09,0.007,0.002,0.03,0.306,0.11,0.011,0.323,0.009,0.223,0.054
10104,2199,2116,1493,120,32,505,2020-09-19,2.7354260089686098,0.434640522875817,0.39628482972136225,0.8181818181818181,0.7777777777777779,0.18181818181818182,0.5555555555555556,27.10981323267815,4.3857313551072235,3.9196852273437903,8.120918905091262,7.977683228935376,1.7405854317677185,5.595458375850507,0.61,0.133,0.128,0.09,0.007,0.002,0.03,0.306,0.11,0.011,0.323,0.009,0.223,0.054
10133,2205,2135,1500,122,33,515,2020-09-20,2.7309417040358746,0.43137254901960786,0.39628482972136225,0.8181818181818181,0.7777777777777779,0.18181818181818182,0.5740740740740741,27.187622474933463,4.397697879950626,3.9548808886479168,8.15899421141118,8.110644616084299,1.7949787265104598,5.706259531807943,0.609,0.132,0.128,0.09,0.007,0.002,0.031,0.306,0.11,0.011,0.323,0.009,0.223,0.054
10147,2219,2140,1503,122,33,515,2020-09-21,2.726457399103139,0.434640522875817,0.39628482972136225,0.8181818181818181,0.7777777777777779,0.18181818181818182,0.5740740740740741,27.225185557401545,4.425619771251901,3.964142904780582,8.175312199834002,8.110644616084299,1.7949787265104598,5.706259531807943,0.608,0.133,0.128,0.09,0.007,0.002,0.031,0.306,0.11,0.011,0.323,0.009,0.223,0.054
10187,2233,2148,1513,122,33,516,2020-09-22,2.726457399103139,0.434640522875817,0.39628482972136225,0.8181818181818181,0.7777777777777779,0.18181818181818182,0.5740740740740741,27.33250865016749,4.4535416625531745,3.9789621305928455,8.229705494576743,8.110644616084299,1.7949787265104598,5.717339647403686,0.608,0.133,0.128,0.09,0.007,0.002,0.031,0.306,0.11,0.011,0.323,0.009,0.223,0.054
10282,2248,2158,1521,122,33,521,2020-09-23,2.7309417040358746,0.434640522875817,0.39628482972136225,0.8181818181818181,0.7777777777777779,0.18181818181818182,0.5740740740740741,27.587400995486615,4.483457974661682,3.9974861628581753,8.273220130370937,8.110644616084299,1.7949787265104598,5.772740225382404,0.609,0.133,0.128,0.09,0.007,0.002,0.031,0.306,0.11,0.011,0.323,0.009,0.223,0.054
10369,2255,2165,1529,122,33,524,2020-09-24,2.7354260089686098,0.434640522875817,0.3931888544891641,0.8181818181818181,0.7777777777777779,0.18181818181818182,0.5740740740740741,27.820828722252546,4.4974189203123185,4.010452985443906,8.31673476616513,8.110644616084299,1.7949787265104598,5.805980572169634,0.61,0.133,0.127,0.09,0.007,0.002,0.031,0.306,0.11,0.011,0.323,0.009,0.223,0.054
10415,2260,2170,1535,122,33,524,2020-09-25,2.739910313901345,0.43137254901960786,0.3931888544891641,0.8181818181818181,0.7777777777777779,0.18181818181818182,0.5740740740740741,27.944250278933385,4.507391024348488,4.0197150015765715,8.349370743010775,8.110644616084299,1.7949787265104598,5.805980572169634,0.611,0.132,0.127,0.09,0.007,0.002,0.031,0.306,0.11,0.011,0.323,0.009,0.223,0.054
10460,2278,2179,1544,123,33,526,2020-09-26,2.7354260089686098,0.434640522875817,0.3931888544891641,0.8181818181818181,0.7777777777777779,0.18181818181818182,0.5740740740740741,28.064988758295076,4.543290598878698,4.036386630615368,8.398324708279242,8.177125309658761,1.7949787265104598,5.828140803361122,0.61,0.133,0.127,0.09,0.007,0.002,0.031,0.306,0.11,0.011,0.323,0.009,0.223,0.054
10482,2285,2193,1548,123,33,533,2020-09-27,2.7354260089686098,0.434640522875817,0.39628482972136225,0.8181818181818181,0.7777777777777779,0.18181818181818182,0.5740740740740741,28.124016459316348,4.5572515445293345,4.0623202757868295,8.420082026176338,8.177125309658761,1.7949787265104598,5.905701612531327,0.61,0.133,0.128,0.09,0.007,0.002,0.031,0.306,0.11,0.011,0.323,0.009,0.223,0.054
10488,2294,2202,1549,123,33,532,2020-09-28,2.7309417040358746,0.434640522875817,0.39628482972136225,0.8181818181818181,0.7777777777777779,0.18181818181818182,0.5740740740740741,28.14011492323124,4.575201331794439,4.078991904825626,8.425521355650613,8.177125309658761,1.7949787265104598,5.894621496935583,0.609,0.133,0.128,0.09,0.007,0.002,0.031,0.306,0.11,0.011,0.323,0.009,0.223,0.054
10516,2307,2210,1558,123,33,532,2020-09-29,2.7309417040358746,0.4379084967320262,0.39628482972136225,0.8181818181818181,0.7777777777777779,0.18181818181818182,0.5740740740740741,28.215241088167403,4.601128802288478,4.09381113063789,8.47447532091908,8.177125309658761,1.7949787265104598,5.894621496935583,0.609,0.134,0.128,0.09,0.007,0.002,0.031,0.306,0.11,0.011,0.323,0.009,0.223,0.054
10634,2321,2233,1567,126,33,541,2020-09-30,2.7309417040358746,0.434640522875817,0.39628482972136225,0.8181818181818181,0.7777777777777779,0.18181818181818182,0.5740740740740741,28.531844211826947,4.629050693589752,4.136416404848149,8.523429286187547,8.376567390382146,1.7949787265104598,5.994342537297276,0.609,0.133,0.128,0.09,0.007,0.002,0.031,0.306,0.11,0.011,0.323,0.009,0.223,0.054
10700,2337,2253,1573,128,35,543,2020-10-01,2.7309417040358746,0.434640522875817,0.39628482972136225,0.8181818181818181,0.7777777777777779,0.18181818181818182,0.5740740740740741,28.708927314890758,4.660961426505494,4.173464469378809,8.55606526303319,8.509528777531068,1.9037653159959422,6.016502768488762,0.609,0.133,0.128,0.09,0.007,0.002,0.031,0.306,0.11,0.011,0.323,0.009,0.223,0.054
10747,2348,2267,1581,128,37,544,2020-10-02,2.7309417040358746,0.434640522875817,0.39628482972136225,0.8181818181818181,0.7777777777777779,0.18181818181818182,0.5740740740740741,28.835031948890745,4.682900055385066,4.19939811455027,8.599579898827384,8.509528777531068,2.0125519054814247,6.027582884084506,0.609,0.133,0.128,0.09,0.007,0.002,0.031,0.306,0.11,0.011,0.323,0.009,0.223,0.054
10798,2362,2275,1586,129,37,545,2020-10-03,2.7309417040358746,0.434640522875817,0.39628482972136225,0.8090909090909091,0.7777777777777779,0.18181818181818182,0.5740740740740741,28.971868892167326,4.71082194668634,4.214217340362534,8.626776546198755,8.57600947110553,2.0125519054814247,6.03866299968025,0.609,0.133,0.128,0.089,0.007,0.002,0.031,0.306,0.11,0.011,0.323,0.009,0.223,0.054
10834,2371,2287,1593,129,37,549,2020-10-04,2.7309417040358746,0.434640522875817,0.39628482972136225,0.8090909090909091,0.7777777777777779,0.18181818181818182,0.5740740740740741,29.06845967565668,4.728771733951445,4.2364461790809305,8.664851852518673,8.57600947110553,2.0125519054814247,6.082983462063224,0.609,0.133,0.128,0.089,0.007,0.002,0.031,0.306,0.11,0.011,0.323,0.009,0.223,0.054
10844,2382,2290,1596,129,37,550,2020-10-05,2.726457399103139,0.4379084967320262,0.39628482972136225,0.8181818181818181,0.7777777777777779,0.18181818181818182,0.5740740740740741,29.095290448848164,4.7507103628310166,4.242003388760529,8.681169840941495,8.57600947110553,2.0125519054814247,6.094063577658968,0.608,0.134,0.128,0.09,0.007,0.002,0.031,0.306,0.11,0.011,0.323,0.009,0.223,0.054
10872,2398,2299,1601,130,37,552,2020-10-06,2.726457399103139,0.4379084967320262,0.3993808049535604,0.8090909090909091,0.7777777777777779,0.18181818181818182,0.5740740740740741,29.17041661378433,4.782621095746759,4.258675017799326,8.708366488312866,8.642490164679991,2.0125519054814247,6.116223808850455,0.608,0.134,0.129,0.089,0.007,0.002,0.031,0.306,0.11,0.011,0.323,0.009,0.223,0.054
10952,2405,2304,1611,130,37,558,2020-10-07,2.7309417040358746,0.4379084967320262,0.39628482972136225,0.8181818181818181,0.7777777777777779,0.18181818181818182,0.5740740740740741,29.385062799316223,4.796582041397396,4.26793703393199,8.762759783055607,8.642490164679991,2.0125519054814247,6.182704502424916,0.609,0.134,0.128,0.09,0.007,0.002,0.031,0.306,0.11,0.011,0.323,0.009,0.223,0.054
11029,2423,2312,1617,131,37,562,2020-10-08,2.7309417040358746,0.4379084967320262,0.39628482972136225,0.8090909090909091,0.7777777777777779,0.18181818181818182,0.5740740740740741,29.59165975289067,4.8324816159276045,4.282756259744255,8.795395759901252,8.708970858254453,2.0125519054814247,6.227024964807891,0.609,0.134,0.128,0.089,0.007,0.002,0.031,0.306,0.11,0.011,0.323,0.009,0.223,0.054
11030,2425,2312,1618,131,37,562,2020-10-09,2.7309417040358746,0.4379084967320262,0.39628482972136225,0.8090909090909091,0.7777777777777779,0.18181818181818182,0.5740740740740741,29.59434283020982,4.836470457542072,4.282756259744255,8.800835089375527,8.708970858254453,2.0125519054814247,6.227024964807891,0.609,0.134,0.128,0.089,0.007,0.002,0.031,0.306,0.11,0.011,0.323,0.009,0.223,0.054
11129,2451,2335,1635,133,37,568,2020-10-10,2.7309417040358746,0.4379084967320262,0.39628482972136225,0.8090909090909091,0.7777777777777779,0.18181818181818182,0.5740740740740741,29.859967484805537,4.888325398530152,4.3253615339545135,8.893303690438186,8.841932245403376,2.0125519054814247,6.293505658382352,0.609,0.134,0.128,0.089,0.007,0.002,0.031,0.306,0.11,0.011,0.323,0.009,0.223,0.054
11168,2465,2346,1637,133,37,571,2020-10-11,2.726457399103139,0.4379084967320262,0.39628482972136225,0.8090909090909091,0.7777777777777779,0.18181818181818182,0.5740740740740741,29.964607500252335,4.916247289831426,4.345737969446376,8.904182349386735,8.841932245403376,2.0125519054814247,6.326746005169583,0.608,0.134,0.128,0.089,0.007,0.002,0.031,0.306,0.11,0.011,0.323,0.009,0.223,0.054
11184,2472,2352,1639,133,39,574,2020-10-12,2.726457399103139,0.4379084967320262,0.39628482972136225,0.8090909090909091,0.7777777777777779,0.18181818181818182,0.5740740740740741,30.007536737358713,4.930208235482063,4.356852388805574,8.915061008335282,8.841932245403376,2.121338494966907,6.359986351956813,0.608,0.134,0.128,0.089,0.007,0.002,0.031,0.306,0.11,0.011,0.323,0.009,0.223,0.054
11230,2484,2359,1640,134,39,573,2020-10-13,2.726457399103139,0.44117647058823534,0.39628482972136225,0.8090909090909091,0.7777777777777779,0.18181818181818182,0.5740740740740741,30.13095829403955,4.954141285168869,4.369819211391305,8.920500337809557,8.908412938977838,2.121338494966907,6.34890623636107,0.608,0.135,0.128,0.089,0.007,0.002,0.031,0.306,0.11,0.011,0.323,0.009,0.223,0.054
11299,2493,2368,1642,134,40,576,2020-10-14,2.7309417040358746,0.4379084967320262,0.39628482972136225,0.8090909090909091,0.7777777777777779,0.18181818181818182,0.5740740740740741,30.31609062906081,4.972091072433973,4.386490840430102,8.931378996758106,8.908412938977838,2.175731789709648,6.382146583148301,0.609,0.134,0.128,0.089,0.007,0.002,0.031,0.306,0.11,0.011,0.323,0.009,0.223,0.054
11333,2494,2369,1643,134,40,587,2020-10-15,2.7309417040358746,0.4379084967320262,0.3931888544891641,0.7999999999999999,0.7777777777777779,0.18181818181818182,0.5925925925925926,30.407315257911865,4.9740854932412075,4.388343243656634,8.936818326232379,8.908412938977838,2.175731789709648,6.50402785470148,0.609,0.134,0.127,0.088,0.007,0.002,0.032,0.306,0.11,0.011,0.323,0.009,0.223,0.054
11359,2490,2373,1649,134,40,590,2020-10-16,2.7354260089686098,0.4379084967320262,0.3931888544891641,0.7999999999999999,0.7777777777777779,0.18181818181818182,0.5925925925925926,30.47707526820973,4.966107810012272,4.395752856562766,8.969454303078024,8.908412938977838,2.175731789709648,6.537268201488711,0.61,0.134,0.127,0.088,0.007,0.002,0.032,0.306,0.11,0.011,0.323,0.009,0.223,0.054
11402,2497,2378,1652,136,39,593,2020-10-17,2.7354260089686098,0.4379084967320262,0.3931888544891641,0.7999999999999999,0.7777777777777779,0.18181818181818182,0.5925925925925926,30.592447592933123,4.980068755662909,4.405014872695431,8.985772291500846,9.04137432612676,2.121338494966907,6.570508548275941,0.61,0.134,0.127,0.088,0.007,0.002,0.032,0.306,0.11,0.011,0.323,0.009,0.223,0.054
11465,2527,2398,1658,135,39,598,2020-10-18,2.7309417040358746,0.4379084967320262,0.3931888544891641,0.7999999999999999,0.7777777777777779,0.18181818181818182,0.5925925925925926,30.761481464039488,5.039901379879924,4.442062937226091,9.01840826834649,8.974893632552298,2.121338494966907,6.625909126254659,0.609,0.134,0.127,0.088,0.007,0.002,0.032,0.306,0.11,0.011,0.323,0.009,0.223,0.054
11568,2544,2415,1665,135,39,602,2020-10-20,2.7354260089686098,0.4379084967320262,0.3931888544891641,0.7999999999999999,0.7777777777777779,0.18181818181818182,0.5925925925925926,31.0378384279118,5.0738065336029,4.473553792077152,9.05648357466641,8.974893632552298,2.121338494966907,6.670229588637634,0.61,0.134,0.127,0.088,0.007,0.002,0.032,0.306,0.11,0.011,0.323,0.009,0.223,0.054
11721,2570,2439,1679,136,39,617,2020-10-22,2.7354260089686098,0.4379084967320262,0.3931888544891641,0.7909090909090909,0.7777777777777779,0.18181818181818182,0.5925925925925926,31.448349257741548,5.12566147459098,4.518011469513944,9.132634187306248,9.04137432612676,2.121338494966907,6.836431322573787,0.61,0.134,0.127,0.087,0.007,0.002,0.032,0.306,0.11,0.011,0.323,0.009,0.223,0.054
11869,2614,2471,1693,137,40,637,2020-10-25,2.7354260089686098,0.4379084967320262,0.3931888544891641,0.7909090909090909,0.7777777777777779,0.18181818181818182,0.6111111111111112,31.845444700975552,5.213415990109269,4.5772883727629985,9.208784799946086,9.107855019701221,2.175731789709648,7.058033634488659,0.61,0.134,0.127,0.087,0.007,0.002,0.033,0.306,0.11,0.011,0.323,0.009,0.223,0.054
11903,2644,2483,1702,137,40,636,2020-10-27,2.7309417040358746,0.44117647058823534,0.3931888544891641,0.7909090909090909,0.7777777777777779,0.18181818181818182,0.6111111111111112,31.936669329826607,5.273248614326284,4.599517211481395,9.257738765214553,9.107855019701221,2.175731789709648,7.0469535188929155,0.609,0.135,0.127,0.087,0.007,0.002,0.033,0.306,0.11,0.011,0.323,0.009,0.223,0.054
12009,2670,2501,1711,142,41,650,2020-10-29,2.7309417040358746,0.44117647058823534,0.3931888544891641,0.7909090909090909,0.7777777777777779,0.18181818181818182,0.6111111111111112,32.22107552565637,5.325103555314364,4.632860469558988,9.30669273048302,9.440258487573528,2.230125084452389,7.202075137233326,0.609,0.135,0.127,0.087,0.007,0.002,0.033,0.306,0.11,0.011,0.323,0.009,0.223,0.054
12164,2751,2532,1738,143,41,663,2020-10-31,2.7219730941704037,0.4477124183006536,0.39009287925696595,0.7909090909090909,0.7777777777777779,0.18181818181818182,0.6111111111111112,32.63695251012441,5.486651640700305,4.69028496958151,9.45355462628842,9.50673918114799,2.230125084452389,7.346116639977992,0.607,0.137,0.126,0.087,0.007,0.002,0.033,0.306,0.11,0.011,0.323,0.009,0.223,0.054
12164,2751,2532,1738,143,41,663,2020-11-01,2.7219730941704037,0.4477124183006536,0.39009287925696595,0.7909090909090909,0.7777777777777779,0.18181818181818182,0.6111111111111112,32.63695251012441,5.486651640700305,4.69028496958151,9.45355462628842,9.50673918114799,2.230125084452389,7.346116639977992,0.607,0.137,0.126,0.087,0.007,0.002,0.033,0.306,0.11,0.011,0.323,0.009,0.223,0.054
12201,2773,2545,1754,143,41,664,2020-11-03,2.717488789237668,0.4509803921568628,0.39009287925696595,0.7909090909090909,0.7777777777777779,0.18181818181818182,0.6111111111111112,32.73622637093291,5.53052889845945,4.714366211526439,9.540583897876807,9.50673918114799,2.230125084452389,7.357196755573735,0.606,0.138,0.126,0.087,0.007,0.002,0.033,0.306,0.11,0.011,0.323,0.009,0.223,0.054
12379,2820,2580,1766,146,40,680,2020-11-05,2.717488789237668,0.4509803921568628,0.39009287925696595,0.7909090909090909,0.7777777777777779,0.18181818181818182,0.6111111111111112,33.21381413374137,5.624266676399441,4.779200324455094,9.605855851568096,9.706181261871375,2.175731789709648,7.534478605105633,0.606,0.138,0.126,0.087,0.007,0.002,0.033,0.306,0.11,0.011,0.323,0.009,0.223,0.054
12537,2885,2639,1803,150,41,709,2020-11-08,2.708520179372197,0.45424836601307195,0.3931888544891641,0.7909090909090909,0.7777777777777779,0.18181818181818182,0.6296296296296297,33.637740350166865,5.75390402886964,4.88849211482054,9.807111042116238,9.97210403616922,2.230125084452389,7.855801957382196,0.604,0.139,0.127,0.087,0.007,0.002,0.034,0.306,0.11,0.011,0.323,0.009,0.223,0.054
12616,2918,2665,1822,151,41,711,2020-11-10,2.704035874439462,0.45424836601307195,0.3931888544891641,0.7909090909090909,0.7777777777777779,0.18181818181818182,0.6296296296296297,33.84970345837961,5.819719915508357,4.936654598710398,9.910458302127447,10.038584729743683,2.230125084452389,7.877962188573684,0.603,0.139,0.127,0.087,0.007,0.002,0.034,0.306,0.11,0.011,0.323,0.009,0.223,0.054
12764,2949,2707,1852,154,42,737,2020-11-11,2.6995515695067263,0.45424836601307195,0.39628482972136225,0.7909090909090909,0.7777777777777779,0.18181818181818182,0.6481481481481483,34.24679890161361,5.8815469605326065,5.0144555342247825,10.073638186355671,10.238026810467067,2.2845183791951307,8.166045194063017,0.602,0.139,0.128,0.087,0.007,0.002,0.035,0.306,0.11,0.011,0.323,0.009,0.223,0.054
12764,2949,2707,1852,154,42,737,2020-11-12,2.6995515695067263,0.45424836601307195,0.39628482972136225,0.7909090909090909,0.7777777777777779,0.18181818181818182,0.6481481481481483,34.24679890161361,5.8815469605326065,5.0144555342247825,10.073638186355671,10.238026810467067,2.2845183791951307,8.166045194063017,0.602,0.139,0.128,0.087,0.007,0.002,0.035,0.306,0.11,0.011,0.323,0.009,0.223,0.054
12932,3044,2770,1889,159,44,763,2020-11-15,2.68609865470852,0.46078431372549017,0.39628482972136225,0.7909090909090909,0.7777777777777779,0.18181818181818182,0.6481481481481483,34.697555891230586,6.071016937219822,5.13115693749636,10.274893376903814,10.570430278339375,2.393304968680613,8.45412819955235,0.599,0.141,0.128,0.087,0.007,0.002,0.035,0.306,0.11,0.011,0.323,0.009,0.223,0.054
13045,3141,2823,1922,163,45,764,2020-11-16,2.6726457399103136,0.46732026143790845,0.3993808049535604,0.7999999999999999,0.7777777777777779,0.18181818181818182,0.6481481481481483,35.00074362829439,6.264475755521505,5.229334308502609,10.454391249554858,10.83635305263722,2.447698263423354,8.465208315148093,0.596,0.143,0.129,0.088,0.007,0.002,0.035,0.306,0.11,0.011,0.323,0.009,0.223,0.054
13143,3179,2846,1938,164,45,784,2020-11-17,2.6681614349775784,0.47058823529411764,0.3993808049535604,0.7999999999999999,0.7777777777777779,0.18181818181818182,0.6481481481481483,35.26368520557096,6.340263746196391,5.271939582712867,10.541420521143245,10.902833746211682,2.447698263423354,8.686810627062965,0.595,0.144,0.129,0.088,0.007,0.002,0.035,0.306,0.11,0.011,0.323,0.009,0.223,0.054
13290,3208,2865,1956,165,46,795,2020-11-18,2.6681614349775784,0.47058823529411764,0.39628482972136225,0.7999999999999999,0.7777777777777779,0.18181818181818182,0.6666666666666666,35.65809757148581,6.398101949606172,5.307135244016994,10.639328451680178,10.969314439786142,2.5020915581660956,8.808691898616145,0.595,0.144,0.128,0.088,0.007,0.002,0.036,0.306,0.11,0.011,0.323,0.009,0.223,0.054
13290,3208,2865,1956,165,46,795,2020-11-19,2.6681614349775784,0.47058823529411764,0.39628482972136225,0.7999999999999999,0.7777777777777779,0.18181818181818182,0.6666666666666666,35.65809757148581,6.398101949606172,5.307135244016994,10.639328451680178,10.969314439786142,2.5020915581660956,8.808691898616145,0.595,0.144,0.128,0.088,0.007,0.002,0.036,0.306,0.11,0.011,0.323,0.009,0.223,0.054
13544,3303,2938,2004,171,48,837,2020-11-22,2.6591928251121075,0.4738562091503268,0.3993808049535604,0.7999999999999999,0.7777777777777779,0.18181818181818182,0.6851851851851851,36.33959921054957,6.587571926293387,5.442360679553901,10.900416266445337,11.368198601232912,2.6108781476515777,9.274056753637375,0.593,0.145,0.129,0.088,0.007,0.002,0.037,0.306,0.11,0.011,0.323,0.009,0.223,0.054
13749,3369,2980,2044,172,49,843,2020-11-23,2.654708520179372,0.4738562091503268,0.39628482972136225,0.7999999999999999,0.7777777777777779,0.18181818181818182,0.6666666666666666,36.88963006097505,6.719203699570821,5.520161615068287,11.1179894454163,11.434679294807372,2.665271442394319,9.340537447211837,0.592,0.145,0.128,0.088,0.007,0.002,0.036,0.306,0.11,0.011,0.323,0.009,0.223,0.054
13749,3369,2980,2044,172,49,843,2020-11-24,2.654708520179372,0.4738562091503268,0.39628482972136225,0.7999999999999999,0.7777777777777779,0.18181818181818182,0.6666666666666666,36.88963006097505,6.719203699570821,5.520161615068287,11.1179894454163,11.434679294807372,2.665271442394319,9.340537447211837,0.592,0.145,0.128,0.088,0.007,0.002,0.036,0.306,0.11,0.011,0.323,0.009,0.223,0.054
13885,3410,3026,2076,178,49,866,2020-11-26,2.6502242152466366,0.4738562091503268,0.3993808049535604,0.7999999999999999,0.888888888888889,0.18181818181818182,0.6851851851851851,37.254528576379265,6.800974952667409,5.605372163488804,11.292047988593072,11.833563456254142,2.665271442394319,9.595380105913938,0.591,0.145,0.129,0.088,0.008,0.002,0.037,0.306,0.11,0.011,0.323,0.009,0.223,0.054
