Hispanic,Multi-Race,White,Asian/Pacific Islander,American Indian/Alaska Native,Black,date,Asian,Native Hawaiian/Pacific Islander,Hispanic_discrepancy,Multi-Race_discrepancy,White_discrepancy,Asian/Pacific Islander_discrepancy,American Indian/Alaska Native_discrepancy,Black_discrepancy,Asian_discrepancy,Native Hawaiian/Pacific Islander_discrepancy,Hispanic_rates,Multi-Race_rates,White_rates,Asian/Pacific Islander_rates,American Indian/Alaska Native_rates,Black_rates,Asian_rates,Native Hawaiian/Pacific Islander_rates,Hispanic_covidperc,Multi-Race_covidperc,White_covidperc,Asian/Pacific Islander_covidperc,American Indian/Alaska Native_covidperc,Black_covidperc,Asian_covidperc,Native Hawaiian/Pacific Islander_covidperc,Hispanic_demperc,Multi-Race_demperc,White_demperc,Asian/Pacific Islander_demperc,Asian_demperc,American Indian/Alaska Native_demperc,Black_demperc,Native Hawaiian/Pacific Islander_demperc
4851,57,1446,370.0,19,338,2020-06-14,,,1.37,0.222222222222222,0.5982404692082111,0.6842105263157899,0.157894736842105,0.657534246575343,,,3.9270671341476695,0.6408839719371079,1.71640973623286,1.97058506606701,0.404768824381331,1.87413510466973,,,0.685,0.008,0.204,0.052000000000000005,0.003,0.048,,,0.5,0.036000000000000004,0.341,0.076,0.07200000000000001,0.019,0.073,0.004
5094,55,1494,378.0,20,344,2020-06-15,,,1.38,0.19444444444444395,0.592375366568915,0.671052631578947,0.157894736842105,0.643835616438356,,,4.123784782797,0.6183968150270339,1.77338599303727,2.01319231073873,0.42607244671719,1.90740377516682,,,0.69,0.006999999999999999,0.20199999999999999,0.051,0.003,0.047,,,0.5,0.036000000000000004,0.341,0.076,0.07200000000000001,0.019,0.073,0.004
5204,56,1527,382.0,20,349,2020-06-16,,,1.38,0.19444444444444395,0.595307917888563,0.671052631578947,0.157894736842105,0.6301369863013699,,,4.21283392416089,0.629640393482071,1.8125571695903,2.0344959330745898,0.42607244671719,1.93512766724773,,,0.69,0.006999999999999999,0.203,0.051,0.003,0.046,,,0.5,0.036000000000000004,0.341,0.076,0.07200000000000001,0.019,0.073,0.004
5371,57,1544,390.0,21,354,2020-06-17,,,1.3880000000000001,0.19444444444444395,0.586510263929619,0.657894736842105,0.157894736842105,0.6301369863013699,,,4.34802671150426,0.6408839719371079,1.8327362605418602,2.0771031777463,0.44737606905305,1.96285155932865,,,0.6940000000000001,0.006999999999999999,0.2,0.05,0.003,0.046,,,0.5,0.036000000000000004,0.341,0.076,0.07200000000000001,0.019,0.073,0.004
5515,60,1561,397.0,21,366,2020-06-18,,,1.392,0.222222222222222,0.577712609970674,0.657894736842105,0.157894736842105,0.6301369863013699,,,4.46460013292608,0.674614707302219,1.85291535149342,2.11438451683406,0.44737606905305,2.0293889003228403,,,0.696,0.008,0.19699999999999998,0.05,0.003,0.046,,,0.5,0.036000000000000004,0.341,0.076,0.07200000000000001,0.019,0.073,0.004
5746,63,1586,403.0,21,373,2020-06-19,,,1.402,0.222222222222222,0.56891495601173,0.6447368421052629,0.157894736842105,0.6301369863013699,,,4.65160332979026,0.7083454426673291,1.8825904852457198,2.14633995033785,0.44737606905305,2.06820234923612,,,0.701,0.008,0.19399999999999998,0.049,0.003,0.046,,,0.5,0.036000000000000004,0.341,0.076,0.07200000000000001,0.019,0.073,0.004
5746,63,1586,403.0,21,373,2020-06-20,,,1.402,0.222222222222222,0.56891495601173,0.6447368421052629,0.157894736842105,0.6301369863013699,,,4.65160332979026,0.7083454426673291,1.8825904852457198,2.14633995033785,0.44737606905305,2.06820234923612,,,0.701,0.008,0.19399999999999998,0.049,0.003,0.046,,,0.5,0.036000000000000004,0.341,0.076,0.07200000000000001,0.019,0.073,0.004
5746,63,1586,403.0,21,373,2020-06-21,,,1.402,0.222222222222222,0.56891495601173,0.6447368421052629,0.157894736842105,0.6301369863013699,,,4.65160332979026,0.7083454426673291,1.8825904852457198,2.14633995033785,0.44737606905305,2.06820234923612,,,0.701,0.008,0.19399999999999998,0.049,0.003,0.046,,,0.5,0.036000000000000004,0.341,0.076,0.07200000000000001,0.019,0.073,0.004
6082,63,1699,420.0,21,397,2020-06-22,,,1.402,0.19444444444444395,0.574780058651026,0.631578947368421,0.10526315789473699,0.6301369863013699,,,4.92360797977451,0.7083454426673291,2.0167220898061,2.23688034526525,0.44737606905305,2.2012770312245,,,0.701,0.006999999999999999,0.196,0.048,0.002,0.046,,,0.5,0.036000000000000004,0.341,0.076,0.07200000000000001,0.019,0.073,0.004
6257,63,1757,428.0,21,412,2020-06-23,,,1.4,0.19444444444444395,0.577712609970674,0.631578947368421,0.10526315789473699,0.6301369863013699,,,5.065277068307981,0.7083454426673291,2.08556840011143,2.27948758993697,0.44737606905305,2.28444870746724,,,0.7,0.006999999999999999,0.19699999999999998,0.048,0.002,0.046,,,0.5,0.036000000000000004,0.341,0.076,0.07200000000000001,0.019,0.073,0.004
6454,64,1818,,21,423,2020-06-24,395.0,42.0,1.4,0.19444444444444395,0.577712609970674,,0.10526315789473699,0.6301369863013699,0.597222222222222,1.25,5.22475598511422,0.719589021122366,2.1579757264670403,,0.44737606905305,2.3454412700452503,2.2206067448697997,4.25007265600398,0.7,0.006999999999999999,0.19699999999999998,,0.002,0.046,0.043,0.005,0.5,0.036000000000000004,0.341,0.076,0.07200000000000001,0.019,0.073,0.004
6658,64,1852,,22,435,2020-06-25,402.0,42.0,1.406,0.19444444444444395,0.5718475073313779,,0.10526315789473699,0.6301369863013699,0.583333333333333,1.0,5.389901665461809,0.719589021122366,2.19833390837016,,0.46867969138890997,2.41197861103944,2.25995926946243,4.25007265600398,0.703,0.006999999999999999,0.195,,0.002,0.046,0.042,0.004,0.5,0.036000000000000004,0.341,0.076,0.07200000000000001,0.019,0.073,0.004
6871,66,1891,,23,442,2020-06-26,413.0,41.0,1.41,0.19444444444444395,0.56891495601173,,0.10526315789473699,0.616438356164384,0.583333333333333,1.0,5.56233318464825,0.74207617803244,2.2446271170237497,,0.489983313724769,2.45079205995272,2.32179895096514,4.14888044990864,0.705,0.006999999999999999,0.19399999999999998,,0.002,0.045,0.042,0.004,0.5,0.036000000000000004,0.341,0.076,0.07200000000000001,0.019,0.073,0.004
6871,66,1891,,23,442,2020-06-27,413.0,41.0,1.41,0.19444444444444395,0.56891495601173,,0.10526315789473699,0.616438356164384,0.583333333333333,1.0,5.56233318464825,0.74207617803244,2.2446271170237497,,0.489983313724769,2.45079205995272,2.32179895096514,4.14888044990864,0.705,0.006999999999999999,0.19399999999999998,,0.002,0.045,0.042,0.004,0.5,0.036000000000000004,0.341,0.076,0.07200000000000001,0.019,0.073,0.004
6871,66,1891,,23,442,2020-06-28,413.0,41.0,1.41,0.19444444444444395,0.56891495601173,,0.10526315789473699,0.616438356164384,0.583333333333333,1.0,5.56233318464825,0.74207617803244,2.2446271170237497,,0.489983313724769,2.45079205995272,2.32179895096514,4.14888044990864,0.705,0.006999999999999999,0.19399999999999998,,0.002,0.045,0.042,0.004,0.5,0.036000000000000004,0.341,0.076,0.07200000000000001,0.019,0.073,0.004
7074,68,1982,,25,454,2020-06-29,420.0,42.0,1.406,0.19444444444444395,0.577712609970674,,0.10526315789473699,0.616438356164384,0.583333333333333,1.0,5.72666932734707,0.764563334942514,2.35264460388211,,0.532590558396488,2.51732940094691,2.36115147555777,4.25007265600398,0.703,0.006999999999999999,0.19699999999999998,,0.002,0.045,0.042,0.004,0.5,0.036000000000000004,0.341,0.076,0.07200000000000001,0.019,0.073,0.004
7265,68,2043,,25,468,2020-06-30,427.0,45.0,1.406,0.19444444444444395,0.580645161290323,,0.10526315789473699,0.616438356164384,0.569444444444444,1.0,5.88129101826074,0.764563334942514,2.42505193023771,,0.532590558396488,2.5949562987734702,2.40050400015039,4.5536492742899695,0.703,0.006999999999999999,0.198,,0.002,0.045,0.040999999999999995,0.004,0.5,0.036000000000000004,0.341,0.076,0.07200000000000001,0.019,0.073,0.004
7738,71,2172,,28,490,2020-07-02,445.0,48.0,1.4080000000000001,0.166666666666667,0.580645161290323,,0.157894736842105,0.616438356164384,0.555555555555556,1.0,6.26420232612548,0.7982940703076249,2.57817562039956,,0.596501425404067,2.71694142392948,2.5016962062457297,4.857225892575969,0.7040000000000001,0.006,0.198,,0.003,0.045,0.04,0.004,0.5,0.036000000000000004,0.341,0.076,0.07200000000000001,0.019,0.073,0.004
7982,78,2259,,31,504,2020-07-03,449.0,49.0,1.406,0.19444444444444395,0.583577712609971,,0.157894736842105,0.602739726027397,0.555555555555556,1.0,6.46172951242357,0.876999119492884,2.6814450858575603,,0.660412292411646,2.79456832175604,2.5241833631558,4.958418098671309,0.703,0.006999999999999999,0.19899999999999998,,0.003,0.044000000000000004,0.04,0.004,0.5,0.036000000000000004,0.341,0.076,0.07200000000000001,0.019,0.073,0.004
7982,78,2259,,31,504,2020-07-05,449.0,49.0,1.406,0.19444444444444395,0.583577712609971,,0.157894736842105,0.602739726027397,0.555555555555556,1.0,6.46172951242357,0.876999119492884,2.6814450858575603,,0.660412292411646,2.79456832175604,2.5241833631558,4.958418098671309,0.703,0.006999999999999999,0.19899999999999998,,0.003,0.044000000000000004,0.04,0.004,0.5,0.036000000000000004,0.341,0.076,0.07200000000000001,0.019,0.073,0.004
8512,86,2455,,34,542,2020-07-06,465.0,50.0,1.402,0.19444444444444395,0.592375366568915,,0.157894736842105,0.616438356164384,0.527777777777778,1.0,6.89078446626778,0.9669477471331801,2.91409813447556,,0.7243231594192241,3.00526990157098,2.6141319907961003,5.05961030476664,0.701,0.006999999999999999,0.20199999999999999,,0.003,0.045,0.038,0.004,0.5,0.036000000000000004,0.341,0.076,0.07200000000000001,0.019,0.073,0.004
8512,86,2455,,34,542,2020-07-07,465.0,50.0,1.402,0.19444444444444395,0.592375366568915,,0.157894736842105,0.616438356164384,0.527777777777778,1.0,6.89078446626778,0.9669477471331801,2.91409813447556,,0.7243231594192241,3.00526990157098,2.6141319907961003,5.05961030476664,0.701,0.006999999999999999,0.20199999999999999,,0.003,0.045,0.038,0.004,0.5,0.036000000000000004,0.341,0.076,0.07200000000000001,0.019,0.073,0.004
8722,92,2561,,36,567,2020-07-08,475.0,50.0,1.396,0.19444444444444395,0.601173020527859,,0.157894736842105,0.616438356164384,0.527777777777778,1.0,7.06078737250794,1.0344092178634,3.0399207015853,,0.766930404090943,3.14388936197554,2.67034988307128,5.05961030476664,0.698,0.006999999999999999,0.205,,0.003,0.045,0.038,0.004,0.5,0.036000000000000004,0.341,0.076,0.07200000000000001,0.019,0.073,0.004
8990,90,2676,,39,607,2020-07-09,491.0,57.0,1.3880000000000001,0.19444444444444395,0.607038123167155,,0.157894736842105,0.643835616438356,0.527777777777778,1.0,7.27774346237633,1.01192206095333,3.17642631684587,,0.8308412710985219,3.3656804986228503,2.76029851071158,5.7679557474339695,0.6940000000000001,0.006999999999999999,0.207,,0.003,0.047,0.038,0.004,0.5,0.036000000000000004,0.341,0.076,0.07200000000000001,0.019,0.073,0.004
9247,91,2796,,42,627,2020-07-10,508.0,62.0,1.382,0.19444444444444395,0.6129032258064521,,0.157894736842105,0.643835616438356,0.527777777777778,1.25,7.485794638108339,1.02316563940836,3.3188669588568995,,0.8947521381061,3.4765760669465,2.8558689275793903,6.273916777910629,0.691,0.006999999999999999,0.209,,0.003,0.047,0.038,0.005,0.5,0.036000000000000004,0.341,0.076,0.07200000000000001,0.019,0.073,0.004
9247,91,2796,,42,627,2020-07-11,508.0,62.0,1.382,0.19444444444444395,0.6129032258064521,,0.157894736842105,0.643835616438356,0.527777777777778,1.25,7.485794638108339,1.02316563940836,3.3188669588568995,,0.8947521381061,3.4765760669465,2.8558689275793903,6.273916777910629,0.691,0.006999999999999999,0.209,,0.003,0.047,0.038,0.005,0.5,0.036000000000000004,0.341,0.076,0.07200000000000001,0.019,0.073,0.004
9247,91,2796,,42,627,2020-07-12,508.0,62.0,1.382,0.19444444444444395,0.6129032258064521,,0.157894736842105,0.643835616438356,0.527777777777778,1.25,7.485794638108339,1.02316563940836,3.3188669588568995,,0.8947521381061,3.4765760669465,2.8558689275793903,6.273916777910629,0.691,0.006999999999999999,0.209,,0.003,0.047,0.038,0.005,0.5,0.036000000000000004,0.341,0.076,0.07200000000000001,0.019,0.073,0.004
9635,93,2937,,43,657,2020-07-13,524.0,64.0,1.382,0.19444444444444395,0.6158357771260999,,0.157894736842105,0.643835616438356,0.527777777777778,1.25,7.79989524582825,1.0456527963184399,3.48623471321985,,0.9160557604419599,3.6429194194319803,2.94581755521969,6.4763011901012995,0.691,0.006999999999999999,0.21,,0.003,0.047,0.038,0.005,0.5,0.036000000000000004,0.341,0.076,0.07200000000000001,0.019,0.073,0.004
9776,94,3050,,44,690,2020-07-14,536.0,65.0,1.3719999999999999,0.19444444444444395,0.627565982404692,,0.157894736842105,0.657534246575343,0.527777777777778,1.25,7.914040054303791,1.05689637477348,3.62036631778023,,0.9373593827778199,3.8258971071660097,3.0132790259499105,6.57749339619663,0.6859999999999999,0.006999999999999999,0.214,,0.003,0.048,0.038,0.005,0.5,0.036000000000000004,0.341,0.076,0.07200000000000001,0.019,0.073,0.004
9959,96,3157,,44,709,2020-07-15,550.0,70.0,1.3659999999999999,0.19444444444444395,0.6334310850439879,,0.157894736842105,0.6712328767123289,0.527777777777778,1.25,8.06218544402735,1.07938353168355,3.7473758902400602,,0.9373593827778199,3.93124789707348,3.0919840751351697,7.083454426673289,0.6829999999999999,0.006999999999999999,0.21600000000000003,,0.003,0.049,0.038,0.005,0.5,0.036000000000000004,0.341,0.076,0.07200000000000001,0.019,0.073,0.004
10157,101,3257,,44,728,2020-07-16,554.0,75.0,1.3619999999999999,0.19444444444444395,0.6392961876832839,,0.157894736842105,0.6712328767123289,0.513888888888889,1.25,8.222473898482361,1.13560142395873,3.86607642524925,,0.9373593827778199,4.03659868698095,3.1144712320452403,7.5894154571499595,0.6809999999999999,0.006999999999999999,0.218,,0.003,0.049,0.037000000000000005,0.005,0.5,0.036000000000000004,0.341,0.076,0.07200000000000001,0.019,0.073,0.004
10361,103,3302,,43,735,2020-07-17,564.0,74.0,1.364,0.19444444444444395,0.6363636363636359,,0.157894736842105,0.657534246575343,0.513888888888889,1.25,8.387619578829941,1.1580885808688102,3.91949166600339,,0.9160557604419599,4.07541213589423,3.1706891243204303,7.48822325105463,0.682,0.006999999999999999,0.217,,0.003,0.048,0.037000000000000005,0.005,0.5,0.036000000000000004,0.341,0.076,0.07200000000000001,0.019,0.073,0.004
10361,103,3302,,43,735,2020-07-18,564.0,74.0,1.364,0.19444444444444395,0.6363636363636359,,0.157894736842105,0.657534246575343,0.513888888888889,1.25,8.387619578829941,1.1580885808688102,3.91949166600339,,0.9160557604419599,4.07541213589423,3.1706891243204303,7.48822325105463,0.682,0.006999999999999999,0.217,,0.003,0.048,0.037000000000000005,0.005,0.5,0.036000000000000004,0.341,0.076,0.07200000000000001,0.019,0.073,0.004
10361,103,3302,,43,735,2020-07-19,564.0,74.0,1.364,0.19444444444444395,0.6363636363636359,,0.157894736842105,0.657534246575343,0.513888888888889,1.25,8.387619578829941,1.1580885808688102,3.91949166600339,,0.9160557604419599,4.07541213589423,3.1706891243204303,7.48822325105463,0.682,0.006999999999999999,0.217,,0.003,0.048,0.037000000000000005,0.005,0.5,0.036000000000000004,0.341,0.076,0.07200000000000001,0.019,0.073,0.004
10765,110,3452,,46,754,2020-07-20,590.0,77.0,1.364,0.19444444444444395,0.642228739002933,,0.157894736842105,0.657534246575343,0.513888888888889,1.25,8.71467278893006,1.23679363005407,4.09754246851717,,0.979966627449539,4.180762925801701,3.3168556442359103,7.79179986934062,0.682,0.006999999999999999,0.21899999999999997,,0.003,0.048,0.037000000000000005,0.005,0.5,0.036000000000000004,0.341,0.076,0.07200000000000001,0.019,0.073,0.004
10951,112,3509,,48,764,2020-07-21,596.0,79.0,1.364,0.19444444444444395,0.642228739002933,,0.157894736842105,0.657534246575343,0.513888888888889,1.25,8.86524679159991,1.25928078696414,4.16520177347241,,1.02257387212126,4.23621070996352,3.3505863796010202,7.99418428153129,0.682,0.006999999999999999,0.21899999999999997,,0.003,0.048,0.037000000000000005,0.005,0.5,0.036000000000000004,0.341,0.076,0.07200000000000001,0.019,0.073,0.004
11196,113,3591,,51,775,2020-07-22,611.0,80.0,1.364,0.19444444444444395,0.642228739002933,,0.157894736842105,0.643835616438356,0.513888888888889,1.25,9.06358351554677,1.27052436541918,4.26253621217994,,1.08648473912884,4.2972032725415295,3.4349132180138,8.09537648762662,0.682,0.006999999999999999,0.21899999999999997,,0.003,0.047,0.037000000000000005,0.005,0.5,0.036000000000000004,0.341,0.076,0.07200000000000001,0.019,0.073,0.004
11447,113,3660,,52,791,2020-07-23,620.0,81.0,1.3659999999999999,0.19444444444444395,0.6392961876832839,,0.157894736842105,0.643835616438356,0.513888888888889,1.25,9.266777465386198,1.27052436541918,4.34443958133628,,1.1077883614647,4.38591972720045,3.4855093210614596,8.19656869372195,0.6829999999999999,0.006999999999999999,0.218,,0.003,0.047,0.037000000000000005,0.005,0.5,0.036000000000000004,0.341,0.076,0.07200000000000001,0.019,0.073,0.004
11687,115,3726,,53,809,2020-07-24,630.0,84.0,1.3659999999999999,0.19444444444444395,0.6392961876832839,,0.157894736842105,0.643835616438356,0.513888888888889,1.25,9.461066501089231,1.29301152232925,4.42278193444234,,1.1290919838005602,4.48572573869174,3.54172721333665,8.50014531200795,0.6829999999999999,0.006999999999999999,0.218,,0.003,0.047,0.037000000000000005,0.005,0.5,0.036000000000000004,0.341,0.076,0.07200000000000001,0.019,0.073,0.004
11687,115,3726,,53,809,2020-07-25,630.0,84.0,1.3659999999999999,0.19444444444444395,0.6392961876832839,,0.157894736842105,0.643835616438356,0.513888888888889,1.25,9.461066501089231,1.29301152232925,4.42278193444234,,1.1290919838005602,4.48572573869174,3.54172721333665,8.50014531200795,0.6829999999999999,0.006999999999999999,0.218,,0.003,0.047,0.037000000000000005,0.005,0.5,0.036000000000000004,0.341,0.076,0.07200000000000001,0.019,0.073,0.004
11687,115,3726,,53,809,2020-07-26,630.0,84.0,1.3659999999999999,0.19444444444444395,0.6392961876832839,,0.157894736842105,0.643835616438356,0.513888888888889,1.25,9.461066501089231,1.29301152232925,4.42278193444234,,1.1290919838005602,4.48572573869174,3.54172721333665,8.50014531200795,0.6829999999999999,0.006999999999999999,0.218,,0.003,0.047,0.037000000000000005,0.005,0.5,0.036000000000000004,0.341,0.076,0.07200000000000001,0.019,0.073,0.004
12394,121,3968,,60,853,2020-07-28,667.0,88.0,1.3659999999999999,0.19444444444444395,0.642228739002933,,0.157894736842105,0.643835616438356,0.513888888888889,1.25,10.0334096187644,1.3604729930594701,4.7100372291645805,,1.2782173401515702,4.72969598900377,3.74973341475483,8.90491413638928,0.6829999999999999,0.006999999999999999,0.21899999999999997,,0.003,0.047,0.037000000000000005,0.005,0.5,0.036000000000000004,0.341,0.076,0.07200000000000001,0.019,0.073,0.004
12544,122,3993,,61,857,2020-07-29,673.0,88.0,1.368,0.19444444444444395,0.6392961876832839,,0.157894736842105,0.643835616438356,0.513888888888889,1.25,10.154840266078802,1.3717165715145099,4.73971236291688,,1.29952096248743,4.7518751026684996,3.78346415011994,8.90491413638928,0.684,0.006999999999999999,0.218,,0.003,0.047,0.037000000000000005,0.005,0.5,0.036000000000000004,0.341,0.076,0.07200000000000001,0.019,0.073,0.004
12743,122,4035,,63,865,2020-07-30,681.0,88.0,1.37,0.19444444444444395,0.6363636363636359,,0.157894736842105,0.643835616438356,0.513888888888889,1.25,10.3159382581826,1.3717165715145099,4.78956658762074,,1.34212820715915,4.79623332999797,3.82843846394009,8.90491413638928,0.685,0.006999999999999999,0.217,,0.003,0.047,0.037000000000000005,0.005,0.5,0.036000000000000004,0.341,0.076,0.07200000000000001,0.019,0.073,0.004
12969,124,4059,,64,870,2020-08-01,686.0,90.0,1.376,0.19444444444444395,0.63049853372434,,0.157894736842105,0.6301369863013699,0.5,1.25,10.498893766803,1.3942037284245903,4.8180547160229406,,1.36343182949501,4.82395722207888,3.85654741007768,9.10729854857995,0.688,0.006999999999999999,0.215,,0.003,0.046,0.036000000000000004,0.005,0.5,0.036000000000000004,0.341,0.076,0.07200000000000001,0.019,0.073,0.004
12969,124,4059,,64,870,2020-08-02,686.0,90.0,1.376,0.19444444444444395,0.63049853372434,,0.157894736842105,0.6301369863013699,0.5,1.25,10.498893766803,1.3942037284245903,4.8180547160229406,,1.36343182949501,4.82395722207888,3.85654741007768,9.10729854857995,0.688,0.006999999999999999,0.215,,0.003,0.046,0.036000000000000004,0.005,0.5,0.036000000000000004,0.341,0.076,0.07200000000000001,0.019,0.073,0.004
14034,130,4354,,71,950,2020-08-06,728.0,98.0,1.3780000000000001,0.166666666666667,0.627565982404692,,0.157894736842105,0.643835616438356,0.5,1.25,11.3610513627352,1.46166519915481,5.168221294300049,,1.51255718584603,5.267539495373491,4.09266255763346,9.91683619734261,0.6890000000000001,0.006,0.214,,0.003,0.047,0.036000000000000004,0.005,0.5,0.036000000000000004,0.341,0.076,0.07200000000000001,0.019,0.073,0.004
14361,132,4418,,71,963,2020-08-07,746.0,103.0,1.382,0.166666666666667,0.621700879765396,,0.157894736842105,0.6301369863013699,0.5,1.25,11.625770173880598,1.48415235606488,5.244189636705929,,1.51255718584603,5.33962161478386,4.19385476372879,10.4227972278193,0.691,0.006,0.212,,0.003,0.046,0.036000000000000004,0.005,0.5,0.036000000000000004,0.341,0.076,0.07200000000000001,0.019,0.073,0.004
14361,132,4418,,71,963,2020-08-08,746.0,103.0,1.382,0.166666666666667,0.621700879765396,,0.157894736842105,0.6301369863013699,0.5,1.25,11.625770173880598,1.48415235606488,5.244189636705929,,1.51255718584603,5.33962161478386,4.19385476372879,10.4227972278193,0.691,0.006,0.212,,0.003,0.046,0.036000000000000004,0.005,0.5,0.036000000000000004,0.341,0.076,0.07200000000000001,0.019,0.073,0.004
15408,143,4708,,76,1051,2020-08-12,796.0,110.0,1.382,0.166666666666667,0.6187683284457479,,0.157894736842105,0.643835616438356,0.5,1.25,12.4733560921351,1.60783171907029,5.588421188232571,,1.61907529752532,5.82756211540793,4.47494422510472,11.1311426704866,0.691,0.006,0.21100000000000002,,0.003,0.047,0.036000000000000004,0.005,0.5,0.036000000000000004,0.341,0.076,0.07200000000000001,0.019,0.073,0.004
15726,144,4789,,79,1073,2020-08-13,810.0,112.0,1.3840000000000001,0.166666666666667,0.6187683284457479,,0.157894736842105,0.643835616438356,0.5,1.25,12.7307890644416,1.61907529752532,5.68456862159001,,1.6829861645328998,5.949547240563951,4.55364927428998,11.3335270826773,0.6920000000000001,0.006,0.21100000000000002,,0.003,0.047,0.036000000000000004,0.005,0.5,0.036000000000000004,0.341,0.076,0.07200000000000001,0.019,0.073,0.004
16079,144,4871,,79,1112,2020-08-14,824.0,120.0,1.3840000000000001,0.166666666666667,0.6158357771260999,,0.157894736842105,0.657534246575343,0.48611111111111105,1.25,13.0165558544548,1.61907529752532,5.78190306029755,,1.6829861645328998,6.16579359879507,4.63235432347523,12.1430647314399,0.6920000000000001,0.006,0.21,,0.003,0.048,0.035,0.005,0.5,0.036000000000000004,0.341,0.076,0.07200000000000001,0.019,0.073,0.004
16079,144,4871,,79,1112,2020-08-15,824.0,120.0,1.3840000000000001,0.166666666666667,0.6158357771260999,,0.157894736842105,0.657534246575343,0.48611111111111105,1.25,13.0165558544548,1.61907529752532,5.78190306029755,,1.6829861645328998,6.16579359879507,4.63235432347523,12.1430647314399,0.6920000000000001,0.006,0.21,,0.003,0.048,0.035,0.005,0.5,0.036000000000000004,0.341,0.076,0.07200000000000001,0.019,0.073,0.004
16079,144,4871,,79,1112,2020-08-16,824.0,120.0,1.3840000000000001,0.166666666666667,0.6158357771260999,,0.157894736842105,0.657534246575343,0.48611111111111105,1.25,13.0165558544548,1.61907529752532,5.78190306029755,,1.6829861645328998,6.16579359879507,4.63235432347523,12.1430647314399,0.6920000000000001,0.006,0.21,,0.003,0.048,0.035,0.005,0.5,0.036000000000000004,0.341,0.076,0.07200000000000001,0.019,0.073,0.004
17676,158,5284,,88,1195,2020-08-21,891.0,133.0,1.39,0.166666666666667,0.609970674486803,,0.157894736842105,0.643835616438356,0.48611111111111105,1.25,14.309387479528802,1.7764853958958402,6.27213626988549,,1.8747187655556399,6.626010207338231,5.00901420171897,13.4585634106793,0.695,0.006,0.20800000000000002,,0.003,0.047,0.035,0.005,0.5,0.036000000000000004,0.341,0.076,0.07200000000000001,0.019,0.073,0.004
17676,158,5284,,88,1195,2020-08-22,891.0,133.0,1.39,0.166666666666667,0.609970674486803,,0.157894736842105,0.643835616438356,0.48611111111111105,1.25,14.309387479528802,1.7764853958958402,6.27213626988549,,1.8747187655556399,6.626010207338231,5.00901420171897,13.4585634106793,0.695,0.006,0.20800000000000002,,0.003,0.047,0.035,0.005,0.5,0.036000000000000004,0.341,0.076,0.07200000000000001,0.019,0.073,0.004
17676,158,5284,,88,1195,2020-08-23,891.0,133.0,1.39,0.166666666666667,0.609970674486803,,0.157894736842105,0.643835616438356,0.48611111111111105,1.25,14.309387479528802,1.7764853958958402,6.27213626988549,,1.8747187655556399,6.626010207338231,5.00901420171897,13.4585634106793,0.695,0.006,0.20800000000000002,,0.003,0.047,0.035,0.005,0.5,0.036000000000000004,0.341,0.076,0.07200000000000001,0.019,0.073,0.004
18161,161,5409,,89,1227,2020-08-24,913.0,138.0,1.392,0.166666666666667,0.607038123167155,,0.157894736842105,0.643835616438356,0.48611111111111105,1.25,14.702013239178697,1.81021613126095,6.420511938646981,,1.8960223878915,6.803443116656069,5.13269356472438,13.9645244411559,0.696,0.006,0.207,,0.003,0.047,0.035,0.005,0.5,0.036000000000000004,0.341,0.076,0.07200000000000001,0.019,0.073,0.004
18385,161,5456,,91,1238,2020-08-25,923.0,140.0,1.3940000000000001,0.166666666666667,0.607038123167155,,0.157894736842105,0.643835616438356,0.48611111111111105,1.25,14.883349672501499,1.81021613126095,6.4763011901012995,,1.93862963256322,6.86443567923408,5.188911456999559,14.1669088533466,0.6970000000000001,0.006,0.207,,0.003,0.047,0.035,0.005,0.5,0.036000000000000004,0.341,0.076,0.07200000000000001,0.019,0.073,0.004
18717,163,5513,,92,1250,2020-08-26,934.0,141.0,1.396,0.166666666666667,0.604105571847507,,0.157894736842105,0.643835616438356,0.48611111111111105,1.25,15.1521161718907,1.83270328817103,6.54396049505653,,1.95993325489908,6.930973020228269,5.250751138502269,14.2681010594419,0.698,0.006,0.20600000000000002,,0.003,0.047,0.035,0.005,0.5,0.036000000000000004,0.341,0.076,0.07200000000000001,0.019,0.073,0.004
18936,163,5549,0.076,92,1254,2020-08-27,953.0,142.0,1.398,0.16666666666666669,0.6011730205278591,,0.15789473684210528,0.6301369863013699,0.4861111111111112,1.25,15.329404916969771,1.8327032881710272,6.586692687659841,,1.959933254899077,6.953152133893004,5.357565133825119,14.369293265537252,0.699,0.006,0.205,,0.003,0.046,0.035,0.005,0.5,0.036,0.341,,0.072,0.019,0.073,0.004
19189,167,5586,0.076,91,1257,2020-08-28,969.0,143.0,1.4,0.16666666666666669,0.5982404692082111,,0.15789473684210528,0.6301369863013699,0.4861111111111112,1.25,15.534217942106725,1.877677601991175,6.630611885613241,,1.9386296325632175,6.969786469141551,5.447513761465415,14.470485471632585,0.7,0.006,0.204,,0.003,0.046,0.035,0.005,0.5,0.036,0.341,,0.072,0.019,0.073,0.004
19189,167,5586,0.076,91,1257,2020-08-29,969.0,143.0,1.4,0.16666666666666669,0.5982404692082111,,0.15789473684210528,0.6301369863013699,0.4861111111111112,1.25,15.534217942106725,1.877677601991175,6.630611885613241,,1.9386296325632175,6.969786469141551,5.447513761465415,14.470485471632585,0.7,0.006,0.204,,0.003,0.046,0.035,0.005,0.5,0.036,0.341,,0.072,0.019,0.073,0.004
19189,167,5586,0.076,91,1257,2020-08-30,969.0,143.0,1.4,0.16666666666666669,0.5982404692082111,,0.15789473684210528,0.6301369863013699,0.4861111111111112,1.25,15.534217942106725,1.877677601991175,6.630611885613241,,1.9386296325632175,6.969786469141551,5.447513761465415,14.470485471632585,0.7,0.006,0.204,,0.003,0.046,0.035,0.005,0.5,0.036,0.341,,0.072,0.019,0.073,0.004
19688,173,5712,0.076,92,1290,2020-08-31,987.0,146.0,1.402,0.16666666666666669,0.5953079178885631,,0.15789473684210528,0.6301369863013699,0.4861111111111112,1.25,15.938177228839294,1.9451390727213969,6.780174559724818,,1.959933254899077,7.152764156875578,5.548705967560748,14.774062089918583,0.701,0.006,0.203,,0.003,0.046,0.035,0.005,0.5,0.036,0.341,,0.072,0.019,0.073,0.004
19855,174,5769,0.076,93,1299,2020-09-01,1002.0,148.0,1.402,0.16666666666666669,0.5982404692082111,,0.15789473684210528,0.6301369863013699,0.4861111111111112,1.25,16.073370016182658,1.956382651176434,6.847833864680055,,1.9812368772349365,7.202667162621221,5.633032805973525,14.97644650210925,0.701,0.006,0.204,,0.003,0.046,0.035,0.005,0.5,0.036,0.341,,0.072,0.019,0.073,0.004
20039,175,5793,0.076,94,1304,2020-09-02,1003.0,150.0,1.404,0.16666666666666669,0.5953079178885631,,0.15789473684210528,0.6301369863013699,0.4861111111111112,1.25,16.222324943554987,1.9676262296314708,6.87632199308226,,2.002540499570796,7.230391054702134,5.638654595201044,15.178830914299914,0.702,0.006,0.203,,0.003,0.046,0.035,0.005,0.5,0.036,0.341,,0.072,0.019,0.073,0.004
20191,178,5822,0.076,94,1311,2020-09-03,1008.0,150.0,1.404,0.16666666666666669,0.592375366568915,,0.15789473684210528,0.6301369863013699,0.4861111111111112,1.25,16.34537466616691,2.0013569649965817,6.910745148234924,,2.002540499570796,7.269204503615413,5.666763541338636,15.178830914299914,0.702,0.006,0.202,,0.003,0.046,0.035,0.005,0.5,0.036,0.341,,0.072,0.019,0.073,0.004
20332,180,5850,0.076,93,1321,2020-09-04,1016.0,150.0,1.406,0.16666666666666669,0.592375366568915,,0.15789473684210528,0.6301369863013699,0.4861111111111112,1.25,16.45951947464245,2.023844121906656,6.943981298037498,,1.9812368772349365,7.324652287777239,5.711737855158784,15.178830914299914,0.703,0.006,0.202,,0.003,0.046,0.035,0.005,0.5,0.036,0.341,,0.072,0.019,0.073,0.004
20332,180,5850,0.076,93,1321,2020-09-05,1016.0,150.0,1.406,0.16666666666666669,0.592375366568915,,0.15789473684210528,0.6301369863013699,0.4861111111111112,1.25,16.45951947464245,2.023844121906656,6.943981298037498,,1.9812368772349365,7.324652287777239,5.711737855158784,15.178830914299914,0.703,0.006,0.202,,0.003,0.046,0.035,0.005,0.5,0.036,0.341,,0.072,0.019,0.073,0.004
20332,180,5850,0.076,93,1321,2020-09-06,1016.0,150.0,1.406,0.16666666666666669,0.592375366568915,,0.15789473684210528,0.6301369863013699,0.4861111111111112,1.25,16.45951947464245,2.023844121906656,6.943981298037498,,1.9812368772349365,7.324652287777239,5.711737855158784,15.178830914299914,0.703,0.006,0.202,,0.003,0.046,0.035,0.005,0.5,0.036,0.341,,0.072,0.019,0.073,0.004
20332,180,5850,0.076,93,1321,2020-09-07,1016.0,150.0,1.406,0.16666666666666669,0.592375366568915,,0.15789473684210528,0.6301369863013699,0.4861111111111112,1.25,16.45951947464245,2.023844121906656,6.943981298037498,,1.9812368772349365,7.324652287777239,5.711737855158784,15.178830914299914,0.703,0.006,0.202,,0.003,0.046,0.035,0.005,0.5,0.036,0.341,,0.072,0.019,0.073,0.004
20754,181,5932,0.076,96,1344,2020-09-08,1032.0,155.0,1.408,0.16666666666666669,0.5894428152492669,,0.15789473684210528,0.6301369863013699,0.4861111111111112,1.25,16.801144362420292,2.0350877003616925,7.041315736745031,,2.045147744242515,7.452182191349439,5.80168648279908,15.684791944776578,0.704,0.006,0.201,,0.003,0.046,0.035,0.005,0.5,0.036,0.341,,0.072,0.019,0.073,0.004
21009,181,5979,0.076,98,1354,2020-09-09,1043.0,156.0,1.41,0.16666666666666669,0.5894428152492669,,0.15789473684210528,0.6164383561643836,0.4861111111111112,1.25,17.007576462854768,2.0350877003616925,7.09710498819935,,2.0877549889142344,7.507629975511265,5.863526164301783,15.785984150871911,0.705,0.006,0.201,,0.003,0.045,0.035,0.005,0.5,0.036,0.341,,0.072,0.019,0.073,0.004
21181,184,6011,0.076,98,1361,2020-09-10,1048.0,156.0,1.41,0.16666666666666669,0.5865102639296188,,0.15789473684210528,0.6164383561643836,0.4861111111111112,1.25,17.146816938441948,2.068818435726804,7.13508915940229,,2.0877549889142344,7.5464434244245435,5.891635110439376,15.785984150871911,0.705,0.006,0.2,,0.003,0.045,0.035,0.005,0.5,0.036,0.341,,0.072,0.019,0.073,0.004
21366,187,6044,0.076,98,1369,2020-09-11,1054.0,156.0,1.412,0.16666666666666669,0.5865102639296188,,0.15789473684210528,0.6164383561643836,0.4861111111111112,1.25,17.29658140346304,2.1025491710919146,7.174260335955322,,2.0877549889142344,7.5908016517540045,5.925365845804486,15.785984150871911,0.706,0.006,0.2,,0.003,0.045,0.035,0.005,0.5,0.036,0.341,,0.072,0.019,0.073,0.004
21366,187,6044,0.076,98,1369,2020-09-12,1054.0,156.0,1.412,0.16666666666666669,0.5865102639296188,,0.15789473684210528,0.6164383561643836,0.4861111111111112,1.25,17.29658140346304,2.1025491710919146,7.174260335955322,,2.0877549889142344,7.5908016517540045,5.925365845804486,15.785984150871911,0.706,0.006,0.2,,0.003,0.045,0.035,0.005,0.5,0.036,0.341,,0.072,0.019,0.073,0.004
21366,187,6044,0.076,98,1369,2020-09-13,1054.0,156.0,1.412,0.16666666666666669,0.5865102639296188,,0.15789473684210528,0.6164383561643836,0.4861111111111112,1.25,17.29658140346304,2.1025491710919146,7.174260335955322,,2.0877549889142344,7.5908016517540045,5.925365845804486,15.785984150871911,0.706,0.006,0.2,,0.003,0.045,0.035,0.005,0.5,0.036,0.341,,0.072,0.019,0.073,0.004
21717,193,6118,0.076,98,1379,2020-09-14,1071.0,158.0,1.414,0.16666666666666669,0.5835777126099707,,0.15789473684210528,0.6164383561643836,0.4861111111111112,1.25,17.580729118178734,2.1700106418221363,7.262098731862121,,2.0877549889142344,7.646249435915831,6.020936262672301,15.988368563062576,0.707,0.006,0.199,,0.003,0.045,0.035,0.005,0.5,0.036,0.341,,0.072,0.019,0.073,0.004
21967,196,6172,0.076,100,1396,2020-09-15,1078.0,158.0,1.414,0.16666666666666669,0.5835777126099707,,0.15789473684210528,0.6164383561643836,0.4861111111111112,1.25,17.783113530369402,2.203741377187247,7.326197020767083,,2.130362233585953,7.740510668990935,6.0602887872649305,15.988368563062576,0.707,0.006,0.199,,0.003,0.045,0.035,0.005,0.5,0.036,0.341,,0.072,0.019,0.073,0.004
22234,199,6206,0.076,102,1407,2020-09-16,1084.0,158.0,1.416,0.16666666666666669,0.5806451612903226,,0.15789473684210528,0.6164383561643836,0.4861111111111112,1.25,17.999260082589032,2.2374721125523584,7.366555202670207,,2.1729694782576723,7.801503231568944,6.094019522630041,15.988368563062576,0.708,0.006,0.198,,0.003,0.045,0.035,0.005,0.5,0.036,0.341,,0.072,0.019,0.073,0.004
22437,200,6251,0.076,103,1416,2020-09-17,1094.0,156.0,1.418,0.16666666666666669,0.5777126099706744,,0.15789473684210528,0.6164383561643836,0.4861111111111112,1.25,18.16359622528785,2.248715691007395,7.419970443424341,,2.194273100593532,7.851406237314587,6.150237414905226,15.785984150871911,0.709,0.006,0.197,,0.003,0.045,0.035,0.005,0.5,0.036,0.341,,0.072,0.019,0.073,0.004
22671,205,6288,0.076,104,1434,2020-09-18,1101.0,156.0,1.418,0.16666666666666669,0.5777126099706744,,0.15789473684210528,0.6164383561643836,0.47222222222222227,1.25,18.353028035098315,2.30493358328258,7.463889641377741,,2.2155767229293915,7.9512122488058745,6.189589939497855,15.785984150871911,0.709,0.006,0.197,,0.003,0.045,0.034,0.005,0.5,0.036,0.341,,0.072,0.019,0.073,0.004
22671,205,6288,0.076,104,1434,2020-09-19,1101.0,156.0,1.418,0.16666666666666669,0.5777126099706744,,0.15789473684210528,0.6164383561643836,0.47222222222222227,1.25,18.353028035098315,2.30493358328258,7.463889641377741,,2.2155767229293915,7.9512122488058745,6.189589939497855,15.785984150871911,0.709,0.006,0.197,,0.003,0.045,0.034,0.005,0.5,0.036,0.341,,0.072,0.019,0.073,0.004
22671,205,6288,0.076,104,1434,2020-09-20,1101.0,156.0,1.418,0.16666666666666669,0.5777126099706744,,0.15789473684210528,0.6164383561643836,0.47222222222222227,1.25,18.353028035098315,2.30493358328258,7.463889641377741,,2.2155767229293915,7.9512122488058745,6.189589939497855,15.785984150871911,0.709,0.006,0.197,,0.003,0.045,0.034,0.005,0.5,0.036,0.341,,0.072,0.019,0.073,0.004
23016,205,6387,0.076,106,1457,2020-09-21,1119.0,156.0,1.418,0.16666666666666669,0.5777126099706744,,0.15789473684210528,0.6164383561643836,0.47222222222222227,1.25,18.632318523921434,2.30493358328258,7.581403171036837,,2.2581839676011106,8.078742152378075,6.290782145593188,15.785984150871911,0.709,0.006,0.197,,0.003,0.045,0.034,0.005,0.5,0.036,0.341,,0.072,0.019,0.073,0.004
23303,207,6444,0.076,108,1471,2020-09-22,1143.0,156.0,1.42,0.16666666666666669,0.5747800586510263,,0.15789473684210528,0.6164383561643836,0.4861111111111112,1.25,18.864655829116316,2.327420740192654,7.649062475992074,,2.3007912122728293,8.156369050204631,6.425705087053632,15.785984150871911,0.71,0.006,0.196,,0.003,0.045,0.035,0.005,0.5,0.036,0.341,,0.072,0.019,0.073,0.004
23564,207,6525,0.076,107,1483,2020-09-23,1151.0,157.0,1.42,0.16666666666666669,0.5777126099706744,,0.15789473684210528,0.6164383561643836,0.4861111111111112,1.25,19.07594515544337,2.327420740192654,7.745209909349517,,2.27948758993697,8.222906391198823,6.47067940087378,15.887176356967244,0.71,0.006,0.197,,0.003,0.045,0.035,0.005,0.5,0.036,0.341,,0.072,0.019,0.073,0.004
23792,211,6572,0.076,108,1490,2020-09-24,1156.0,157.0,1.422,0.16666666666666669,0.5747800586510263,,0.15789473684210528,0.6027397260273972,0.4861111111111112,1.25,19.260519739361257,2.372395054012802,7.800999160803834,,2.3007912122728293,8.261719840112102,6.498788347011372,15.887176356967244,0.711,0.006,0.196,,0.003,0.044,0.035,0.005,0.5,0.036,0.341,,0.072,0.019,0.073,0.004
23991,211,6617,0.076,109,1503,2020-09-25,1165.0,158.0,1.422,0.16666666666666669,0.5747800586510263,,0.15789473684210528,0.6164383561643836,0.4861111111111112,1.25,19.421617731465027,2.372395054012802,7.854414401557969,,2.322094834608689,8.333801959522475,6.549384450059039,15.988368563062576,0.711,0.006,0.196,,0.003,0.045,0.035,0.005,0.5,0.036,0.341,,0.072,0.019,0.073,0.004
23991,211,6617,0.076,109,1503,2020-09-26,1165.0,158.0,1.422,0.16666666666666669,0.5747800586510263,,0.15789473684210528,0.6164383561643836,0.4861111111111112,1.25,19.421617731465027,2.372395054012802,7.854414401557969,,2.322094834608689,8.333801959522475,6.549384450059039,15.988368563062576,0.711,0.006,0.196,,0.003,0.045,0.035,0.005,0.5,0.036,0.341,,0.072,0.019,0.073,0.004
23991,211,6617,0.076,109,1503,2020-09-27,1165.0,158.0,1.422,0.16666666666666669,0.5747800586510263,,0.15789473684210528,0.6164383561643836,0.4861111111111112,1.25,19.421617731465027,2.372395054012802,7.854414401557969,,2.322094834608689,8.333801959522475,6.549384450059039,15.988368563062576,0.711,0.006,0.196,,0.003,0.045,0.035,0.005,0.5,0.036,0.341,,0.072,0.019,0.073,0.004
24262,212,6701,0.076,112,1512,2020-09-28,1181.0,160.0,1.422,0.16666666666666669,0.5747800586510263,,0.15789473684210528,0.6027397260273972,0.4861111111111112,1.25,19.64100243427971,2.383638632467839,7.954122850965687,,2.3860057016162677,8.38370496526812,6.639333077699335,16.190752975253243,0.711,0.006,0.196,,0.003,0.044,0.035,0.005,0.5,0.036,0.341,,0.072,0.019,0.073,0.004
24403,212,6750,0.076,114,1524,2020-09-29,1186.0,160.0,1.42,0.16666666666666669,0.5777126099706744,,0.15789473684210528,0.6027397260273972,0.4861111111111112,1.25,19.755147242755246,2.383638632467839,8.012286113120188,,2.428612946287987,8.45024230626231,6.6674420238369265,16.190752975253243,0.71,0.006,0.197,,0.003,0.044,0.035,0.005,0.5,0.036,0.341,,0.072,0.019,0.073,0.004
24484,214,6782,0.076,115,1529,2020-09-30,1194.0,159.0,1.42,0.16666666666666669,0.5777126099706744,,0.15789473684210528,0.6027397260273972,0.4861111111111112,1.25,19.82071979230502,2.406125789377913,8.05027028432313,,2.449916568623846,8.477966198343223,6.712416337657075,16.08956076915791,0.71,0.006,0.197,,0.003,0.044,0.035,0.005,0.5,0.036,0.341,,0.072,0.019,0.073,0.004
24523,213,6796,0.076,117,1531,2020-10-01,1194.0,160.0,1.42,0.16666666666666669,0.5777126099706744,,0.15789473684210528,0.6027397260273972,0.4861111111111112,1.25,19.852291760606764,2.394882210922876,8.066888359224416,,2.4925238132955654,8.489055755175588,6.712416337657075,16.190752975253243,0.71,0.006,0.197,,0.003,0.044,0.035,0.005,0.5,0.036,0.341,,0.072,0.019,0.073,0.004
24678,218,6854,0.076,115,1538,2020-10-02,1201.0,166.0,1.42,0.16666666666666669,0.5777126099706744,,0.15789473684210528,0.6027397260273972,0.4861111111111112,1.25,19.977770096164978,2.4511001031980606,8.135734669529745,,2.449916568623846,8.527869204088868,6.751768862249704,16.79790621182524,0.71,0.006,0.197,,0.003,0.044,0.035,0.005,0.5,0.036,0.341,,0.072,0.019,0.073,0.004
24678,218,6854,0.076,115,1538,2020-10-03,1201.0,166.0,1.42,0.16666666666666669,0.5777126099706744,,0.15789473684210528,0.6027397260273972,0.4861111111111112,1.25,19.977770096164978,2.4511001031980606,8.135734669529745,,2.449916568623846,8.527869204088868,6.751768862249704,16.79790621182524,0.71,0.006,0.197,,0.003,0.044,0.035,0.005,0.5,0.036,0.341,,0.072,0.019,0.073,0.004
24678,218,6854,0.076,115,1538,2020-10-04,1201.0,166.0,1.42,0.16666666666666669,0.5777126099706744,,0.15789473684210528,0.6027397260273972,0.4861111111111112,1.25,19.977770096164978,2.4511001031980606,8.135734669529745,,2.449916568623846,8.527869204088868,6.751768862249704,16.79790621182524,0.71,0.006,0.197,,0.003,0.044,0.035,0.005,0.5,0.036,0.341,,0.072,0.019,0.073,0.004
24933,222,6926,0.076,116,1549,2020-10-05,1217.0,166.0,1.42,0.16666666666666669,0.5777126099706744,,0.15789473684210528,0.6027397260273972,0.4861111111111112,1.25,20.184202196599458,2.4960744170182085,8.22119905473636,,2.471220190959706,8.588861766666875,6.84171748989,16.79790621182524,0.71,0.006,0.197,,0.003,0.044,0.035,0.005,0.5,0.036,0.341,,0.072,0.019,0.073,0.004
25076,227,6960,0.076,118,1560,2020-10-06,1226.0,166.0,1.42,0.16666666666666669,0.5777126099706744,,0.15789473684210528,0.6027397260273972,0.4861111111111112,1.25,20.299966080372517,2.5522923092933936,8.261557236639485,,2.5138274356314247,8.649854329244885,6.892313592937667,16.79790621182524,0.71,0.006,0.197,,0.003,0.044,0.035,0.005,0.5,0.036,0.341,,0.072,0.019,0.073,0.004
25191,227,7004,0.076,118,1574,2020-10-07,1228.0,166.0,1.418,0.16666666666666669,0.5777126099706744,,0.15789473684210528,0.6027397260273972,0.4861111111111112,1.25,20.393062909980223,2.5522923092933936,8.313785472043527,,2.5138274356314247,8.727481227071442,6.903557171392704,16.79790621182524,0.709,0.006,0.197,,0.003,0.044,0.035,0.005,0.5,0.036,0.341,,0.072,0.019,0.073,0.004
25305,228,7035,0.076,119,1581,2020-10-08,1235.0,166.0,1.418,0.16666666666666669,0.5777126099706744,,0.15789473684210528,0.6027397260273972,0.4861111111111112,1.25,20.485350201939166,2.5635358877484307,8.350582637896375,,2.5351310579672846,8.76629467598472,6.942909695985333,16.79790621182524,0.709,0.006,0.197,,0.003,0.044,0.035,0.005,0.5,0.036,0.341,,0.072,0.019,0.073,0.004
25405,228,7073,0.076,119,1588,2020-10-09,1245.0,166.0,1.418,0.16666666666666669,0.5777126099706744,,0.15789473684210528,0.6027397260273972,0.4861111111111112,1.25,20.566303966815433,2.5635358877484307,8.395688841199867,,2.5351310579672846,8.805108124897998,6.999127588260517,16.79790621182524,0.709,0.006,0.197,,0.003,0.044,0.035,0.005,0.5,0.036,0.341,,0.072,0.019,0.073,0.004
25405,228,7073,0.076,119,1588,2020-10-10,1245.0,166.0,1.418,0.16666666666666669,0.5777126099706744,,0.15789473684210528,0.6027397260273972,0.4861111111111112,1.25,20.566303966815433,2.5635358877484307,8.395688841199867,,2.5351310579672846,8.805108124897998,6.999127588260517,16.79790621182524,0.709,0.006,0.197,,0.003,0.044,0.035,0.005,0.5,0.036,0.341,,0.072,0.019,0.073,0.004
25405,228,7073,0.076,119,1588,2020-10-11,1245.0,166.0,1.418,0.16666666666666669,0.5777126099706744,,0.15789473684210528,0.6027397260273972,0.4861111111111112,1.25,20.566303966815433,2.5635358877484307,8.395688841199867,,2.5351310579672846,8.805108124897998,6.999127588260517,16.79790621182524,0.709,0.006,0.197,,0.003,0.044,0.035,0.005,0.5,0.036,0.341,,0.072,0.019,0.073,0.004
25405,228,7073,0.076,119,1588,2020-10-12,1245.0,166.0,1.418,0.16666666666666669,0.5777126099706744,,0.15789473684210528,0.6027397260273972,0.4861111111111112,1.25,20.566303966815433,2.5635358877484307,8.395688841199867,,2.5351310579672846,8.805108124897998,6.999127588260517,16.79790621182524,0.709,0.006,0.197,,0.003,0.044,0.035,0.005,0.5,0.036,0.341,,0.072,0.019,0.073,0.004
25764,236,7173,0.076,121,1600,2020-10-13,1275.0,171.0,1.418,0.16666666666666669,0.5777126099706744,,0.15789473684210528,0.6027397260273972,0.4861111111111112,1.25,20.856927982721228,2.6534845153887265,8.514389376209055,,2.5777383026390033,8.87164546589219,7.167781265086072,17.3038672423019,0.709,0.006,0.197,,0.003,0.044,0.035,0.005,0.5,0.036,0.341,,0.072,0.019,0.073,0.004
25899,239,7209,0.076,122,1614,2020-10-14,1277.0,172.0,1.418,0.19444444444444448,0.5777126099706744,,0.15789473684210528,0.6027397260273972,0.4861111111111112,1.25,20.96621556530419,2.6872152507538374,8.557121568812363,,2.599041924974863,8.949272363718746,7.179024843541109,17.405059448397235,0.709,0.007,0.197,,0.003,0.044,0.035,0.005,0.5,0.036,0.341,,0.072,0.019,0.073,0.004
26028,240,7260,0.076,122,1622,2020-10-15,1287.0,172.0,1.418,0.19444444444444448,0.5806451612903226,,0.15789473684210528,0.6027397260273972,0.4861111111111112,1.25,21.070645921994572,2.6984588292088745,8.617658841667048,,2.599041924974863,8.993630591048207,7.2352427358162945,17.405059448397235,0.709,0.007,0.198,,0.003,0.044,0.035,0.005,0.5,0.036,0.341,,0.072,0.019,0.073,0.004
26116,241,7290,0.076,124,1629,2020-10-16,1297.0,172.0,1.416,0.19444444444444448,0.5806451612903226,,0.15789473684210528,0.6027397260273972,0.4861111111111112,1.25,21.141885235085685,2.709702407663911,8.653269002169804,,2.6416491696465823,9.032444039961485,7.291460628091479,17.405059448397235,0.708,0.007,0.198,,0.003,0.044,0.035,0.005,0.5,0.036,0.341,,0.072,0.019,0.073,0.004
26116,241,7290,0.076,124,1629,2020-10-17,1297.0,172.0,1.416,0.19444444444444448,0.5806451612903226,,0.15789473684210528,0.6027397260273972,0.4861111111111112,1.25,21.141885235085685,2.709702407663911,8.653269002169804,,2.6416491696465823,9.032444039961485,7.291460628091479,17.405059448397235,0.708,0.007,0.198,,0.003,0.044,0.035,0.005,0.5,0.036,0.341,,0.072,0.019,0.073,0.004
26116,241,7290,0.076,124,1629,2020-10-18,1297.0,172.0,1.416,0.19444444444444448,0.5806451612903226,,0.15789473684210528,0.6027397260273972,0.4861111111111112,1.25,21.141885235085685,2.709702407663911,8.653269002169804,,2.6416491696465823,9.032444039961485,7.291460628091479,17.405059448397235,0.708,0.007,0.198,,0.003,0.044,0.035,0.005,0.5,0.036,0.341,,0.072,0.019,0.073,0.004
26441,245,7472,0.076,130,1675,2020-10-20,1317.0,178.0,1.412,0.19444444444444448,0.5835777126099707,,0.15789473684210528,0.6164383561643836,0.4861111111111112,1.25,21.40498497093355,2.754676721484059,8.869303975886526,,2.7694709036617393,9.287503847105885,7.403896412641849,18.01221268496923,0.706,0.007,0.199,,0.003,0.045,0.035,0.005,0.5,0.036,0.341,,0.072,0.019,0.073,0.004
26631,246,7547,0.076,129,1689,2020-10-22,1326.0,181.0,1.41,0.19444444444444448,0.5865102639296188,,0.15789473684210528,0.6164383561643836,0.4861111111111112,1.25,21.558797124198456,2.765920299939096,8.958329377143418,,2.74816728132588,9.365130744932442,7.454492515689515,18.31578930325523,0.705,0.007,0.2,,0.003,0.045,0.035,0.005,0.5,0.036,0.341,,0.072,0.019,0.073,0.004
26698,247,7584,0.076,129,1702,2020-10-25,1332.0,183.0,1.41,0.19444444444444448,0.5865102639296188,,0.15789473684210528,0.6164383561643836,0.4861111111111112,1.25,21.613036146665554,2.7771638783941333,9.002248575096816,,2.74816728132588,9.437212864342817,7.4882232510546265,18.518173715445894,0.705,0.007,0.2,,0.003,0.045,0.035,0.005,0.5,0.036,0.341,,0.072,0.019,0.073,0.004
26989,247,7749,0.076,133,1726,2020-10-27,1347.0,185.0,1.406,0.16666666666666669,0.592375366568915,,0.15789473684210528,0.6164383561643836,0.4861111111111112,1.25,21.848611602455488,2.7771638783941333,9.198104457861977,,2.833381770669318,9.5702875463312,7.572550089467404,18.72055812763656,0.703,0.006,0.202,,0.003,0.045,0.035,0.005,0.5,0.036,0.341,,0.072,0.019,0.073,0.004
27138,248,7831,0.076,133,1736,2020-10-29,1352.0,187.0,1.406,0.16666666666666669,0.5953079178885631,,0.15789473684210528,0.6164383561643836,0.4861111111111112,1.25,21.969232712121126,2.78840745684917,9.295438896569511,,2.833381770669318,9.625735330493026,7.600659035604996,18.922942539827226,0.703,0.006,0.203,,0.003,0.045,0.035,0.005,0.5,0.036,0.341,,0.072,0.019,0.073,0.004
27239,249,7900,0.076,133,1748,2020-10-31,1358.0,189.0,1.404,0.16666666666666669,0.5982404692082111,,0.15789473684210528,0.6164383561643836,0.4861111111111112,1.25,22.050996014646156,2.799651035304207,9.37734226572585,,2.833381770669318,9.692272671487217,7.634389770970107,19.125326952017893,0.702,0.006,0.204,,0.003,0.045,0.035,0.005,0.5,0.036,0.341,,0.072,0.019,0.073,0.004
27239,249,7900,0.076,133,1748,2020-11-01,1358.0,189.0,1.404,0.16666666666666669,0.5982404692082111,,0.15789473684210528,0.6164383561643836,0.4861111111111112,1.25,22.050996014646156,2.799651035304207,9.37734226572585,,2.833381770669318,9.692272671487217,7.634389770970107,19.125326952017893,0.702,0.006,0.204,,0.003,0.045,0.035,0.005,0.5,0.036,0.341,,0.072,0.019,0.073,0.004
27561,254,8123,0.076,135,1780,2020-11-03,1384.0,191.0,1.398,0.16666666666666669,0.6041055718475072,,0.15789473684210528,0.6164383561643836,0.4861111111111112,1.25,22.311667137547733,2.855868927579392,9.64204445879634,,2.875989015341037,9.86970558080506,7.780556290885587,19.327711364208557,0.699,0.006,0.206,,0.003,0.045,0.035,0.005,0.5,0.036,0.341,,0.072,0.019,0.073,0.004
27808,264,8219,0.076,137,1809,2020-11-05,1401.0,191.0,1.396,0.19444444444444448,0.6041055718475072,,0.15789473684210528,0.6164383561643836,0.4861111111111112,1.25,22.51162293679211,2.9683047121297617,9.75599697240516,,2.918596260012756,10.030504154874357,7.876126707753402,19.327711364208557,0.698,0.007,0.206,,0.003,0.045,0.035,0.005,0.5,0.036,0.341,,0.072,0.019,0.073,0.004
27937,267,8287,0.076,140,1824,2020-11-08,1412.0,192.0,1.394,0.19444444444444448,0.6070381231671553,,0.15789473684210528,0.6301369863013699,0.4861111111111112,1.25,22.616053293482494,3.0020354474948725,9.836713336211409,,2.9825071270203347,10.113675831117096,7.937966389256105,19.42890357030389,0.697,0.007,0.207,,0.003,0.046,0.035,0.005,0.5,0.036,0.341,,0.072,0.019,0.073,0.004
28337,272,8475,0.076,144,1854,2020-11-10,1446.0,195.0,1.392,0.19444444444444448,0.6099706744868034,,0.2105263157894737,0.6301369863013699,0.5,1.25,22.93986835298756,3.0582533397700575,10.059870342028683,,3.0677216163637726,10.280019183602574,8.129107222991733,19.73248018858989,0.696,0.007,0.208,,0.004,0.046,0.036,0.005,0.5,0.036,0.341,,0.072,0.019,0.073,0.004
28685,281,8710,0.076,148,1894,2020-11-11,1480.0,196.0,1.386,0.19444444444444448,0.6158357771260996,,0.2105263157894737,0.6301369863013699,0.5,1.25,23.221587454756964,3.1594455458653905,10.338816599300273,,3.152936105707211,10.501810320249879,8.320248056727362,19.83367239468522,0.693,0.007,0.21,,0.004,0.046,0.036,0.005,0.5,0.036,0.341,,0.072,0.019,0.073,0.004
28685,281,8710,0.076,148,1894,2020-11-12,1480.0,196.0,1.386,0.19444444444444448,0.6158357771260996,,0.2105263157894737,0.6301369863013699,0.5,1.25,23.221587454756964,3.1594455458653905,10.338816599300273,,3.152936105707211,10.501810320249879,8.320248056727362,19.83367239468522,0.693,0.007,0.21,,0.004,0.046,0.036,0.005,0.5,0.036,0.341,,0.072,0.019,0.073,0.004
28873,281,8805,0.076,148,1908,2020-11-15,1498.0,196.0,1.384,0.19444444444444448,0.6187683284457477,,0.2105263157894737,0.6301369863013699,0.5,1.25,23.373780532724346,3.1594455458653905,10.451582107559002,,3.152936105707211,10.579437218076436,8.421440262822696,19.83367239468522,0.692,0.007,0.211,,0.004,0.046,0.036,0.005,0.5,0.036,0.341,,0.072,0.019,0.073,0.004
29728,291,9138,0.076,154,1974,2020-11-16,1565.0,204.0,1.38,0.19444444444444448,0.6217008797653958,,0.2105263157894737,0.6301369863013699,0.5,1.25,24.06593522241642,3.27188133041576,10.846854889139598,,3.280757839722368,10.945392593544488,8.798100141066435,20.643210043447883,0.69,0.007,0.212,,0.004,0.046,0.036,0.005,0.5,0.036,0.341,,0.072,0.019,0.073,0.004
30036,294,9258,0.076,154,2003,2020-11-17,1586.0,206.0,1.38,0.19444444444444448,0.6246334310850439,,0.2105263157894737,0.6301369863013699,0.5,1.25,24.31527281823532,3.305612065780871,10.989295531150624,,3.280757839722368,11.106191167613785,8.916157714844323,20.845594455638548,0.69,0.007,0.213,,0.004,0.046,0.036,0.005,0.5,0.036,0.341,,0.072,0.019,0.073,0.004
30308,304,9342,0.076,155,2024,2020-11-18,1596.0,207.0,1.38,0.19444444444444448,0.6246334310850439,,0.2105263157894737,0.6301369863013699,0.5,1.25,24.535467058698764,3.4180478503312406,11.089003980558342,,3.3020614620582274,11.222631514353619,8.972375607119506,20.94678666173388,0.69,0.007,0.213,,0.004,0.046,0.036,0.005,0.5,0.036,0.341,,0.072,0.019,0.073,0.004
30308,304,9342,0.076,155,2024,2020-11-19,1596.0,207.0,1.38,0.19444444444444448,0.6246334310850439,,0.2105263157894737,0.6301369863013699,0.5,1.25,24.535467058698764,3.4180478503312406,11.089003980558342,,3.3020614620582274,11.222631514353619,8.972375607119506,20.94678666173388,0.69,0.007,0.213,,0.004,0.046,0.036,0.005,0.5,0.036,0.341,,0.072,0.019,0.073,0.004
30495,313,9417,0.076,159,2042,2020-11-22,1609.0,208.0,1.378,0.19444444444444448,0.6246334310850439,,0.2105263157894737,0.6301369863013699,0.5,1.25,24.686850599017383,3.5192400564265736,11.178029381815232,,3.3872759514016657,11.322437525844906,9.045458867077247,21.047978867829215,0.689,0.007,0.213,,0.004,0.046,0.036,0.005,0.5,0.036,0.341,,0.072,0.019,0.073,0.004
31473,332,9837,0.076,161,2123,2020-11-23,1667.0,224.0,1.374,0.19444444444444448,0.6304985337243402,,0.2105263157894737,0.6301369863013699,0.5,1.25,25.478578419507265,3.732868047072276,11.676571628853823,,3.429883196073385,11.771564577555699,9.37152264227332,22.66705416535454,0.687,0.007,0.215,,0.004,0.046,0.036,0.005,0.5,0.036,0.341,,0.072,0.019,0.073,0.004
31473,332,9837,0.076,161,2123,2020-11-24,1667.0,224.0,1.374,0.19444444444444448,0.6304985337243402,,0.2105263157894737,0.6301369863013699,0.5,1.25,25.478578419507265,3.732868047072276,11.676571628853823,,3.429883196073385,11.771564577555699,9.37152264227332,22.66705416535454,0.687,0.007,0.215,,0.004,0.046,0.036,0.005,0.5,0.036,0.341,,0.072,0.019,0.073,0.004
31903,344,9995,0.076,169,2151,2020-11-26,1685.0,226.0,1.372,0.19444444444444448,0.6304985337243402,,0.2105263157894737,0.6301369863013699,0.5,1.25,25.82667960847521,3.86779098853272,11.86411847416834,,3.600312174760261,11.926818373208812,9.472714848368652,22.869438577545203,0.686,0.007,0.215,,0.004,0.046,0.036,0.005,0.5,0.036,0.341,,0.072,0.019,0.073,0.004
32212,359,10098,0.076,171,2172,2020-11-29,1696.0,228.0,1.372,0.22222222222222224,0.6304985337243402,,0.2105263157894737,0.6301369863013699,0.5,1.25,26.076826741942874,4.036444665358275,11.986380025227803,,3.6429194194319803,12.043258719948646,9.534554529871356,23.07182298973587,0.686,0.008,0.215,,0.004,0.046,0.036,0.005,0.5,0.036,0.341,,0.072,0.019,0.073,0.004
