Hispanic,White,Asian,Black,American Indian/Alaska Native,Native Hawaiian/Pacific Islander,date,Hispanic_discrepancy,White_discrepancy,Asian_discrepancy,Black_discrepancy,American Indian/Alaska Native_discrepancy,Native Hawaiian/Pacific Islander_discrepancy,Hispanic_rates,White_rates,Asian_rates,Black_rates,American Indian/Alaska Native_rates,Native Hawaiian/Pacific Islander_rates,Hispanic_covidperc,White_covidperc,Asian_covidperc,Black_covidperc,American Indian/Alaska Native_covidperc,Native Hawaiian/Pacific Islander_covidperc,Hispanic_demperc,White_demperc,Asian_demperc,Black_demperc,American Indian/Alaska Native_demperc,Native Hawaiian/Pacific Islander_demperc,Other
1116,774,460,307,3,9,2020-06-14,0.8603582976007105,1.1110967558558675,1.1191506133431948,1.27804837433912,0.08028689182679441,0.8430123641813413,0.22873511521456003,0.29539651697898134,0.29753771794772055,0.3397823243751771,0.021345097157119085,0.22412352014975037,0.4181341326339453,0.2899962532783814,0.172349194454852,0.11502435369052079,0.0011240164855751218,0.0033720494567253652,0.486,0.261,0.154,0.09,0.014,0.004,0.031
1128,779,461,309,3,9,2020-06-15,0.8631415598069868,1.109956983823695,1.1132415371909608,1.276806743522995,0.07968974127397332,0.83674228337672,0.23119463258245854,0.29730476321269567,0.29818453907369386,0.3419958900062858,0.021345097157119085,0.22412352014975037,0.4194867980661956,0.2896987727779844,0.17143919672740796,0.11491260691706955,0.0011156563778356265,0.00334696913350688,0.486,0.261,0.154,0.09,0.014,0.004,0.031
1144,783,464,311,3,9,2020-06-16,0.8673210998601976,1.1053795136330138,1.110164706332724,1.2732334397772866,0.07895567954521529,0.8290346352247604,0.23447398907298986,0.29883136019966716,0.3001250024516138,0.3442094556373944,0.021345097157119085,0.22412352014975037,0.421518054532056,0.28850405305821664,0.1709653647752395,0.11459100957995579,0.001105379513633014,0.003316138540899042,0.486,0.261,0.154,0.09,0.014,0.004,0.031
1158,795,469,313,3,9,2020-06-17,0.8673884417119461,1.1088376452472706,1.1086474501108647,1.2660275856489909,0.07800717666025275,0.8190753549326538,0.23734342600220476,0.3034111511605816,0.3033591080814803,0.34642302126850305,0.021345097157119085,0.22412352014975037,0.4215507826720058,0.28940662540953765,0.17073170731707318,0.11394248270840918,0.0010921004732435385,0.0032763014197306154,0.486,0.261,0.154,0.09,0.014,0.004,0.031
1169,805,471,316,3,9,2020-06-18,0.8674178846875886,1.1122579111934596,1.102936010977843,1.26617782586048,0.07727577146978518,0.8113956004327443,0.23959798358944506,0.3072276436280103,0.3046527503334269,0.349743369715166,0.021345097157119085,0.22412352014975037,0.42156509195816805,0.29029931482149296,0.16985214569058782,0.1139560043274432,0.0010818608005769925,0.0032455824017309774,0.486,0.261,0.154,0.09,0.014,0.004,0.031
1188,818,476,319,3,9,2020-06-19,0.8689813169016866,1.114148459601222,1.0987945577351905,1.2600229095074456,0.07617693362449851,0.7998578030572343,0.243492219421951,0.31218908383566757,0.30788685596329346,0.35306371816182897,0.021345097157119085,0.22412352014975037,0.4223249200142197,0.290792747955919,0.16921436189121933,0.1134020618556701,0.001066477070742979,0.003199431212228937,0.486,0.261,0.154,0.09,0.014,0.004,0.031
1216,831,480,321,3,9,2020-06-20,0.8748453192897638,1.1132545615304235,1.0898192716374535,1.2470862470862472,0.07492507492507493,0.7867132867132868,0.24923109328038082,0.3171505240433249,0.3104741404671867,0.3552772837929376,0.021345097157119085,0.22412352014975037,0.4251748251748252,0.29055944055944055,0.16783216783216784,0.11223776223776223,0.001048951048951049,0.003146853146853147,0.486,0.261,0.154,0.09,0.014,0.004,0.031
1223,832,480,321,3,9,2020-06-21,0.8774270939155489,1.111485168619781,1.0867793294571537,1.2436076243607626,0.07471607890017931,0.7845188284518828,0.25066581174498825,0.3175321732900678,0.3104741404671867,0.3552772837929376,0.021345097157119085,0.22412352014975037,0.42642956764295675,0.2900976290097629,0.16736401673640167,0.11192468619246862,0.0010460251046025104,0.0031380753138075313,0.486,0.261,0.154,0.09,0.014,0.004,0.031
1231,835,484,324,3,9,2020-06-22,0.8776582850656924,1.108535591294212,1.089001089001089,1.2474012474012475,0.07425007425007425,0.7796257796257796,0.25230548999025393,0.3186771210302964,0.3130614249710799,0.3585976322396006,0.021345097157119085,0.22412352014975037,0.4265419265419265,0.28932778932778935,0.1677061677061677,0.11226611226611227,0.0010395010395010396,0.0031185031185031187,0.486,0.261,0.154,0.09,0.014,0.004,0.031
1252,831,490,329,5,9,2020-06-23,0.8834470806731133,1.0918751872349148,1.091158498565906,1.253619875019052,0.12247697432882618,0.7716049382716049,0.2566096453840763,0.3171505240433249,0.31694235172691976,0.3641315463173722,0.03557516192853181,0.22412352014975037,0.42935528120713307,0.28497942386831276,0.16803840877914952,0.11282578875171467,0.0017146776406035665,0.0030864197530864196,0.486,0.261,0.154,0.09,0.014,0.004,0.031
1264,836,497,337,5,10,2020-06-24,0.8819338912402475,1.086152978670606,1.0943617250840039,1.269733619682755,0.12110642832921571,0.84774499830451,0.2590691627519748,0.31905877027703927,0.3214700996087329,0.37298580884180677,0.03557516192853181,0.24902613349972264,0.42861987114276023,0.28348592743302814,0.1685317056629366,0.11427602577144795,0.00169548999660902,0.00339097999321804,0.486,0.261,0.154,0.09,0.014,0.004,0.031
1285,853,498,340,5,10,2020-06-25,0.8839962961587093,1.0926777779058758,1.081165574646016,1.2630484044726775,0.11940583655729092,0.8358408559010365,0.2633733181457972,0.32554680747166803,0.32211692073470616,0.3763061572884698,0.03557516192853181,0.24902613349972264,0.4296221999331327,0.2851889000334336,0.16649949849548645,0.11367435640254096,0.001671681711802073,0.003343363423604146,0.486,0.261,0.154,0.09,0.014,0.004,0.031
1295,853,502,344,6,10,2020-06-26,0.8852521772418414,1.0857804763177656,1.0829701859602192,1.2698412698412698,0.14238253440911247,0.8305647840531561,0.26542291595237927,0.32554680747166803,0.3247042052385994,0.38073328855068705,0.04269019431423817,0.24902613349972264,0.43023255813953487,0.28338870431893687,0.16677740863787374,0.11428571428571428,0.0019933554817275745,0.0033222591362126247,0.486,0.261,0.154,0.09,0.014,0.004,0.031
1305,856,508,342,6,10,2020-06-27,0.8870780261596252,1.0834798436042412,1.0897592661715556,1.2553683515031384,0.14158289678606822,0.8259002312520648,0.2674725137589613,0.32669175521189664,0.32858513199443923,0.3785197229195784,0.04269019431423817,0.24902613349972264,0.4311199207135778,0.28278823918070695,0.16782292699041956,0.11298315163528246,0.0019821605550049554,0.003303600925008259,0.486,0.261,0.154,0.09,0.014,0.004,0.031
1326,843,517,351,9,9,2020-06-28,0.8930916732335172,1.0572455179938671,1.098901098901099,1.2765957446808511,0.2104278700023381,0.7364975450081833,0.2717766691527837,0.3217303150042393,0.334406522128199,0.3884807682595673,0.06403529147135725,0.22412352014975037,0.4340425531914894,0.27594108019639935,0.16923076923076924,0.1148936170212766,0.0029459901800327334,0.0029459901800327334,0.486,0.261,0.154,0.09,0.014,0.004,0.031
1335,848,520,353,9,9,2020-06-29,0.8935958296183845,1.0569427929713304,1.0984461212177543,1.2759343598640933,0.20912724230876473,0.7319453480806766,0.2736213071787076,0.3236385612379537,0.3363469855061189,0.3906943338906759,0.06403529147135725,0.22412352014975037,0.4342875731945348,0.27586206896551724,0.16916070266753416,0.11483409238776839,0.0029277813923227064,0.0029277813923227064,0.486,0.261,0.154,0.09,0.014,0.004,0.031
1355,857,522,355,9,9,2020-06-30,0.8973498048346955,1.0568152250449176,1.0909592499550658,1.2695347423380896,0.20690606464665043,0.7241712262632765,0.2777205027918717,0.3270734044586395,0.3376406277580655,0.3929078995217846,0.06403529147135725,0.22412352014975037,0.43611200514966203,0.27582877373672354,0.16800772449308013,0.11425812681042806,0.002896684905053106,0.002896684905053106,0.486,0.261,0.154,0.09,0.014,0.004,0.031
1394,875,529,365,9,10,2020-07-02,0.9014182140797128,1.0535796421923125,1.079530149297591,1.2745303442977862,0.20202927179671365,0.7856693903205532,0.2857139342375418,0.3339430909000112,0.3421683756398787,0.4039757276773278,0.06403529147135725,0.24902613349972264,0.4380892520427404,0.2749842866121936,0.16624764299182904,0.11470773098680076,0.0028284098051539913,0.0031426775612822125,0.486,0.261,0.154,0.09,0.014,0.004,0.031
1394,875,529,365,9,10,2020-07-03,0.9014182140797128,1.0535796421923125,1.079530149297591,1.2745303442977862,0.20202927179671365,0.7856693903205532,0.2857139342375418,0.3339430909000112,0.3421683756398787,0.4039757276773278,0.06403529147135725,0.24902613349972264,0.4380892520427404,0.2749842866121936,0.16624764299182904,0.11470773098680076,0.0028284098051539913,0.0031426775612822125,0.486,0.261,0.154,0.09,0.014,0.004,0.031
1415,880,531,366,9,10,2020-07-05,0.90673392517747,1.0500303673555105,1.0738249604646366,1.2664798089899305,0.2002046536459492,0.7785736530675802,0.2900180896313642,0.3358513371337255,0.3434620178918253,0.40508251049288213,0.06403529147135725,0.24902613349972264,0.4406726876362504,0.2740579258797882,0.16536904391155402,0.11398318280909374,0.002802865151043289,0.003114294612270321,0.486,0.261,0.154,0.09,0.014,0.004,0.031
1471,901,537,369,9,11,2020-07-06,0.9177528717990951,1.0467274953588497,1.0573113969111543,1.2431776834445118,0.19492333015680496,0.8338386901152213,0.3014958373482238,0.3438659713153258,0.34734294464766513,0.40840285893954514,0.06403529147135725,0.2739287468496949,0.44602789569436024,0.27319587628865977,0.16282595512431777,0.11188599151000607,0.0027289266221952697,0.0033353547604608852,0.486,0.261,0.154,0.09,0.014,0.004,0.031
1471,901,537,369,9,11,2020-07-07,0.9177528717990951,1.0467274953588497,1.0573113969111543,1.2431776834445118,0.19492333015680496,0.8338386901152213,0.3014958373482238,0.3438659713153258,0.34734294464766513,0.40840285893954514,0.06403529147135725,0.2739287468496949,0.44602789569436024,0.27319587628865977,0.16282595512431777,0.11188599151000607,0.0027289266221952697,0.0033353547604608852,0.486,0.261,0.154,0.09,0.014,0.004,0.031
1516,913,544,372,9,11,2020-07-08,0.9269960070686504,1.0395495664748111,1.0497674687867853,1.2283308568598317,0.19104224156230099,0.8172362555720654,0.3107190274778432,0.34844576227624025,0.3518706925294782,0.4117232073862081,0.06403529147135725,0.2739287468496949,0.45052005943536405,0.2713224368499257,0.16166419019316494,0.11054977711738484,0.002674591381872214,0.0032689450222882616,0.486,0.261,0.154,0.09,0.014,0.004,0.031
1551,916,544,375,9,12,2020-07-09,0.9367062003790309,1.030108172603846,1.036826396380256,1.2229723119068585,0.18868715669420102,0.8805400645729381,0.31789261980088046,0.34959071001646885,0.3518706925294782,0.41504355583287106,0.06403529147135725,0.29883136019966716,0.455239213384209,0.26885823304960377,0.15967126504255943,0.11006750807161726,0.0026416201937188143,0.0035221602582917524,0.486,0.261,0.154,0.09,0.014,0.004,0.031
1589,920,547,380,9,13,2020-07-10,0.9455024074907116,1.0193476618159012,1.027168320401403,1.221001221001221,0.18590432124266712,0.9398496240601503,0.32568109146589236,0.35111730700344035,0.35381115590739814,0.42057746991064265,0.06403529147135725,0.32373397354963945,0.45951417004048584,0.26604973973395024,0.15818392134181608,0.10989010989010989,0.0026026604973973396,0.0037593984962406013,0.486,0.261,0.154,0.09,0.014,0.004,0.031
1615,928,550,386,9,13,2020-07-11,0.9491703134789238,1.0155828493446315,1.0201167013506345,1.225046812021962,0.1836210062431142,0.9283061982290773,0.3310100457630058,0.3541705009773833,0.35575161928531807,0.4272181668039686,0.06403529147135725,0.32373397354963945,0.46129677235075695,0.26506712367894886,0.15709797200799772,0.11025421308197658,0.002570694087403599,0.0037132247929163096,0.486,0.261,0.154,0.09,0.014,0.004,0.031
1622,934,550,387,9,14,2020-07-12,0.9492174515559676,1.0177884133397843,1.0157646676418008,1.2229806598407282,0.18283764017552412,0.9954493742889646,0.33244476422761327,0.3564603964578405,0.35575161928531807,0.42832494961952294,0.06403529147135725,0.3486365868996117,0.4613196814562002,0.2656427758816837,0.15642775881683732,0.11006825938566553,0.002559726962457338,0.003981797497155859,0.486,0.261,0.154,0.09,0.014,0.004,0.031
1627,937,551,387,9,14,2020-07-13,0.9497125178764265,1.0184505855819135,1.0150133554388874,1.2198581560283688,0.182370820668693,0.9929078014184397,0.33346956313090426,0.3576053441980691,0.3563984404112914,0.42832494961952294,0.06403529147135725,0.3486365868996117,0.4615602836879433,0.26581560283687944,0.15631205673758866,0.1097872340425532,0.002553191489361702,0.003971631205673759,0.486,0.261,0.154,0.09,0.014,0.004,0.031
1662,957,558,391,9,14,2020-07-14,0.9523121933778204,1.021071196509793,1.0090160466100315,1.2098146601070578,0.1790189760114572,0.9746588693957114,0.3406431554539416,0.36523832913292653,0.3609261882931045,0.4327520808817402,0.06403529147135725,0.3486365868996117,0.4628237259816207,0.26649958228905596,0.15538847117794485,0.1088833194096352,0.002506265664160401,0.003898635477582846,0.486,0.261,0.154,0.09,0.014,0.004,0.031
1685,963,563,393,9,15,2020-07-15,0.9556444843716679,1.016994259209976,1.0076747948853793,1.2036016170525543,0.17719325878091038,1.033627342888644,0.34535723040908034,0.36752822461338375,0.36416029392297106,0.43496564651284886,0.06403529147135725,0.373539200249584,0.4644432194046306,0.26543550165380375,0.1551819184123484,0.10832414553472988,0.0024807056229327455,0.004134509371554576,0.486,0.261,0.154,0.09,0.014,0.004,0.031
1719,962,569,397,9,16,2020-07-16,0.9632453804567095,1.0037646391038322,1.0062105650340945,1.2012829823287339,0.17507002801120447,1.0893246187363834,0.3523258629514594,0.36714657536664086,0.3680412206788109,0.43939277777506613,0.06403529147135725,0.3984418135995562,0.4681372549019608,0.2619825708061002,0.15495642701525056,0.10811546840958605,0.0024509803921568627,0.004357298474945534,0.486,0.261,0.154,0.09,0.014,0.004,0.031
1758,971,577,400,9,17,2020-07-17,0.9692615087398939,0.9968666970551879,1.003953174371181,1.190901512444921,0.1722553973357832,1.1387995712754555,0.3603192943971295,0.3705814185873267,0.3732157896865973,0.44271312622172915,0.06403529147135725,0.4233444269495285,0.47106109324758844,0.26018220793140406,0.15460878885316184,0.10718113612004287,0.002411575562700965,0.004555198285101822,0.486,0.261,0.154,0.09,0.014,0.004,0.031
1782,980,578,409,9,17,2020-07-18,0.9713024282560707,0.9946461647763314,0.9942375505289412,1.2038263428991907,0.17029328287606432,1.1258278145695364,0.36523832913292653,0.3740162618080125,0.3738626108125706,0.452674171561718,0.06403529147135725,0.4233444269495285,0.47205298013245034,0.2596026490066225,0.15311258278145695,0.10834437086092716,0.0023841059602649007,0.004503311258278146,0.486,0.261,0.154,0.09,0.014,0.004,0.031
1787,985,578,410,9,17,2020-07-19,0.9711977634733988,0.9968162599453927,0.9913488518876792,1.203263485355403,0.1697985057731492,1.1225567881669307,0.3662631280362175,0.3759245080417269,0.3738626108125706,0.45378095437727234,0.06403529147135725,0.4233444269495285,0.4720021130480718,0.2601690438457475,0.1526677231907026,0.10829371368198626,0.002377179080824089,0.004490227152667723,0.486,0.261,0.154,0.09,0.014,0.004,0.031
1790,990,578,410,9,17,2020-07-20,0.9707769035362311,0.9997636922182029,0.9892585011193341,1.2007262929772156,0.16944046991490325,1.1201897733263046,0.36687800737819215,0.3778327542754412,0.3738626108125706,0.45378095437727234,0.06403529147135725,0.4233444269495285,0.4717975751186083,0.260938323668951,0.15234580917237744,0.10806536636794939,0.0023721665788086453,0.0044807590933052185,0.486,0.261,0.154,0.09,0.014,0.004,0.031
1820,997,582,413,10,17,2020-07-21,0.9754769385460248,0.9950308339795544,0.984428439494863,1.1953344331567828,0.18606035798012874,1.107059129981766,0.37302680079793843,0.3805042990026413,0.37644989531646383,0.4571013028239353,0.07115032385706362,0.4233444269495285,0.47408179213336804,0.2597030476686637,0.1516019796822089,0.10758009898411044,0.0026048450117218025,0.004428236519927064,0.486,0.261,0.154,0.09,0.014,0.004,0.031
1855,1008,591,419,10,16,2020-07-22,0.978936247238661,0.9905280752801336,0.9842683605186812,1.1940383574135818,0.18319715678012674,1.0259040779687099,0.3802003931209757,0.38470244071681287,0.3822712854502236,0.46374199971726127,0.07115032385706362,0.3984418135995562,0.4757630161579892,0.2585278276481149,0.1515773275198769,0.10746345216722236,0.0025647601949217746,0.004103616311874839,0.486,0.261,0.154,0.09,0.014,0.004,0.031
1882,1016,600,424,10,16,2020-07-23,0.9808581518589399,0.9859980512951899,0.9868550901985552,1.1932905549926827,0.18092343320306847,1.0131712259371835,0.3857343071987473,0.38775563469075586,0.38809267558398336,0.46927591379503286,0.07115032385706362,0.3984418135995562,0.4766970618034448,0.2573454913880446,0.1519756838905775,0.10739614994934144,0.0025329280648429585,0.004052684903748734,0.486,0.261,0.154,0.09,0.014,0.004,0.031
1906,1017,606,429,10,19,2020-07-24,0.9836495358887578,0.9773142021916054,0.9869738989377815,1.1955522113535657,0.17915367802500984,1.1913719588663154,0.39065334193454426,0.3881372839374987,0.3919736023398232,0.4748098278728045,0.07115032385706362,0.47314965364947303,0.4780536744419363,0.255079006772009,0.15199398043641835,0.10759969902182091,0.002508151492350138,0.004765487835465262,0.486,0.261,0.154,0.09,0.014,0.004,0.031
1938,1024,609,434,11,19,2020-07-25,0.9882662505545612,0.9723349807954346,0.9800608313619465,1.1950984441690762,0.19472473004071517,1.1771995043370507,0.39721205491560696,0.3908088286646988,0.3939140657177431,0.4803437419505761,0.07826535624276998,0.47314965364947303,0.48029739776951674,0.25377942998760844,0.15092936802973977,0.10755885997521686,0.0027261462205700124,0.004708798017348203,0.486,0.261,0.154,0.09,0.014,0.004,0.031
1938,1025,609,438,11,19,2020-07-26,0.9870431487593203,0.9720799666173514,0.9788478847884788,1.2046204620462047,0.19448373408769445,1.1757425742574257,0.39721205491560696,0.3911904779114417,0.3939140657177431,0.4847708732127934,0.07826535624276998,0.47314965364947303,0.4797029702970297,0.2537128712871287,0.15074257425742574,0.10841584158415841,0.0027227722772277226,0.004702970297029703,0.486,0.261,0.154,0.09,0.014,0.004,0.031
1976,1038,619,441,12,19,2020-07-28,0.9904612963213586,0.9688213140689095,0.9791669962193714,1.1936662606577344,0.20880459370106141,1.1571254567600489,0.40500052658061886,0.396151918119099,0.40038227697747614,0.48809122165945634,0.08538038862847634,0.47314965364947303,0.4813641900121803,0.2528623629719854,0.1507917174177832,0.1074299634591961,0.00292326431181486,0.004628501827040195,0.486,0.261,0.154,0.09,0.014,0.004,0.031
2035,1049,632,449,12,19,2020-07-29,0.9979129643360127,0.9578544061302682,0.9780495957807683,1.1889630335769517,0.20427618139724907,1.1320305052430886,0.4170931536394531,0.40035005983327054,0.40879095161512913,0.49694548418389095,0.08538038862847634,0.47314965364947303,0.4849857006673022,0.25,0.15061963775023832,0.10700667302192564,0.002859866539561487,0.004528122020972355,0.486,0.261,0.154,0.09,0.014,0.004,0.031
2050,1060,639,452,12,19,2020-07-30,0.9967171540370449,0.9596650949887375,0.9804703802813444,1.1867254778407899,0.20253848231163923,1.1224007561436673,0.42016755034932624,0.4045482015474421,0.4133186994969423,0.5002658326305539,0.08538038862847634,0.47314965364947303,0.4844045368620038,0.2504725897920605,0.15099243856332703,0.10680529300567108,0.002835538752362949,0.0044896030245746696,0.486,0.261,0.154,0.09,0.014,0.004,0.031
2112,1077,653,465,12,19,2020-08-01,1.0017701734314612,0.9512302401127698,0.9774688197924712,1.1910250499462118,0.1975894092076665,1.094974642692485,0.4328750567501351,0.4110362387420709,0.4223741952605686,0.5146540092327601,0.08538038862847634,0.47314965364947303,0.48686030428769017,0.24827109266943292,0.15053019824804056,0.10719225449515905,0.0027662517289073307,0.00437989857076994,0.486,0.261,0.154,0.09,0.014,0.004,0.031
2125,1079,657,468,12,20,2020-08-02,1.002620496110776,0.9479705610773302,0.978269609317534,1.1923870671864252,0.19654731876699316,1.1465260261407935,0.4355395338986918,0.4117995372355566,0.42496147976446175,0.5179743576794231,0.08538038862847634,0.49805226699944527,0.4872735611098372,0.2474203164411832,0.15065351983490025,0.10731483604677826,0.002751662462737904,0.004586104104563174,0.486,0.261,0.154,0.09,0.014,0.004,0.031
2237,1101,686,483,12,16,2020-08-06,1.014968171650764,0.9301854034394048,0.9822591961511475,1.183388460124954,0.18900614269963772,0.8820286659316428,0.4584950293324111,0.42019582066389977,0.44371929241768765,0.5345760999127379,0.08538038862847634,0.3984418135995562,0.49327453142227123,0.24277839029768467,0.15126791620727673,0.10650496141124587,0.002646085997794928,0.0035281146637265713,0.486,0.261,0.154,0.09,0.014,0.004,0.031
2264,1113,694,483,12,16,2020-08-07,1.0166818450440354,0.9306782662793439,0.9835210620893728,1.1712498181289104,0.18706740662218618,0.8729812309035355,0.46402894341018275,0.4247756116248142,0.4488938614254741,0.5345760999127379,0.08538038862847634,0.3984418135995562,0.49410737669140115,0.24290702749890877,0.1514622435617634,0.10541248363160192,0.0026189436927106066,0.003491924923614142,0.486,0.261,0.154,0.09,0.014,0.004,0.031
2293,1120,704,487,11,16,2020-08-08,1.0188095434862392,0.9266222715317645,0.9871363790603697,1.1684541375752777,0.16966406515100102,0.8637443316778234,0.46997277704927076,0.4274471563520143,0.4553620726852071,0.5390032311749552,0.07826535624276998,0.3984418135995562,0.4951414381343122,0.24184841286979053,0.15201900237529692,0.10516087238177499,0.0023752969121140144,0.0034549773267112936,0.486,0.261,0.154,0.09,0.014,0.004,0.031
2380,1149,725,492,11,18,2020-08-12,1.0255747312175467,0.9219474032617199,0.9859250696947032,1.1448516579406631,0.16454749439042632,0.9424083769633508,0.48780427796653486,0.43851498450755755,0.46894531633064657,0.5445371452527268,0.07826535624276998,0.44824704029950074,0.49842931937172774,0.2406282722513089,0.1518324607329843,0.10303664921465969,0.0023036649214659686,0.003769633507853403,0.486,0.261,0.154,0.09,0.014,0.004,0.031
2416,1159,732,495,12,17,2020-08-13,1.029019543704794,0.919191270300129,0.9839053515311019,1.1384806458290209,0.17742555519413314,0.8797350445042434,0.49518283007023034,0.44233147697498626,0.4734730642124597,0.5478574936993897,0.08538038862847634,0.4233444269495285,0.5001034982405299,0.23990892154833368,0.1515214241357897,0.10246325812461188,0.002483957772717864,0.003518940178016974,0.486,0.261,0.154,0.09,0.014,0.004,0.031
2465,1170,738,499,12,18,2020-08-14,1.0346830805600469,0.9144754428171471,0.9776025687898392,1.131057618205721,0.17485574401119075,0.9179926560587516,0.5052258593224825,0.4465296186891578,0.4773539909682995,0.5522846249616071,0.08538038862847634,0.44824704029950074,0.5028559771521828,0.2386780905752754,0.15055079559363524,0.10179518563851489,0.0024479804161566705,0.0036719706242350062,0.486,0.261,0.154,0.09,0.014,0.004,0.031
2465,1170,738,499,12,18,2020-08-15,1.0346830805600469,0.9144754428171471,0.9776025687898392,1.131057618205721,0.17485574401119075,0.9179926560587516,0.5052258593224825,0.4465296186891578,0.4773539909682995,0.5522846249616071,0.08538038862847634,0.44824704029950074,0.5028559771521828,0.2386780905752754,0.15055079559363524,0.10179518563851489,0.0024479804161566705,0.0036719706242350062,0.486,0.261,0.154,0.09,0.014,0.004,0.031
2470,1173,738,500,12,18,2020-08-16,1.034881801414981,0.915140067921649,0.9758109941372005,1.1312473132876308,0.17453529976437734,0.916310323762981,0.5062506582257735,0.4476745664293864,0.4773539909682995,0.5533914077771614,0.08538038862847634,0.44824704029950074,0.5029525554876807,0.2388515577275504,0.15027489309712888,0.10181225819588678,0.002443494196701283,0.0036652412950519244,0.486,0.261,0.154,0.09,0.014,0.004,0.031
2590,1225,769,525,10,17,2020-08-21,1.0376203479353359,0.9138408469700767,0.9722559372092083,1.1357736240913812,0.13907432131731196,0.8274922118380061,0.5308458319047585,0.46752032726001563,0.497405445873472,0.5810609781660194,0.07115032385706362,0.4233444269495285,0.5042834890965732,0.23851246105919002,0.14972741433021808,0.1022196261682243,0.0019470404984423676,0.003309968847352025,0.486,0.261,0.154,0.09,0.014,0.004,0.031
2618,1235,774,527,10,17,2020-08-22,1.0397280979965575,0.9132987389082272,0.970077982237797,1.1301979454845699,0.13786637990459646,0.820304960432349,0.5365847057631883,0.47133681972744434,0.5006395515033385,0.5832745437971282,0.07115032385706362,0.4233444269495285,0.505307855626327,0.2383709708550473,0.14939200926462073,0.10171781509361127,0.0019301293186643506,0.003281219841729396,0.486,0.261,0.154,0.09,0.014,0.004,0.031
2625,1235,775,527,10,17,2020-08-23,1.0409008610331922,0.9118906853504576,0.9698337892594975,1.1284554934583841,0.13765382815296093,0.8190402775101175,0.5380194242277958,0.47133681972744434,0.5012863726293119,0.5832745437971282,0.07115032385706362,0.4233444269495285,0.5058778184621314,0.23800346887646945,0.1493544035459626,0.10156099441125457,0.001927153594141453,0.0032761611100404703,0.486,0.261,0.154,0.09,0.014,0.004,0.031
2633,1240,776,527,10,17,2020-08-24,1.041263784980017,0.9131189418424236,0.9684722350492099,1.1254190958207873,0.13728343538068696,0.8168364405150874,0.5396591024730615,0.4732450659611587,0.5019331937552851,0.5832745437971282,0.07115032385706362,0.4233444269495285,0.5060541995002883,0.23832404382087258,0.14914472419757832,0.10128771862387084,0.0019219680953296175,0.0032673457620603498,0.486,0.261,0.154,0.09,0.014,0.004,0.031
2662,1251,779,529,10,17,2020-08-25,1.0437054602027502,0.9133200168208578,0.9638798701298702,1.1200033875338753,0.1361062717770035,0.8098323170731707,0.5456029361121495,0.4774432076753303,0.5038736571332051,0.5854881094282368,0.07115032385706362,0.4233444269495285,0.5072408536585366,0.2383765243902439,0.1484375,0.10080030487804878,0.0019054878048780487,0.0032393292682926828,0.486,0.261,0.154,0.09,0.014,0.004,0.031
2690,1266,789,534,10,15,2020-08-26,1.0435481568379172,0.9145125777985819,0.9659458188869954,1.1186525892408246,0.13466925231631113,0.7070135746606334,0.5513418099705792,0.4831679463764733,0.5103418683929382,0.5910220235060084,0.07115032385706362,0.373539200249584,0.5071644042232277,0.23868778280542988,0.14875565610859728,0.10067873303167421,0.001885369532428356,0.002828054298642534,0.486,0.261,0.154,0.09,0.014,0.004,0.031
2715,1269,796,536,10,15,2020-08-27,1.0459501503625575,0.9103293326188431,0.9677646824248585,1.1150637625080613,0.13373632546072164,0.7021157086687886,0.5564658044870345,0.4843128941167019,0.5148696162747513,0.593235589137117,0.07115032385706362,0.373539200249584,0.5083317730762029,0.23759595581351806,0.1490357610934282,0.10035573862572551,0.001872308556450103,0.0028084628346751544,0.486,0.261,0.154,0.09,0.014,0.004,0.031
2727,1275,802,541,10,15,2020-08-28,1.0448996482516038,0.9096941287270703,0.9697937072238749,1.1193875439685497,0.13301409949454643,0.6983240223463687,0.5589253218549329,0.48660278959715914,0.5187505430305911,0.5987695032148886,0.07115032385706362,0.373539200249584,0.5078212290502794,0.23743016759776536,0.14934823091247673,0.10074487895716946,0.00186219739292365,0.002793296089385475,0.486,0.261,0.154,0.09,0.014,0.004,0.031
2745,1278,805,541,11,15,2020-08-29,1.0469227336697218,0.9076092167076795,0.9689106074648243,1.1142003913088252,0.14563749503508538,0.6950880444856349,0.5626145979067807,0.48774773733738774,0.520691006408511,0.5987695032148886,0.07826535624276998,0.373539200249584,0.5088044485634847,0.23688600556070435,0.14921223354958293,0.10027803521779426,0.0020389249304911955,0.0027803521779425394,0.486,0.261,0.154,0.09,0.014,0.004,0.031
2751,1277,805,541,11,16,2020-08-30,1.0480455151195138,0.9058915583250157,0.9678342394506068,1.1129626200909297,0.14547570555717193,0.7406035919274209,0.56384435659073,0.4873660880906449,0.520691006408511,0.5987695032148886,0.07826535624276998,0.3984418135995562,0.5093501203480837,0.2364376967228291,0.14904647287539344,0.10016663580818368,0.002036659877800407,0.0029624143677096835,0.486,0.261,0.154,0.09,0.014,0.004,0.031
2759,1283,805,543,11,15,2020-08-31,1.0481821884250901,0.9076271809934521,0.9651537531892036,1.1139832594780896,0.14507280016881197,0.6923929098966026,0.5654840348359956,0.4896559835711021,0.520691006408511,0.6009830688459973,0.07826535624276998,0.373539200249584,0.5094165435745938,0.236890694239291,0.14863367799113736,0.10025849335302807,0.0020310192023633676,0.0027695716395864105,0.486,0.261,0.154,0.09,0.014,0.004,0.031
2781,1295,812,544,11,15,2020-09-01,1.0484100810227597,0.9090666588044685,0.9660548319397715,1.107446765196857,0.14395644663141915,0.6870648589226822,0.5699931500104762,0.49423577453201656,0.5252187542903242,0.6020898516615516,0.07826535624276998,0.373539200249584,0.5095272993770612,0.23726639794796628,0.1487724441187248,0.09967020886771712,0.002015390252839868,0.002748259435690729,0.486,0.261,0.154,0.09,0.014,0.004,0.031
2809,1300,823,549,11,15,2020-09-02,1.0495433795072637,0.9044566754816405,0.9704296067107034,1.107681133103323,0.1426755557861423,0.6809515162520428,0.575732023868906,0.4961440207657309,0.5323337866760305,0.6076237657393232,0.07826535624276998,0.373539200249584,0.5100780824405302,0.23606319230070819,0.14944615943344833,0.09969130197929907,0.0019974577810059923,0.002723806065008171,0.486,0.261,0.154,0.09,0.014,0.004,0.031
2825,1318,829,550,11,15,2020-09-03,1.0477211971243856,0.9102033938570248,0.9702806206050619,1.10149803733077,0.14162117622824183,0.6759192501802451,0.5790113803594373,0.5030137072071026,0.5362147134318703,0.6087305485548775,0.07826535624276998,0.373539200249584,0.5091925018024513,0.23756308579668348,0.14942321557317953,0.09913482335976928,0.0019826964671953856,0.0027036770007209804,0.486,0.261,0.154,0.09,0.014,0.004,0.031
2853,1329,834,552,11,15,2020-09-04,1.049404785550656,0.9102527749353782,0.9681059019636066,1.09641282326302,0.14045661167577506,0.6703611011798355,0.5847502542178672,0.5072118489212741,0.5394488190617369,0.6109441141859862,0.07826535624276998,0.373539200249584,0.5100107257776189,0.2375759742581337,0.1490883089023954,0.0986771540936718,0.001966392563460851,0.002681444404719342,0.486,0.261,0.154,0.09,0.014,0.004,0.031
2867,1334,835,553,10,15,2020-09-05,1.0507974625458691,0.9104223568063967,0.9658136662055438,1.0944860072042117,0.12723293806300576,0.6679729248307802,0.5876196911470821,0.5091200951549885,0.5400956401877102,0.6120508970015405,0.07115032385706362,0.373539200249584,0.5106875667972924,0.23762023512646954,0.14873530459565373,0.09850374064837905,0.0017812611328820805,0.0026718916993231207,0.486,0.261,0.154,0.09,0.014,0.004,0.031
2870,1335,836,553,10,15,2020-09-06,1.0509609884745832,0.9102940965893632,0.966109882287138,1.0935120919103833,0.12711972135357077,0.6673785371062466,0.5882345704890567,0.5095017444017313,0.5407424613136834,0.6120508970015405,0.07115032385706362,0.373539200249584,0.5107670403986474,0.2375867592098238,0.14878092187221925,0.0984160882719345,0.001779676098949991,0.0026695141484249867,0.486,0.261,0.154,0.09,0.014,0.004,0.031
2886,1338,838,555,10,15,2020-09-07,1.0525118051999773,0.908620485928606,0.9644733147037295,1.0929930284768996,0.12660150908998835,0.6646579227224388,0.591513926979588,0.5106466921419599,0.54203610356563,0.6142644626326491,0.07115032385706362,0.373539200249584,0.511520737327189,0.23714994682736618,0.14852889046437434,0.09836937256292096,0.001772421127259837,0.0026586316908897554,0.486,0.261,0.154,0.09,0.014,0.004,0.031
2892,1335,839,556,10,15,2020-09-08,1.0537661207633464,0.90578050801056,0.9647692488138744,1.0939928772406196,0.12648941283614562,0.6640694173897644,0.5927436856635373,0.5095017444017313,0.5426829246916034,0.6153712454482034,0.07115032385706362,0.373539200249584,0.5121303346909863,0.23640871259075616,0.14857446431733665,0.09845935895165575,0.0017708517797060386,0.002656277669559058,0.486,0.261,0.154,0.09,0.014,0.004,0.031
2921,1343,842,564,10,15,2020-09-09,1.0553622591472558,0.9035283353348201,0.9600583788467897,1.1003804506877377,0.12542330364981813,0.6584723441615452,0.5986875193026253,0.5125549383756743,0.5446233880695233,0.6242255079726381,0.07115032385706362,0.373539200249584,0.5129060579455663,0.23582089552238805,0.14784899034240562,0.0990342405618964,0.001755926251097454,0.0026338893766461808,0.486,0.261,0.154,0.09,0.014,0.004,0.031
2941,1348,845,569,10,17,2020-09-10,1.0560977886942595,0.9013526977058299,0.9575938895310624,1.1033546635640876,0.12465719272001995,0.7417102966841187,0.6027867149157895,0.5144631846093887,0.5465638514474432,0.6297594220504097,0.07115032385706362,0.4233444269495285,0.5132635253054101,0.23525305410122163,0.1474694589877836,0.09930191972076789,0.0017452006980802793,0.002966841186736475,0.486,0.261,0.154,0.09,0.014,0.004,0.031
2958,1363,853,570,10,17,2020-09-11,1.0546559960295303,0.9049076801632684,0.9597922437984818,1.0974412291341766,0.12377156719558384,0.7364408248137239,0.606271031186979,0.5201879233105317,0.5517384204552297,0.630866204865964,0.07115032385706362,0.4233444269495285,0.5125628140703518,0.23618090452261306,0.1478080055449662,0.0987697106220759,0.0017328019407381737,0.0029457632992548953,0.486,0.261,0.154,0.09,0.014,0.004,0.031
2974,1365,853,574,11,16,2020-09-12,1.0563337758995355,0.9027938990974045,0.9561472534025615,1.1009455856685273,0.1356316736948534,0.6904885206283445,0.6095503876775104,0.5209512218040174,0.5517384204552297,0.6352933361281813,0.07826535624276998,0.3984418135995562,0.5133782150871742,0.23562920766442258,0.14724667702399447,0.09908510271016745,0.0018988434317279475,0.002761954082513378,0.486,0.261,0.154,0.09,0.014,0.004,0.031
2980,1367,854,574,11,17,2020-09-13,1.056640917249415,0.9025586580596772,0.9556185671987845,1.0990483849349952,0.13539794687476922,0.732379803549888,0.6107801463614596,0.5217145202975032,0.552385241581203,0.6352933361281813,0.07826535624276998,0.4233444269495285,0.5135274857832156,0.23556780975357575,0.1471652593486128,0.09891435464414958,0.001895571256246769,0.002929519214199552,0.486,0.261,0.154,0.09,0.014,0.004,0.031
2997,1374,855,573,11,17,2020-09-14,1.0582918597334248,0.9034439361750393,0.952796988492887,1.0926148389680226,0.1348402755644904,0.7293633087351982,0.6142644626326491,0.5243860650247033,0.5530320627071763,0.634186553312627,0.07826535624276998,0.4233444269495285,0.5143298438304444,0.23579886734168526,0.14673073622790458,0.09833533550712202,0.001887763857902866,0.002917453234940793,0.486,0.261,0.154,0.09,0.014,0.004,0.031
3022,1381,858,576,11,18,2020-09-15,1.0600250589643323,0.902009502124719,0.9497832545906191,1.0910330719399932,0.13394379231406167,0.7671326287078077,0.6193884571491043,0.5270576097519034,0.5549725260850962,0.6375069017592899,0.07826535624276998,0.44824704029950074,0.5151721786566655,0.23542448005455166,0.14626662120695533,0.09819297647459939,0.0018752130923968633,0.003068530514831231,0.486,0.261,0.154,0.09,0.014,0.004,0.031
3034,1388,864,580,11,18,2020-09-16,1.0589988725885437,0.9021217409389735,0.9517200356895014,1.0932051644519838,0.13328486610929358,0.7633587786259541,0.6218479745170028,0.5297291544791034,0.558853452840936,0.6419340330215072,0.07826535624276998,0.44824704029950074,0.5146734520780323,0.2354537743850721,0.1465648854961832,0.09838846480067855,0.0018659881255301102,0.0030534351145038168,0.486,0.261,0.154,0.09,0.014,0.004,0.031
3052,1391,867,578,11,18,2020-09-17,1.0613208367325506,0.9007101429286483,0.9514737417390788,1.085384860946801,0.13278929959680338,0.7605205340544194,0.6255372505688506,0.5308741022193321,0.560793916218856,0.6397204673903986,0.07826535624276998,0.44824704029950074,0.5158019266520196,0.23508534730437722,0.14652695622781814,0.0976846374852121,0.0018590501943552475,0.003042082136217678,0.486,0.261,0.154,0.09,0.014,0.004,0.031
3060,1384,870,578,11,19,2020-09-18,1.0632043728970444,0.8954208024885452,0.9539599205252701,1.0844684603549852,0.13267718434891687,0.8020938872002702,0.6271769288141162,0.528202557492132,0.5627343795967759,0.6397204673903986,0.07826535624276998,0.47314965364947303,0.5167173252279635,0.2337048294495103,0.1469098277608916,0.09760216143194866,0.0018574805808848362,0.003208375548801081,0.486,0.261,0.154,0.09,0.014,0.004,0.031
3057,1382,870,580,11,20,2020-09-19,1.062520854187521,0.8944289116702909,0.9542822042822042,1.0885885885885886,0.13272200772200773,0.8445945945945946,0.6265620494721416,0.5274392589986462,0.5627343795967759,0.6419340330215072,0.07826535624276998,0.49805226699944527,0.5163851351351352,0.23344594594594595,0.14695945945945946,0.09797297297297297,0.0018581081081081082,0.0033783783783783786,0.486,0.261,0.154,0.09,0.014,0.004,0.031
3066,1388,872,585,11,20,2020-09-20,1.0617034626907846,0.8949861431900453,0.9529346452941203,1.093907775159879,0.13223061018416118,0.841467519353753,0.6284066874980655,0.5297291544791034,0.5640280218487225,0.6474679470992788,0.07826535624276998,0.49805226699944527,0.5159878828677213,0.23359138337260182,0.14675193537529452,0.0984516997643891,0.0018512285425782565,0.003365870077415012,0.486,0.261,0.154,0.09,0.014,0.004,0.031
3072,1391,875,586,11,20,2020-09-21,1.0614588840169585,0.8949625383222186,0.9541256392641784,1.0933855770127812,0.13194194554396066,0.8396305625524769,0.6296364461820148,0.5308741022193321,0.5659684852266424,0.6485747299148331,0.07826535624276998,0.49805226699944527,0.5158690176322418,0.23358522250209907,0.14693534844668346,0.09840470193115029,0.0018471872376154492,0.0033585222502099076,0.486,0.261,0.154,0.09,0.014,0.004,0.031
3087,1397,880,591,12,20,2020-09-22,1.060940680115559,0.8940187775941103,0.9544489250518983,1.096820889705473,0.14316733875778473,0.8351428094204109,0.6327108428918878,0.5331639976997893,0.5692025908565089,0.6541086439926048,0.08538038862847634,0.49805226699944527,0.5156171705361616,0.2333389009520628,0.14698513445799233,0.09871388007349256,0.002004342742608986,0.0033405712376816435,0.486,0.261,0.154,0.09,0.014,0.004,0.031
3104,1404,881,592,12,21,2020-09-23,1.061993893535112,0.8944646399779823,0.9512436349815798,1.0937442264346156,0.1425245854909972,0.8729630861323577,0.6361951591630773,0.5358355424269894,0.5698494119824822,0.6552154268081591,0.08538038862847634,0.5229548803494175,0.5161290322580645,0.2334552710342534,0.1464915197871633,0.0984369803791154,0.0019953441968739607,0.003491852344529431,0.486,0.261,0.154,0.09,0.014,0.004,0.031
3119,1408,887,597,12,20,2020-09-24,1.0620048772548452,0.8927082600241056,0.9531259738110641,1.0976887859231066,0.14184061842509632,0.8274036074797286,0.6392695558729505,0.5373621394139608,0.573730338738322,0.6607493408859307,0.08538038862847634,0.49805226699944527,0.5161343703458547,0.23299685586629157,0.14678139996690387,0.0987919907330796,0.0019857686579513485,0.0033096144299189145,0.486,0.261,0.154,0.09,0.014,0.004,0.031
3135,1418,890,599,12,20,2020-09-25,1.0620048211970063,0.894460024954047,0.9514686827824792,1.09574507006183,0.14111670351380592,0.8231807704972012,0.6425489123634818,0.5411786318813896,0.575670802116242,0.6629629065170394,0.08538038862847634,0.49805226699944527,0.5161343431017451,0.23345406651300626,0.1465261771485018,0.09861705630556471,0.001975633849193283,0.0032927230819888046,0.486,0.261,0.154,0.09,0.014,0.004,0.031
3136,1422,896,601,12,21,2020-09-26,1.0599006072797867,0.8949204766867551,0.9556803249313105,1.0968754562709886,0.1407921907264877,0.8623521681997371,0.64275387214414,0.542705228868361,0.5795517288720818,0.665176472148148,0.08538038862847634,0.5229548803494175,0.5151116951379764,0.2335742444152431,0.1471747700394218,0.09871879106438897,0.0019710906701708277,0.0034494086727989487,0.486,0.261,0.154,0.09,0.014,0.004,0.031
3141,1426,897,601,12,21,2020-09-27,1.0598496167535199,0.8959661417787881,0.9551779804321621,1.0950767100324332,0.14056130815724124,0.8609380124631026,0.643778671047431,0.5442318258553325,0.5801985499980551,0.665176472148148,0.08538038862847634,0.5229548803494175,0.5150869137422106,0.2338471630042637,0.14709740898655296,0.09855690390291899,0.0019678583142013774,0.003443752049852411,0.486,0.261,0.154,0.09,0.014,0.004,0.031
3141,1427,897,601,12,21,2020-09-28,1.059675842427113,0.8964474422350501,0.9550213682038572,1.0948971598258366,0.1405382615417047,0.8607968519429414,0.643778671047431,0.5446134751020754,0.5801985499980551,0.665176472148148,0.08538038862847634,0.5229548803494175,0.515002459419577,0.2339727824233481,0.147073290703394,0.0985407443843253,0.001967535661583866,0.003443187407771766,0.486,0.261,0.154,0.09,0.014,0.004,0.031
3160,1436,900,603,12,21,2020-09-29,1.0603485996687416,0.8972465278558807,0.9530586829999745,1.0926288323548596,0.1397819401733296,0.8561643835616438,0.6476729068799371,0.5480483183227612,0.5821390133759751,0.6673900377792567,0.08538038862847634,0.5229548803494175,0.5153294194390085,0.23418134377038485,0.14677103718199608,0.09833659491193737,0.0019569471624266144,0.003424657534246575,0.486,0.261,0.154,0.09,0.014,0.004,0.031
3183,1432,902,607,12,21,2020-09-30,1.0637295299739131,0.8911141852061354,0.9512981739715539,1.0954108241748326,0.13921436692266642,0.8526879974013318,0.6523869818350758,0.5465217213357897,0.5834326556279217,0.6718171690414739,0.08538038862847634,0.5229548803494175,0.5169725515673218,0.23258080233880135,0.1464999187916193,0.09858697417573493,0.0019490011369173298,0.0034107519896053274,0.486,0.261,0.154,0.09,0.014,0.004,0.031
3200,1441,906,610,12,21,2020-10-01,1.0637095541062513,0.8919342159830155,0.9504227597927113,1.0949560222581225,0.13847219016847448,0.8481421647819063,0.6558712981062653,0.5499565645564756,0.5860199401318149,0.6751375174881369,0.08538038862847634,0.5229548803494175,0.5169628432956381,0.23279483037156704,0.14636510500807753,0.09854604200323101,0.0019386106623586429,0.003392568659127625,0.486,0.261,0.154,0.09,0.014,0.004,0.031
3207,1442,910,611,12,21,2020-10-02,1.063802262147149,0.8906826075381891,0.9526182345785764,1.0944525050602756,0.13818198567513415,0.8463646622601967,0.6573060165708728,0.5503382138032185,0.5886072246357081,0.6762443003036912,0.08538038862847634,0.5229548803494175,0.5170078994035144,0.23246816056746736,0.14670320812510076,0.09850072545542479,0.0019345477994518782,0.003385458649040787,0.486,0.261,0.154,0.09,0.014,0.004,0.031
3213,1445,912,616,12,22,2020-10-03,1.062879599857092,0.8900962166290917,0.9521025598196017,1.100392997499107,0.13780431786862654,0.8842443729903537,0.658535775254822,0.551483161543447,0.5899008668876548,0.6817782143814628,0.08538038862847634,0.5478574936993899,0.5165594855305466,0.23231511254019294,0.14662379421221866,0.09903536977491961,0.0019292604501607716,0.003536977491961415,0.486,0.261,0.154,0.09,0.014,0.004,0.031
3218,1446,913,616,12,22,2020-10-04,1.0633369482824366,0.8897109177866502,0.9520750648099292,1.0991560052102851,0.13764940696047168,0.8832503613296933,0.6595605741581131,0.5518648107901899,0.590547688013628,0.6817782143814628,0.08538038862847634,0.5478574936993899,0.5167817568652642,0.2322145495423157,0.1466195599807291,0.09892404046892565,0.0019270916974466034,0.003533001445318773,0.486,0.261,0.154,0.09,0.014,0.004,0.031
3220,1448,913,616,12,22,2020-10-05,1.0633147814623947,0.8903695587075129,0.9514638787628676,1.0984504003281086,0.13756104271270375,0.8826833574065158,0.6599704937194295,0.5526281092836757,0.590547688013628,0.6817782143814628,0.08538038862847634,0.5478574936993899,0.5167709837907238,0.23238645482266088,0.14652543732948162,0.09886053602952977,0.0019258545979778526,0.0035307334296260633,0.486,0.261,0.154,0.09,0.014,0.004,0.031
3235,1453,916,616,12,22,2020-10-06,1.064339398916381,0.8901582680571024,0.9510796207310438,1.094410688270618,0.13705514185207182,0.8794371602174608,0.6630448904293026,0.55453635551739,0.5924881513915479,0.6817782143814628,0.08538038862847634,0.5478574936993899,0.5172689478733611,0.23233130796290374,0.14646626159258075,0.09849696194435562,0.0019187719859290054,0.003517748640869843,0.486,0.261,0.154,0.09,0.014,0.004,0.031
3248,1462,919,617,12,22,2020-10-07,1.0641922885376531,0.8919637845620714,0.9502440234924311,1.091648973814579,0.1364877161055505,0.8757961783439491,0.6657093675778593,0.5579711987380758,0.5944286147694678,0.6828849971970172,0.08538038862847634,0.5478574936993899,0.5171974522292994,0.23280254777070064,0.1463375796178344,0.09824840764331211,0.001910828025477707,0.0035031847133757963,0.486,0.261,0.154,0.09,0.014,0.004,0.031
3258,1465,922,618,12,20,2020-10-08,1.0649251316447506,0.8916643081689232,0.9510743426549622,1.0908128144029654,0.13616248723476682,0.7942811755361397,0.6677589653844413,0.5591161464783044,0.5963690781473877,0.6839917800125715,0.08538038862847634,0.49805226699944527,0.5175536139793487,0.23272438443208895,0.14646544876886416,0.09817315329626689,0.0019062748212867356,0.003177124702144559,0.486,0.261,0.154,0.09,0.014,0.004,0.031
3264,1471,922,618,12,20,2020-10-09,1.0648564107683605,0.8936127042445692,0.9492647831002041,1.088737381745151,0.13590341797096198,0.7927699381639448,0.6689887240683906,0.5614060419587616,0.5963690781473877,0.6839917800125715,0.08538038862847634,0.49805226699944527,0.5175202156334232,0.23323291580783256,0.14618677659743143,0.09798636435706358,0.0019026478515934676,0.003171079752655779,0.486,0.261,0.154,0.09,0.014,0.004,0.031
3278,1480,924,620,12,20,2020-10-10,1.064865166889515,0.8952475661969036,0.947268708556994,1.0876048135284007,0.13532410122242772,0.7893905904641616,0.6718581609976055,0.5648408851794475,0.5976627203993343,0.6862053456436802,0.08538038862847634,0.49805226699944527,0.5175244711083044,0.23365961477739186,0.14587938111777707,0.09788443321755605,0.001894537417113988,0.0031575623618566467,0.486,0.261,0.154,0.09,0.014,0.004,0.031
3278,1480,924,620,12,20,2020-10-11,1.064865166889515,0.8952475661969036,0.947268708556994,1.0876048135284007,0.13532410122242772,0.7893905904641616,0.6718581609976055,0.5648408851794475,0.5976627203993343,0.6862053456436802,0.08538038862847634,0.49805226699944527,0.5175244711083044,0.23365961477739186,0.14587938111777707,0.09788443321755605,0.001894537417113988,0.0031575623618566467,0.486,0.261,0.154,0.09,0.014,0.004,0.031
3279,1483,924,620,12,20,2020-10-12,1.0645177627401252,0.8964961087353662,0.9466708740927737,1.0869184109954069,0.13523869629896768,0.7888923950773115,0.6720631207782638,0.5659858329196761,0.5976627203993343,0.6862053456436802,0.08538038862847634,0.49805226699944527,0.5173556326917008,0.23398548437993058,0.14578731461028716,0.09782265698958661,0.0018933417481855476,0.003155569580309246,0.486,0.261,0.154,0.09,0.014,0.004,0.031
3279,1483,924,620,12,20,2020-10-13,1.0645177627401252,0.8964961087353662,0.9466708740927737,1.0869184109954069,0.13523869629896768,0.7888923950773115,0.6720631207782638,0.5659858329196761,0.5976627203993343,0.6862053456436802,0.08538038862847634,0.49805226699944527,0.5173556326917008,0.23398548437993058,0.14578731461028716,0.09782265698958661,0.0018933417481855476,0.003155569580309246,0.486,0.261,0.154,0.09,0.014,0.004,0.031
3298,1495,928,619,12,20,2020-10-14,1.0649730430716688,0.8989280208190527,0.9456958609500982,1.0793750435934995,0.13451708366962603,0.7846829880728186,0.6759573566107697,0.5705656238805905,0.6002500049032276,0.6850985628281259,0.08538038862847634,0.49805226699944527,0.5175768989328311,0.23462021343377276,0.14563716258631512,0.09714375392341494,0.0018832391713747645,0.003138731952291274,0.486,0.261,0.154,0.09,0.014,0.004,0.031
3305,1504,929,620,12,20,2020-10-15,1.0642271553417442,0.9017921920625498,0.9440481271467187,1.0780733785428622,0.13413816230717637,0.7824726134585289,0.6773920750753771,0.5740004671012764,0.6008968260292009,0.6862053456436802,0.08538038862847634,0.49805226699944527,0.5172143974960877,0.2353677621283255,0.14538341158059467,0.09702660406885759,0.0018779342723004694,0.003129890453834116,0.486,0.261,0.154,0.09,0.014,0.004,0.031
3314,1508,935,622,12,20,2020-10-16,1.0636297053739296,0.9012287907936013,0.9470330013147046,1.0780082843723462,0.1336987766561936,0.7799095304944627,0.6792367131013011,0.5755270640882478,0.6047777527850408,0.6884189112747888,0.08538038862847634,0.49805226699944527,0.5169240368117298,0.23522071439712994,0.1458430822024645,0.09702074559351115,0.0018717828731867104,0.0031196381219778507,0.486,0.261,0.154,0.09,0.014,0.004,0.031
3321,1511,935,621,12,20,2020-10-17,1.0643821391484942,0.9017557680142275,0.9457053849577214,1.074766355140187,0.13351134846461948,0.778816199376947,0.6806714315659085,0.5766720118284765,0.6047777527850408,0.6873121284592345,0.08538038862847634,0.49805226699944527,0.5172897196261682,0.2353582554517134,0.14563862928348908,0.09672897196261682,0.001869158878504673,0.003115264797507788,0.486,0.261,0.154,0.09,0.014,0.004,0.031
3330,1514,936,621,12,20,2020-10-18,1.065109879038062,0.9017202368296136,0.9448036806967323,1.0725944349448158,0.13324154471364172,0.77724234416291,0.6825160695918323,0.577816959568705,0.605424573911014,0.6873121284592345,0.08538038862847634,0.49805226699944527,0.5176434012124981,0.23534898181252914,0.14549976682729676,0.09653349914503342,0.001865381625990984,0.00310896937665164,0.486,0.261,0.154,0.09,0.014,0.004,0.031
3349,1519,939,626,12,21,2020-10-20,1.065720151880237,0.900080942104471,0.9429945248070828,1.0757122727428945,0.13256153064380716,0.8119393751933189,0.6864103054243383,0.5797252058024194,0.607365037288934,0.6928460425370061,0.08538038862847634,0.5229548803494175,0.5179399938137952,0.23492112588926695,0.14522115682029074,0.0968141045468605,0.0018558614290133002,0.0032477575007732757,0.486,0.261,0.154,0.09,0.014,0.004,0.031
3376,1531,944,631,14,21,2020-10-22,1.0659048730417628,0.9000921256930738,0.9405969203422019,1.075818798697424,0.15344483658124902,0.8055853920515574,0.6919442195021099,0.5843049967633338,0.6105991429188005,0.6983799566147777,0.09961045339988905,0.5229548803494175,0.5180297682982967,0.23492404480589227,0.1448519257326991,0.09682369188276814,0.0021482277121374865,0.00322234156820623,0.486,0.261,0.154,0.09,0.014,0.004,0.031
3397,1535,952,630,15,21,2020-10-25,1.0671315930009737,0.8978971074259308,0.9437890353920889,1.0687022900763359,0.16357688113413305,0.8015267175572519,0.6962483748959323,0.5858315937503054,0.6157737119265869,0.6972731737992234,0.10672548578559542,0.5229548803494175,0.5186259541984732,0.23435114503816795,0.14534351145038168,0.09618320610687023,0.0022900763358778627,0.0032061068702290076,0.486,0.261,0.154,0.09,0.014,0.004,0.031
3419,1543,952,633,15,21,2020-10-27,1.0686585787434777,0.8980521638517416,0.9390579039675198,1.068408527014026,0.16275688461621926,0.7975087346194744,0.7007574900704129,0.5888847877242482,0.6157737119265869,0.7005935222458863,0.10672548578559542,0.5229548803494175,0.5193680692693301,0.23439161476530457,0.14461491721099803,0.09615676743126234,0.0022785963846270697,0.0031900349384778974,0.486,0.261,0.154,0.09,0.014,0.004,0.031
3426,1547,954,636,15,20,2020-10-29,1.0684120515382514,0.898333292684768,0.9388913602311602,1.0710316257451753,0.16238687048023212,0.7578053955744165,0.7021922085350203,0.5904113847112198,0.6170673541785335,0.7039138706925493,0.10672548578559542,0.49805226699944527,0.5192482570475901,0.23446498939072447,0.14458926947559866,0.09639284631706578,0.0022734161867232496,0.003031221582297666,0.486,0.261,0.154,0.09,0.014,0.004,0.031
3445,1552,958,639,16,20,2020-10-31,1.0691519406116357,0.896886900943696,0.938277408865644,1.0708898944193064,0.17237664296487826,0.7541478129713424,0.7060864443675263,0.5923196309449341,0.6196546386824268,0.7072342191392123,0.11384051817130178,0.49805226699944527,0.5196078431372549,0.23408748114630468,0.1444947209653092,0.09638009049773756,0.0024132730015082957,0.0030165912518853697,0.486,0.261,0.154,0.09,0.014,0.004,0.031
3445,1552,958,639,16,20,2020-11-01,1.0691519406116357,0.896886900943696,0.938277408865644,1.0708898944193064,0.17237664296487826,0.7541478129713424,0.7060864443675263,0.5923196309449341,0.6196546386824268,0.7072342191392123,0.11384051817130178,0.49805226699944527,0.5196078431372549,0.23408748114630468,0.1444947209653092,0.09638009049773756,0.0024132730015082957,0.0030165912518853697,0.486,0.261,0.154,0.09,0.014,0.004,0.031
3453,1560,959,641,16,20,2020-11-03,1.0685724577537885,0.898933898970202,0.9365728270826782,1.0711719389716081,0.17188406419869798,0.7519927808693037,0.7077261226127919,0.5953728249188771,0.6203014598084,0.7094477847703209,0.11384051817130178,0.49805226699944527,0.5193262144683412,0.23462174763122273,0.14423221537073244,0.09640547450744473,0.0024063768987817717,0.0030079711234772145,0.486,0.261,0.154,0.09,0.014,0.004,0.031
3475,1575,963,642,16,20,2020-11-05,1.068630363371226,0.9018805497863831,0.9345758112758561,1.0661087032331988,0.17080513269423744,0.7472724555372888,0.7122352377872725,0.6010975636200201,0.6228887443122932,0.7105545675858752,0.11384051817130178,0.49805226699944527,0.5193543565984158,0.235390823494246,0.14392467493648184,0.0959497832909879,0.0023912718577193243,0.0029890898221491555,0.486,0.261,0.154,0.09,0.014,0.004,0.031
3507,1593,964,649,16,20,2020-11-10,1.0692027534028818,0.9043485369480025,0.9275063357149593,1.0684710492089364,0.16933725631310456,0.7408504963698325,0.7187939507683352,0.6079672500613917,0.6235355654382666,0.7183020472947556,0.11384051817130178,0.49805226699944527,0.5196325381538006,0.23603496814342867,0.14283597570010373,0.09616239442880427,0.002370721588383464,0.00296340198547933,0.486,0.261,0.154,0.09,0.014,0.004,0.031
3524,1594,967,649,16,20,2020-11-11,1.0710529994954743,0.9021092604854638,0.9275067620710161,1.0651567372394553,0.1688119856509812,0.7385524372230429,0.7222782670395247,0.6083488993081346,0.6254760288161865,0.7183020472947556,0.11384051817130178,0.49805226699944527,0.5205317577548005,0.23545051698670605,0.1428360413589365,0.09586410635155096,0.002363367799113737,0.0029542097488921715,0.486,0.261,0.154,0.09,0.014,0.004,0.031
3524,1594,967,649,16,20,2020-11-12,1.0710529994954743,0.9021092604854638,0.9275067620710161,1.0651567372394553,0.1688119856509812,0.7385524372230429,0.7222782670395247,0.6083488993081346,0.6254760288161865,0.7183020472947556,0.11384051817130178,0.49805226699944527,0.5205317577548005,0.23545051698670605,0.1428360413589365,0.09586410635155096,0.002363367799113737,0.0029542097488921715,0.486,0.261,0.154,0.09,0.014,0.004,0.031
3550,1607,970,652,16,20,2020-11-15,1.0718307775452962,0.9034612065451745,0.9242408361997504,1.0630145919947829,0.16769730636201655,0.7336757153338225,0.7276072213366381,0.613310339515792,0.6274164921941064,0.7216223957414185,0.11384051817130178,0.49805226699944527,0.520909757887014,0.23580337490829054,0.14233308877476156,0.09567131327953045,0.002347762289068232,0.00293470286133529,0.486,0.261,0.154,0.09,0.014,0.004,0.031
3551,1611,970,653,16,20,2020-11-16,1.0711896147397622,0.9049133254806403,0.9234278403021989,1.0637084819755982,0.1675497937043165,0.7330303474563847,0.7278121811172963,0.6148369365027634,0.6274164921941064,0.7227291785569728,0.11384051817130178,0.49805226699944527,0.5205981527635244,0.23618237795044714,0.14220788740653864,0.09573376337780384,0.002345697111860431,0.002932121389825539,0.486,0.261,0.154,0.09,0.014,0.004,0.031
3585,1619,979,655,17,20,2020-11-17,1.0729517396184065,0.9022640195053988,0.9246753246753247,1.0585858585858585,0.17662337662337663,0.7272727272727272,0.7347808136596754,0.6178901304767064,0.6332378823278662,0.7249427441880815,0.12095555055700814,0.49805226699944527,0.5214545454545455,0.23549090909090908,0.1424,0.09527272727272727,0.0024727272727272727,0.002909090909090909,0.486,0.261,0.154,0.09,0.014,0.004,0.031
3585,1619,979,655,17,20,2020-11-18,1.0729517396184065,0.9022640195053988,0.9246753246753247,1.0585858585858585,0.17662337662337663,0.7272727272727272,0.7347808136596754,0.6178901304767064,0.6332378823278662,0.7249427441880815,0.12095555055700814,0.49805226699944527,0.5214545454545455,0.23549090909090908,0.1424,0.09527272727272727,0.0024727272727272727,0.002909090909090909,0.486,0.261,0.154,0.09,0.014,0.004,0.031
3607,1619,984,656,17,20,2020-11-19,1.075157279384105,0.8986042494711889,0.9256280442721121,1.0559016208733722,0.1759069555679725,0.7243227582210633,0.739289928834156,0.6178901304767064,0.6364719879577327,0.7260495270036358,0.12095555055700814,0.49805226699944527,0.5225264377806751,0.2345357091119803,0.14254671881790526,0.0950311458786035,0.002462697377951615,0.0028972910328842532,0.486,0.261,0.154,0.09,0.014,0.004,0.031
3638,1647,990,664,17,20,2020-11-22,1.0730499867859704,0.9045792470737108,0.921526867627785,1.0575942915392458,0.17406618610747052,0.716743119266055,0.7456436820345604,0.6285763093855068,0.6403529147135726,0.7349037895280703,0.12095555055700814,0.49805226699944527,0.5215022935779816,0.23609518348623854,0.1419151376146789,0.09518348623853211,0.0024369266055045873,0.0028669724770642203,0.486,0.261,0.154,0.09,0.014,0.004,0.031
3671,1660,996,667,17,21,2020-11-23,1.074160685777422,0.9044586542526992,0.9197287354283942,1.053912274048793,0.17267999349910612,0.7465870307167236,0.7524073547962813,0.6335377495931641,0.6442338414694123,0.7382241379747333,0.12095555055700814,0.5229548803494175,0.522042093287827,0.2360637087599545,0.1416382252559727,0.09485210466439135,0.002417519908987486,0.0029863481228668944,0.486,0.261,0.154,0.09,0.014,0.004,0.031
3671,1660,996,667,17,21,2020-11-24,1.074160685777422,0.9044586542526992,0.9197287354283942,1.053912274048793,0.17267999349910612,0.7465870307167236,0.7524073547962813,0.6335377495931641,0.6442338414694123,0.7382241379747333,0.12095555055700814,0.5229548803494175,0.522042093287827,0.2360637087599545,0.1416382252559727,0.09485210466439135,0.002417519908987486,0.0029863481228668944,0.486,0.261,0.154,0.09,0.014,0.004,0.031
3715,1684,1006,672,17,21,2020-11-26,1.0743545919621504,0.9068316626413895,0.9181261465168704,1.0494260951042398,0.17066559582371246,0.7378777231201686,0.7614255851452424,0.642697331514993,0.6507020527291454,0.7437580520525049,0.12095555055700814,0.5229548803494175,0.5221363316936051,0.23668306394940267,0.14139142656359804,0.09444834855938158,0.0023893183415319747,0.0029515108924806745,0.486,0.261,0.154,0.09,0.014,0.004,0.031
3741,1697,1015,678,17,22,2020-11-29,1.0735747369871034,0.9068222745902734,0.9192341828325092,1.0506741050674107,0.16935644550707313,0.7670850767085076,0.7667545394423558,0.6476587717226503,0.6565234428629052,0.7503987489458309,0.12095555055700814,0.5478574936993899,0.5217573221757322,0.23668061366806137,0.14156206415620642,0.09456066945606695,0.002370990237099024,0.0030683403068340305,0.486,0.261,0.154,0.09,0.014,0.004,0.031
