White,Hispanic,Asian,Black,Other,date,Native Hawaiian/Pacific Islander,White_discrepancy,Hispanic_discrepancy,Asian_discrepancy,Black_discrepancy,Other_discrepancy,Native Hawaiian/Pacific Islander_discrepancy,White_rates,Hispanic_rates,Asian_rates,Black_rates,Native Hawaiian/Pacific Islander_rates,Other_rates,White_covidperc,Hispanic_covidperc,Asian_covidperc,Black_covidperc,Native Hawaiian/Pacific Islander_covidperc,White_demperc,Hispanic_demperc,Asian_demperc,Black_demperc,Native Hawaiian/Pacific Islander_demperc,Other_demperc
39,48,52,8,3,2020-06-17,,0.8440462277626282,1.271523178807947,0.8830022075055187,1.8921475875118259,0.36791758646063283,,0.06611035514767569,0.0995927073240062,0.06916160230833764,0.14820343351786636,,,0.2582781456953642,0.31788079470198677,0.3443708609271523,0.052980132450331126,,0.306,0.25,0.39,0.028,0.005,0.054
39,48,52,8,3,2020-06-18,,0.8384932920536636,1.263157894736842,0.8940620782726045,1.8796992481203005,0.3654970760233918,,0.06611035514767569,0.0995927073240062,0.06916160230833764,0.14820343351786636,,,0.2565789473684211,0.3157894736842105,0.34868421052631576,0.05263157894736842,,0.306,0.25,0.39,0.028,0.005,0.054
39,48,52,8,3,2020-06-19,,0.8384932920536636,1.263157894736842,0.8940620782726045,1.8796992481203005,0.3654970760233918,,0.06611035514767569,0.0995927073240062,0.06916160230833764,0.14820343351786636,,,0.2565789473684211,0.3157894736842105,0.34868421052631576,0.05263157894736842,,0.306,0.25,0.39,0.028,0.005,0.054
40,48,52,8,3,2020-06-20,,0.8599931200550395,1.263157894736842,0.8940620782726045,1.8796992481203005,0.3654970760233918,,0.06780549245915456,0.0995927073240062,0.06916160230833764,0.14820343351786636,,,0.2631578947368421,0.3157894736842105,0.34868421052631576,0.05263157894736842,,0.306,0.25,0.39,0.028,0.005,0.054
40,48,52,8,3,2020-06-21,,0.8599931200550395,1.263157894736842,0.8940620782726045,1.8796992481203005,0.3654970760233918,,0.06780549245915456,0.0995927073240062,0.06916160230833764,0.14820343351786636,,,0.2631578947368421,0.3157894736842105,0.34868421052631576,0.05263157894736842,,0.306,0.25,0.39,0.028,0.005,0.054
42,48,53,8,3,2020-06-22,,0.8912655971479501,1.2467532467532467,0.8824508824508824,1.855287569573284,0.36075036075036077,,0.07119576708211228,0.0995927073240062,0.07049163312195951,0.14820343351786636,,,0.2727272727272727,0.3116883116883117,0.34415584415584416,0.05194805194805195,,0.306,0.25,0.39,0.028,0.005,0.054
42,48,53,8,3,2020-06-23,,0.8912655971479501,1.2467532467532467,0.8824508824508824,1.855287569573284,0.36075036075036077,,0.07119576708211228,0.0995927073240062,0.07049163312195951,0.14820343351786636,,,0.2727272727272727,0.3116883116883117,0.34415584415584416,0.05194805194805195,,0.306,0.25,0.39,0.028,0.005,0.054
42,48,53,8,3,2020-06-24,,0.8912655971479501,1.2467532467532467,0.8824508824508824,1.855287569573284,0.36075036075036077,,0.07119576708211228,0.0995927073240062,0.07049163312195951,0.14820343351786636,,,0.2727272727272727,0.3116883116883117,0.34415584415584416,0.05194805194805195,,0.306,0.25,0.39,0.028,0.005,0.054
44,48,52,8,3,2020-06-25,,0.9276829011174362,1.238709677419355,0.8602150537634409,1.8433179723502304,0.35842293906810035,,0.07458604170507001,0.0995927073240062,0.06916160230833764,0.14820343351786636,,,0.2838709677419355,0.3096774193548387,0.33548387096774196,0.05161290322580645,,0.306,0.25,0.39,0.028,0.005,0.054
44,48,52,8,3,2020-06-26,,0.9276829011174362,1.238709677419355,0.8602150537634409,1.8433179723502304,0.35842293906810035,,0.07458604170507001,0.0995927073240062,0.06916160230833764,0.14820343351786636,,,0.2838709677419355,0.3096774193548387,0.33548387096774196,0.05161290322580645,,0.306,0.25,0.39,0.028,0.005,0.054
44,48,52,8,3,2020-06-27,,0.9276829011174362,1.238709677419355,0.8602150537634409,1.8433179723502304,0.35842293906810035,,0.07458604170507001,0.0995927073240062,0.06916160230833764,0.14820343351786636,,,0.2838709677419355,0.3096774193548387,0.33548387096774196,0.05161290322580645,,0.306,0.25,0.39,0.028,0.005,0.054
44,48,52,8,3,2020-06-28,,0.9276829011174362,1.238709677419355,0.8602150537634409,1.8433179723502304,0.35842293906810035,,0.07458604170507001,0.0995927073240062,0.06916160230833764,0.14820343351786636,,,0.2838709677419355,0.3096774193548387,0.33548387096774196,0.05161290322580645,,0.306,0.25,0.39,0.028,0.005,0.054
44,48,52,8,3,2020-06-29,,0.9276829011174362,1.238709677419355,0.8602150537634409,1.8433179723502304,0.35842293906810035,,0.07458604170507001,0.0995927073240062,0.06916160230833764,0.14820343351786636,,,0.2838709677419355,0.3096774193548387,0.33548387096774196,0.05161290322580645,,0.306,0.25,0.39,0.028,0.005,0.054
44,48,52,8,3,2020-06-30,,0.9276829011174362,1.238709677419355,0.8602150537634409,1.8433179723502304,0.35842293906810035,,0.07458604170507001,0.0995927073240062,0.06916160230833764,0.14820343351786636,,,0.2838709677419355,0.3096774193548387,0.33548387096774196,0.05161290322580645,,0.306,0.25,0.39,0.028,0.005,0.054
46,51,55,8,4,2020-07-06,0,0.9110714993067935,1.2363636363636363,0.8547008547008547,1.7316017316017316,0.4489337822671156,0.0,0.07797631632802773,0.10581725153175658,0.07315169474920327,0.14820343351786636,0.0,,0.2787878787878788,0.3090909090909091,0.3333333333333333,0.048484848484848485,0.0,0.306,0.25,0.39,0.028,0.005,0.054
46,51,55,8,4,2020-07-07,0,0.9110714993067935,1.2363636363636363,0.8547008547008547,1.7316017316017316,0.4489337822671156,0.0,0.07797631632802773,0.10581725153175658,0.07315169474920327,0.14820343351786636,0.0,,0.2787878787878788,0.3090909090909091,0.3333333333333333,0.048484848484848485,0.0,0.306,0.25,0.39,0.028,0.005,0.054
46,51,55,8,4,2020-07-08,0,0.9110714993067935,1.2363636363636363,0.8547008547008547,1.7316017316017316,0.4489337822671156,0.0,0.07797631632802773,0.10581725153175658,0.07315169474920327,0.14820343351786636,0.0,,0.2787878787878788,0.3090909090909091,0.3333333333333333,0.048484848484848485,0.0,0.306,0.25,0.39,0.028,0.005,0.054
46,52,55,8,4,2020-07-09,0,0.9055831167808489,1.2530120481927711,0.8495520543713315,1.721170395869191,0.4462293618920125,0.0,0.07797631632802773,0.10789209960100672,0.07315169474920327,0.14820343351786636,0.0,,0.27710843373493976,0.3132530120481928,0.3313253012048193,0.04819277108433735,0.0,0.306,0.25,0.39,0.028,0.005,0.054
46,52,55,8,4,2020-07-10,0,0.9055831167808489,1.2530120481927711,0.8495520543713315,1.721170395869191,0.4462293618920125,0.0,0.07797631632802773,0.10789209960100672,0.07315169474920327,0.14820343351786636,0.0,,0.27710843373493976,0.3132530120481928,0.3313253012048193,0.04819277108433735,0.0,0.306,0.25,0.39,0.028,0.005,0.054
46,52,55,8,4,2020-07-11,0,0.9055831167808489,1.2530120481927711,0.8495520543713315,1.721170395869191,0.4462293618920125,0.0,0.07797631632802773,0.10789209960100672,0.07315169474920327,0.14820343351786636,0.0,,0.27710843373493976,0.3132530120481928,0.3313253012048193,0.04819277108433735,0.0,0.306,0.25,0.39,0.028,0.005,0.054
46,52,55,8,4,2020-07-12,0,0.9055831167808489,1.2530120481927711,0.8495520543713315,1.721170395869191,0.4462293618920125,0.0,0.07797631632802773,0.10789209960100672,0.07315169474920327,0.14820343351786636,0.0,,0.27710843373493976,0.3132530120481928,0.3313253012048193,0.04819277108433735,0.0,0.306,0.25,0.39,0.028,0.005,0.054
46,52,55,8,5,2020-07-13,0,0.9001604633869517,1.2455089820359282,0.8444649163212037,1.7108639863130881,0.5544466622310934,0.0,0.07797631632802773,0.10789209960100672,0.07315169474920327,0.14820343351786636,0.0,,0.2754491017964072,0.31137724550898205,0.32934131736526945,0.04790419161676647,0.0,0.306,0.25,0.39,0.028,0.005,0.054
47,54,55,8,5,2020-07-14,0,0.9034986543637064,1.2705882352941176,0.8295625942684767,1.680672268907563,0.5446623093681917,0.0,0.0796714536395066,0.11204179573950697,0.07315169474920327,0.14820343351786636,0.0,,0.27647058823529413,0.3176470588235294,0.3235294117647059,0.047058823529411764,0.0,0.306,0.25,0.39,0.028,0.005,0.054
46,54,55,8,5,2020-07-15,0,0.8878310476406361,1.2485549132947977,0.8151771157551504,1.6515276630883566,0.5352172982230786,0.0,0.07797631632802773,0.11204179573950697,0.07315169474920327,0.14820343351786636,0.0,,0.27167630057803466,0.31213872832369943,0.3179190751445087,0.046242774566473986,0.0,0.306,0.25,0.39,0.028,0.005,0.054
50,54,55,8,5,2020-07-16,0,0.9284016636957815,1.2272727272727273,0.8012820512820512,1.6233766233766234,0.5260942760942761,0.0,0.0847568655739432,0.11204179573950697,0.07315169474920327,0.14820343351786636,0.0,,0.2840909090909091,0.3068181818181818,0.3125,0.045454545454545456,0.0,0.306,0.25,0.39,0.028,0.005,0.054
51,54,55,8,5,2020-07-17,0,0.9416195856873824,1.2203389830508475,0.7967550340431697,1.6142050040355125,0.5231219920485457,0.0,0.08645200288542206,0.11204179573950697,0.07315169474920327,0.14820343351786636,0.0,,0.288135593220339,0.3050847457627119,0.3107344632768362,0.04519774011299435,0.0,0.306,0.25,0.39,0.028,0.005,0.054
58,60,55,8,5,2020-07-30,1,0.9975920192638459,1.263157894736842,0.7557354925775978,1.5037593984962405,0.4873294346978557,1.0526315789473684,0.0983179640657741,0.12449088415500775,0.07315169474920327,0.14820343351786636,0.10374240346250646,,0.30526315789473685,0.3157894736842105,0.29473684210526313,0.042105263157894736,0.005263157894736842,0.306,0.25,0.39,0.028,0.005,0.054
58,60,55,8,5,2020-08-01,1,0.9923690243985901,1.256544502617801,0.7517787622499663,1.4958863126402393,0.48477797168896647,1.0471204188481675,0.0983179640657741,0.12449088415500775,0.07315169474920327,0.14820343351786636,0.10374240346250646,,0.3036649214659686,0.31413612565445026,0.2931937172774869,0.041884816753926704,0.005235602094240838,0.306,0.25,0.39,0.028,0.005,0.054
58,60,55,8,5,2020-08-02,1,0.9923690243985901,1.256544502617801,0.7517787622499663,1.4958863126402393,0.48477797168896647,1.0471204188481675,0.0983179640657741,0.12449088415500775,0.07315169474920327,0.14820343351786636,0.10374240346250646,,0.3036649214659686,0.31413612565445026,0.2931937172774869,0.041884816753926704,0.005235602094240838,0.306,0.25,0.39,0.028,0.005,0.054
60,63,57,7,5,2020-08-06,0,1.0004001600640255,1.2857142857142858,0.7456828885400314,1.4577259475218658,0.472411186696901,1.020408163265306,0.10170823868873183,0.13071542836275812,0.07581175637644702,0.12967800432813306,0.0,,0.30612244897959184,0.32142857142857145,0.29081632653061223,0.04081632653061224,0.00510204081632653,0.306,0.25,0.39,0.028,0.005,0.054
63,65,58,8,5,2020-08-07,1,1.0141987829614605,1.2807881773399015,0.7326007326007326,1.4074595355383532,0.45612114577631824,0.9852216748768473,0.10679365062316842,0.1348651245012584,0.07714178719006891,0.14820343351786636,0.10374240346250646,,0.3103448275862069,0.32019704433497537,0.2857142857142857,0.03940886699507389,0.0049261083743842365,0.306,0.25,0.39,0.028,0.005,0.054
63,66,59,8,5,2020-08-08,1,1.0092272202998847,1.2941176470588236,0.7415786827551534,1.4005602240896358,0.4538852578068264,0.9803921568627451,0.10679365062316842,0.13693997257050852,0.07847181800369078,0.14820343351786636,0.10374240346250646,,0.3088235294117647,0.3235294117647059,0.28921568627450983,0.0392156862745098,0.004901960784313725,0.306,0.25,0.39,0.028,0.005,0.054
63,69,59,8,5,2020-08-12,1,0.9946007388462632,1.3333333333333333,0.7308311656137743,1.380262249827467,0.44730721059223477,0.966183574879227,0.10679365062316842,0.14316451677825892,0.07847181800369078,0.14820343351786636,0.10374240346250646,,0.30434782608695654,0.3333333333333333,0.28502415458937197,0.03864734299516908,0.004830917874396135,0.306,0.25,0.39,0.028,0.005,0.054
62,69,59,8,5,2020-08-13,1,0.9898190045248868,1.3269230769230769,0.7273175542406312,1.3736263736263736,0.4451566951566952,0.9615384615384616,0.10509851331168955,0.14316451677825892,0.07847181800369078,0.14820343351786636,0.10374240346250646,,0.30288461538461536,0.3317307692307692,0.28365384615384615,0.038461538461538464,0.004807692307692308,0.306,0.25,0.39,0.028,0.005,0.054
64,69,60,8,5,2020-08-14,1,1.0007192669731368,1.3205741626794258,0.736105999263894,1.367053998632946,0.4430267588162325,0.9569377990430622,0.1084887879346473,0.14316451677825892,0.07980184881731266,0.14820343351786636,0.10374240346250646,,0.3062200956937799,0.33014354066985646,0.28708133971291866,0.03827751196172249,0.004784688995215311,0.306,0.25,0.39,0.028,0.005,0.054
64,69,60,8,5,2020-08-15,1,1.0007192669731368,1.3205741626794258,0.736105999263894,1.367053998632946,0.4430267588162325,0.9569377990430622,0.1084887879346473,0.14316451677825892,0.07980184881731266,0.14820343351786636,0.10374240346250646,,0.3062200956937799,0.33014354066985646,0.28708133971291866,0.03827751196172249,0.004784688995215311,0.306,0.25,0.39,0.028,0.005,0.054
64,69,60,8,5,2020-08-16,1,1.0007192669731368,1.3205741626794258,0.736105999263894,1.367053998632946,0.4430267588162325,0.9569377990430622,0.1084887879346473,0.14316451677825892,0.07980184881731266,0.14820343351786636,0.10374240346250646,,0.3062200956937799,0.33014354066985646,0.28708133971291866,0.03827751196172249,0.004784688995215311,0.306,0.25,0.39,0.028,0.005,0.054
68,73,61,8,6,2020-08-21,1,1.0010010010010009,1.3153153153153154,0.7045507045507046,1.287001287001287,0.5005005005005005,0.9009009009009009,0.11526933718056274,0.15146390905525942,0.08113187963093453,0.14820343351786636,0.10374240346250646,,0.3063063063063063,0.32882882882882886,0.2747747747747748,0.036036036036036036,0.0045045045045045045,0.306,0.25,0.39,0.028,0.005,0.054
68,75,60,8,6,2020-08-22,1,0.992063492063492,1.3392857142857142,0.6982600732600732,1.2755102040816326,0.496031746031746,0.8928571428571428,0.11526933718056274,0.1556136051937597,0.07980184881731266,0.14820343351786636,0.10374240346250646,,0.30357142857142855,0.33482142857142855,0.27232142857142855,0.03571428571428571,0.004464285714285714,0.306,0.25,0.39,0.028,0.005,0.054
68,75,60,8,6,2020-08-23,1,0.992063492063492,1.3392857142857142,0.6982600732600732,1.2755102040816326,0.496031746031746,0.8928571428571428,0.11526933718056274,0.1556136051937597,0.07980184881731266,0.14820343351786636,0.10374240346250646,,0.30357142857142855,0.33482142857142855,0.27232142857142855,0.03571428571428571,0.004464285714285714,0.306,0.25,0.39,0.028,0.005,0.054
68,75,60,8,6,2020-08-24,1,0.992063492063492,1.3392857142857142,0.6982600732600732,1.2755102040816326,0.496031746031746,0.8928571428571428,0.11526933718056274,0.1556136051937597,0.07980184881731266,0.14820343351786636,0.10374240346250646,,0.30357142857142855,0.33482142857142855,0.27232142857142855,0.03571428571428571,0.004464285714285714,0.306,0.25,0.39,0.028,0.005,0.054
71,76,65,9,6,2020-08-25,1,0.9958203596173806,1.3047210300429184,0.7153075822603718,1.3795217657878602,0.47687172150691465,0.8583690987124464,0.12035474911499934,0.15768845326300981,0.08645200288542204,0.16672886270759968,0.10374240346250646,,0.30472103004291845,0.3261802575107296,0.27896995708154504,0.03862660944206009,0.004291845493562232,0.306,0.25,0.39,0.028,0.005,0.054
74,77,65,9,6,2020-08-26,0,1.0203800226138275,1.2995780590717299,0.7032348804500702,1.3562386980108498,0.46882325363338023,0.8438818565400843,0.12544016104943592,0.15976330133225994,0.08645200288542204,0.16672886270759968,0.0,,0.31223628691983124,0.32489451476793246,0.2742616033755274,0.0379746835443038,0.004219409282700422,0.306,0.25,0.39,0.028,0.005,0.054
75,78,65,10,6,2020-08-27,1,1.0212418300653594,1.3,0.6944444444444444,1.488095238095238,0.462962962962963,0.8333333333333333,0.12713529836091478,0.16183814940151006,0.08645200288542204,0.18525429189733297,0.10374240346250646,,0.3125,0.325,0.2708333333333333,0.041666666666666664,0.004166666666666667,0.306,0.25,0.39,0.028,0.005,0.054
78,78,65,11,7,2020-08-28,1,1.0470588235294118,1.273469387755102,0.6802721088435374,1.6034985422740524,0.5291005291005291,0.8163265306122449,0.13222071029535137,0.16183814940151006,0.08645200288542204,0.20377972108706627,0.10374240346250646,,0.3204,0.3183673469387755,0.2653061224489796,0.044897959183673466,0.004081632653061225,0.306,0.25,0.39,0.028,0.005,0.054
78,78,65,10,7,2020-08-29,1,1.0470588235294118,1.278688524590164,0.6830601092896175,1.4637002341920373,0.5312689738919247,0.819672131147541,0.13222071029535137,0.16183814940151006,0.08645200288542204,0.18525429189733297,0.10374240346250646,,0.3204,0.319672131147541,0.26639344262295084,0.040983606557377046,0.004098360655737705,0.306,0.25,0.39,0.028,0.005,0.054
78,78,65,10,7,2020-08-30,1,1.0470588235294118,1.278688524590164,0.6830601092896175,1.4637002341920373,0.5312689738919247,0.819672131147541,0.13222071029535137,0.16183814940151006,0.08645200288542204,0.18525429189733297,0.10374240346250646,,0.3204,0.319672131147541,0.26639344262295084,0.040983606557377046,0.004098360655737705,0.306,0.25,0.39,0.028,0.005,0.054
78,78,65,10,7,2020-08-31,1,1.0470588235294118,1.278688524590164,0.6830601092896175,1.4637002341920373,0.5312689738919247,0.819672131147541,0.13222071029535137,0.16183814940151006,0.08645200288542204,0.18525429189733297,0.10374240346250646,,0.3204,0.319672131147541,0.26639344262295084,0.040983606557377046,0.004098360655737705,0.306,0.25,0.39,0.028,0.005,0.054
78,82,66,11,8,2020-09-01,1,1.027830487033523,1.3225806451612903,0.6823821339950371,1.5841013824884793,0.5973715651135005,0.8064516129032258,0.13222071029535137,0.17013754167851058,0.08778203369904393,0.20377972108706627,0.10374240346250646,,0.31451612903225806,0.33064516129032256,0.2661290322580645,0.04435483870967742,0.004032258064516129,0.306,0.25,0.39,0.028,0.005,0.054
78,84,66,11,8,2020-09-02,1,1.0196078431372548,1.344,0.676923076923077,1.5714285714285714,0.5925925925925926,0.8,0.13222071029535137,0.17428723781701086,0.08778203369904393,0.20377972108706627,0.10374240346250646,,0.312,0.336,0.264,0.044,0.004,0.306,0.25,0.39,0.028,0.005,0.054
78,85,66,11,7,2020-09-03,0,1.0075176315585523,1.3438735177865613,0.6688963210702341,1.5527950310559004,0.5855658029571073,0.7905138339920947,0.13222071029535137,0.17636208588626098,0.08778203369904393,0.20377972108706627,0.0,,0.308300395256917,0.3359683794466403,0.2608695652173913,0.043478260869565216,0.003952569169960474,0.306,0.25,0.39,0.028,0.005,0.054
78,86,66,11,8,2020-09-04,1,1.0035510267098966,1.3543307086614174,0.6662628709872803,1.546681664791901,0.5832604257801108,0.7874015748031495,0.13222071029535137,0.1784369339555111,0.08778203369904393,0.20377972108706627,0.10374240346250646,,0.30708661417322836,0.33858267716535434,0.25984251968503935,0.04330708661417323,0.003937007874015748,0.306,0.25,0.39,0.028,0.005,0.054
78,87,67,11,8,2020-09-05,1,0.9918364232852673,1.3540856031128405,0.6684625361668164,1.5286270150083379,0.5764519383196426,0.7782101167315175,0.13222071029535137,0.18051178202476123,0.0891120645126658,0.20377972108706627,0.10374240346250646,,0.3035019455252918,0.33852140077821014,0.2607003891050584,0.042801556420233464,0.0038910505836575876,0.306,0.25,0.39,0.028,0.005,0.054
79,88,67,11,8,2020-09-06,1,0.992961287078934,1.353846153846154,0.660749506903353,1.510989010989011,0.5698005698005698,0.7692307692307693,0.13391584760683026,0.18258663009401135,0.0891120645126658,0.20377972108706627,0.10374240346250646,,0.3038461538461538,0.3384615384615385,0.25769230769230766,0.04230769230769231,0.0038461538461538464,0.306,0.25,0.39,0.028,0.005,0.054
80,88,68,11,9,2020-09-07,1,1.0055304172951232,1.353846153846154,0.6706114398422091,1.510989010989011,0.6410256410256411,0.7692307692307693,0.1356109849183091,0.18258663009401135,0.09044209532628768,0.20377972108706627,0.10374240346250646,,0.3076923076923077,0.3384615384615385,0.26153846153846155,0.04230769230769231,0.0038461538461538464,0.306,0.25,0.39,0.028,0.005,0.054
80,88,68,11,9,2020-09-08,1,1.0055304172951232,1.353846153846154,0.6706114398422091,1.510989010989011,0.6410256410256411,0.7692307692307693,0.1356109849183091,0.18258663009401135,0.09044209532628768,0.20377972108706627,0.10374240346250646,,0.3076923076923077,0.3384615384615385,0.26153846153846155,0.04230769230769231,0.0038461538461538464,0.306,0.25,0.39,0.028,0.005,0.054
80,91,68,11,9,2020-09-09,1,0.9940604885807302,1.3840304182509506,0.6629618796919177,1.493753394894079,0.6337135614702155,0.7604562737642585,0.1356109849183091,0.18881117430176175,0.09044209532628768,0.20377972108706627,0.10374240346250646,,0.3041825095057034,0.34600760456273766,0.2585551330798479,0.04182509505703422,0.0038022813688212928,0.306,0.25,0.39,0.028,0.005,0.054
80,91,68,11,9,2020-09-10,1,0.9940604885807302,1.3840304182509506,0.6629618796919177,1.493753394894079,0.6337135614702155,0.7604562737642585,0.1356109849183091,0.18881117430176175,0.09044209532628768,0.20377972108706627,0.10374240346250646,,0.3041825095057034,0.34600760456273766,0.2585551330798479,0.04182509505703422,0.0038022813688212928,0.306,0.25,0.39,0.028,0.005,0.054
87,93,69,10,9,2020-09-11,1,1.0301221938050582,1.3478260869565217,0.641025641025641,1.4233954451345754,0.6038647342995169,0.7246376811594203,0.14747694609866116,0.192960870440262,0.09177212613990955,0.18525429189733297,0.10374240346250646,,0.31521739130434784,0.33695652173913043,0.25,0.03985507246376811,0.0036231884057971015,0.306,0.25,0.39,0.028,0.005,0.054
88,93,70,11,9,2020-09-12,2,1.0270774976657329,1.3428571428571427,0.641025641025641,1.4030612244897958,0.5952380952380952,1.4285714285714286,0.14917208341014002,0.192960870440262,0.09310215695353144,0.20377972108706627,0.20748480692501292,,0.3142857142857143,0.3357142857142857,0.25,0.039285714285714285,0.007142857142857143,0.306,0.25,0.39,0.028,0.005,0.054
88,95,71,11,10,2020-09-13,2,1.0161897503406545,1.342756183745583,0.6432907492978164,1.3881877839475012,0.6543646119617852,1.4134275618374559,0.14917208341014002,0.19711056657876228,0.09443218776715331,0.20377972108706627,0.20748480692501292,,0.31095406360424027,0.33568904593639576,0.2508833922261484,0.038869257950530034,0.007067137809187279,0.306,0.25,0.39,0.028,0.005,0.054
88,95,71,11,10,2020-09-14,2,1.0161897503406545,1.342756183745583,0.6432907492978164,1.3881877839475012,0.6543646119617852,1.4134275618374559,0.14917208341014002,0.19711056657876228,0.09443218776715331,0.20377972108706627,0.20748480692501292,,0.31095406360424027,0.33568904593639576,0.2508833922261484,0.038869257950530034,0.007067137809187279,0.306,0.25,0.39,0.028,0.005,0.054
88,99,73,12,10,2020-09-15,2,1.002026826990959,1.3797909407665505,0.6521933351201644,1.4932802389248383,0.6452445476835721,1.3937282229965156,0.14917208341014002,0.2054099588557628,0.09709224939439706,0.22230515027679956,0.20748480692501292,,0.30662020905923343,0.34494773519163763,0.25435540069686413,0.041811846689895474,0.006968641114982578,0.306,0.25,0.39,0.028,0.005,0.054
89,98,74,12,11,2020-09-16,2,0.9926610006915167,1.3515358361774743,0.6475890434934802,1.462701121404193,0.7129629629629629,1.36518771331058,0.15086722072161887,0.20333511078651265,0.09842228020801895,0.22230515027679956,0.20748480692501292,,0.3037542662116041,0.3378839590443686,0.2525597269624573,0.040955631399317405,0.006825938566552901,0.306,0.25,0.39,0.028,0.005,0.054
89,100,77,12,11,2020-09-17,2,0.9859310956020827,1.3559322033898304,0.6692742285962624,1.452784503631961,0.6905210295040803,1.3559322033898304,0.15086722072161887,0.20748480692501292,0.10241237264888457,0.22230515027679956,0.20748480692501292,,0.3016949152542373,0.3389830508474576,0.26101694915254237,0.04067796610169491,0.006779661016949152,0.306,0.25,0.39,0.028,0.005,0.054
89,100,77,12,11,2020-09-18,2,0.9859310956020827,1.3559322033898304,0.6692742285962624,1.452784503631961,0.6905210295040803,1.3559322033898304,0.15086722072161887,0.20748480692501292,0.10241237264888457,0.22230515027679956,0.20748480692501292,,0.3016949152542373,0.3389830508474576,0.26101694915254237,0.04067796610169491,0.006779661016949152,0.306,0.25,0.39,0.028,0.005,0.054
89,100,77,12,11,2020-09-19,2,0.9826002473061296,1.3513513513513513,0.667013167013167,1.4478764478764479,0.6881881881881883,1.3513513513513513,0.15086722072161887,0.20748480692501292,0.10241237264888457,0.22230515027679956,0.20748480692501292,,0.30067567567567566,0.33783783783783783,0.26013513513513514,0.04054054054054054,0.006756756756756757,0.306,0.25,0.39,0.028,0.005,0.054
89,100,77,12,11,2020-09-20,2,0.9826002473061296,1.3513513513513513,0.6756756756756755,1.4478764478764479,0.6881881881881883,1.3513513513513513,0.15086722072161887,0.20748480692501292,0.10241237264888457,0.22230515027679956,0.20748480692501292,,0.30067567567567566,0.33783783783783783,0.2635135135135135,0.04054054054054054,0.006756756756756757,0.306,0.25,0.39,0.028,0.005,0.054
89,100,79,12,11,2020-09-21,2,0.9792918289650316,1.3468013468013469,0.6820340153673488,1.443001443001443,0.6858710562414266,1.3468013468013467,0.15086722072161887,0.20748480692501292,0.10507243427612833,0.22230515027679956,0.20748480692501292,,0.2996632996632997,0.3367003367003367,0.265993265993266,0.04040404040404041,0.006734006734006734,0.306,0.25,0.39,0.028,0.005,0.054
91,102,79,12,11,2020-09-22,2,0.9946007388462632,1.3645484949832776,0.6774719149301088,1.433349259436216,0.6812832899789423,1.3377926421404682,0.1542574953445766,0.21163450306351317,0.10507243427612833,0.22230515027679956,0.20748480692501292,,0.30434782608695654,0.3411371237458194,0.26421404682274247,0.04013377926421405,0.006688963210702341,0.306,0.25,0.39,0.028,0.005,0.054
91,103,78,12,11,2020-09-23,2,0.991285403050109,1.3733333333333333,0.6752136752136751,1.4285714285714286,0.6790123456790124,1.3333333333333335,0.1542574953445766,0.2137093511327633,0.10374240346250646,0.22230515027679956,0.20748480692501292,,0.30333333333333334,0.3433333333333333,0.2633333333333333,0.04,0.006666666666666667,0.306,0.25,0.39,0.028,0.005,0.054
91,104,80,12,11,2020-09-24,4,0.9782421740626076,1.368421052631579,0.6747638326585694,1.4097744360902253,0.6700779727095517,2.631578947368421,0.1542574953445766,0.21578419920201344,0.10640246508975021,0.22230515027679956,0.41496961385002584,,0.2993421052631579,0.34210526315789475,0.2631578947368421,0.039473684210526314,0.013157894736842105,0.306,0.25,0.39,0.028,0.005,0.054
91,105,80,12,11,2020-09-25,5,0.971848434362852,1.3725490196078431,0.6703536115300821,1.4005602240896358,0.6656983781166788,3.2679738562091503,0.1542574953445766,0.21785904727126357,0.10640246508975021,0.22230515027679956,0.5187120173125322,,0.2973856209150327,0.3431372549019608,0.26143790849673204,0.0392156862745098,0.016339869281045753,0.306,0.25,0.39,0.028,0.005,0.054
94,105,81,12,11,2020-09-26,5,0.987747725027846,1.3504823151125402,0.6678209250556517,1.3780431786862657,0.7129629629629629,3.215434083601286,0.1593429072790132,0.21785904727126357,0.10773249590337208,0.22230515027679956,0.5187120173125322,,0.3022508038585209,0.33762057877813506,0.2604501607717042,0.03858520900321544,0.01607717041800643,0.306,0.25,0.39,0.028,0.005,0.054
94,106,81,12,12,2020-09-27,5,0.9845818669348081,1.358974358974359,0.6656804733727811,1.3736263736263736,0.7129629629629629,3.205128205128205,0.1593429072790132,0.2199338953405137,0.10773249590337208,0.22230515027679956,0.5187120173125322,,0.30128205128205127,0.33974358974358976,0.25961538461538464,0.038461538461538464,0.016025641025641024,0.306,0.25,0.39,0.028,0.005,0.054
95,106,82,12,12,2020-09-28,5,0.9887182049040423,1.3503184713375795,0.6696064020904785,1.3648771610555048,0.7129629629629629,3.184713375796178,0.16103804459049206,0.2199338953405137,0.10906252671699397,0.22230515027679956,0.5187120173125322,,0.30254777070063693,0.3375796178343949,0.2611464968152866,0.03821656050955414,0.01592356687898089,0.306,0.25,0.39,0.028,0.005,0.054
95,109,82,12,12,2020-09-29,6,0.9762814979241172,1.371069182389937,0.6611836800516045,1.3477088948787062,0.7129629629629629,3.773584905660377,0.16103804459049206,0.2261584395482641,0.10906252671699397,0.22230515027679956,0.6224544207750388,,0.29874213836477986,0.34276729559748426,0.2578616352201258,0.03773584905660377,0.018867924528301886,0.306,0.25,0.39,0.028,0.005,0.054
97,110,83,12,12,2020-09-30,6,0.9844517517151788,1.3664596273291925,0.6609332696289217,1.3309671694764862,0.7129629629629629,3.7267080745341614,0.1644283192134498,0.2282332876175142,0.11039255753061585,0.22230515027679956,0.6224544207750388,,0.30124223602484473,0.3416149068322981,0.2577639751552795,0.037267080745341616,0.018633540372670808,0.306,0.25,0.39,0.028,0.005,0.054
97,110,83,12,12,2020-10-01,8,0.9753645047762695,1.366153846153846,0.6548323471400394,1.3186813186813189,0.7129629629629629,4.923076923076923,0.1644283192134498,0.2282332876175142,0.11039255753061585,0.22230515027679956,0.8299392277000517,,0.29846153846153844,0.3415384615384615,0.2553846153846154,0.036923076923076927,0.024615384615384615,0.306,0.25,0.39,0.028,0.005,0.054
97,112,85,12,12,2020-10-02,10,0.9605862547039018,1.3575757575757577,0.6604506604506604,1.2987012987012987,0.7129629629629629,6.0606060606060606,0.1644283192134498,0.23238298375601446,0.1130526191578596,0.22230515027679956,1.0374240346250645,,0.29393939393939394,0.3393939393939394,0.25757575757575757,0.03636363636363636,0.030303030303030304,0.306,0.25,0.39,0.028,0.005,0.054
100,113,85,13,10,2020-10-03,9,0.9813735303931382,1.3573573573573574,0.6545006545006545,1.3942513942513943,0.5561116672227784,5.405405405405405,0.1695137311478864,0.23445783182526458,0.1130526191578596,0.24083057946653286,0.9336816311625581,,0.3003003003003003,0.33933933933933935,0.2552552552552553,0.03903903903903904,0.02702702702702703,0.306,0.25,0.39,0.028,0.005,0.054
104,117,86,14,11,2020-10-04,9,0.9879920960632315,1.3604651162790697,0.641025641025641,1.4534883720930234,0.5921619293712317,5.232558139534884,0.17629428039380185,0.2427572241022651,0.11438264997148148,0.2593560086562661,0.9336816311625581,,0.3023255813953488,0.34011627906976744,0.25,0.040697674418604654,0.02616279069767442,0.306,0.25,0.39,0.028,0.005,0.054
104,119,86,13,10,2020-10-05,9,0.9851283508572511,1.3797101449275362,0.6391675956893348,1.4492753623188404,0.5367686527106817,5.217391304347825,0.17629428039380185,0.24690692024076538,0.11438264997148148,0.24083057946653286,0.9336816311625581,,0.30144927536231886,0.34492753623188405,0.2492753623188406,0.04057971014492753,0.02608695652173913,0.306,0.25,0.39,0.028,0.005,0.054
105,122,86,14,9,2020-10-06,7,0.9982859618391063,1.4063400576368876,0.6354836326017882,1.440922190201729,0.4803073967339097,4.034582132564841,0.1779894177052807,0.25313146444851575,0.11438264997148148,0.2593560086562661,0.7261968242375452,,0.30547550432276654,0.3515850144092219,0.2478386167146974,0.040345821325648415,0.020172910662824207,0.306,0.25,0.39,0.028,0.005,0.054
109,124,86,14,9,2020-10-07,8,1.0090910774130237,1.405099150141643,0.6246822110844773,1.4164305949008498,0.4721435316336166,4.53257790368272,0.18476996695119616,0.257281160587016,0.11438264997148148,0.2593560086562661,0.8299392277000517,,0.3087818696883853,0.35127478753541075,0.24362606232294617,0.039660056657223795,0.0226628895184136,0.306,0.25,0.39,0.028,0.005,0.054
109,125,86,14,9,2020-10-08,8,1.0062405376463204,1.4124293785310735,0.6229175720701144,1.4124293785310735,0.4708097928436912,4.519774011299435,0.18476996695119616,0.2593560086562661,0.11438264997148148,0.2593560086562661,0.8299392277000517,,0.307909604519774,0.3531073446327684,0.24293785310734464,0.03954802259887006,0.022598870056497175,0.306,0.25,0.39,0.028,0.005,0.054
109,128,87,14,9,2020-10-09,7,0.9977847348089564,1.4341736694677871,0.6248653307476837,1.4005602240896358,0.4668534080298786,3.9215686274509802,0.18476996695119616,0.26558055286401655,0.11571268078510336,0.2593560086562661,0.7261968242375452,,0.30532212885154064,0.3585434173669468,0.24369747899159663,0.0392156862745098,0.0196078431372549,0.306,0.25,0.39,0.028,0.005,0.054
