Hispanic,White,Asian,Black,Multi-Race,American Indian/Alaska Native,Native Hawaiian/Pacific Islander,date,Hispanic_discrepancy,White_discrepancy,Asian_discrepancy,Black_discrepancy,Multi-Race_discrepancy,American Indian/Alaska Native_discrepancy,Native Hawaiian/Pacific Islander_discrepancy,Hispanic_rates,White_rates,Asian_rates,Black_rates,Multi-Race_rates,American Indian/Alaska Native_rates,Native Hawaiian/Pacific Islander_rates,Hispanic_covidperc,White_covidperc,Asian_covidperc,Black_covidperc,Multi-Race_covidperc,American Indian/Alaska Native_covidperc,Native Hawaiian/Pacific Islander_covidperc,Hispanic_demperc,White_demperc,Asian_demperc,Black_demperc,Multi-Race_demperc,American Indian/Alaska Native_demperc,Native Hawaiian/Pacific Islander_demperc,Other
1985,1632,722,470,35,14,23,2020-06-13,1.0321800995676804,0.9135456655280931,1.0201414351214069,1.7507589726397348,0.2328136931701775,0.8195041999590248,1.3089303193789978,0.1275066468922755,0.11316075222374425,0.11788920395921616,0.1830008205503707,0.022145046103834755,0.022145046103834755,0.11641967094587415,0.40667895922966607,0.3343577135832821,0.147920508092604,0.09629174349518542,0.007170661749641467,0.002868264699856587,0.004712149149764392,0.394,0.366,0.145,0.055,0.0308,0.0035,0.0036,0.0025
1992,1639,724,471,36,14,23,2020-06-14,1.0320141995206729,0.9140930958364426,1.0192087055064019,1.748037632912097,0.2385856641827248,0.8164931618697693,1.3041210224308817,0.12795629249844476,0.11364612309725296,0.11821576685106995,0.18339018399835022,0.022777761706801465,0.022145046103834755,0.11641967094587415,0.40661359461114516,0.334558073076138,0.14778526229842825,0.09614206981016533,0.007348438456827924,0.0028577260665441926,0.004694835680751174,0.394,0.366,0.145,0.055,0.0308,0.0035,0.0036,0.0025
2004,1646,726,474,36,14,23,2020-06-15,1.0331696965760013,0.9135217874391309,1.0170417533463616,1.7505955348734141,0.23742254089603265,0.8125126955108674,1.2977633331076353,0.128727113537592,0.11413149397076167,0.11854232974292374,0.18455827434228878,0.022777761706801465,0.022145046103834755,0.11641967094587415,0.40706886045094454,0.3343489742027219,0.14747105423522242,0.09628275441803778,0.007312614259597806,0.002843794434288036,0.004671947999187487,0.394,0.366,0.145,0.055,0.0308,0.0035,0.0036,0.0025
2057,1687,745,484,35,15,21,2020-06-17,1.0350539616853918,0.9138163397078387,1.0186223303891275,1.7446471054718478,0.22529017374378196,0.8496657981194063,1.1564895585514143,0.13213157312715906,0.11697438051559839,0.12164467721553468,0.18845190882208387,0.022145046103834755,0.023726835111251524,0.10629622129840682,0.4078112609040444,0.33445678033306897,0.14770023790642348,0.09595559080095163,0.006938937351308485,0.002973830293417922,0.004163362410785091,0.394,0.366,0.145,0.055,0.0308,0.0035,0.0036,0.0025
2085,1712,758,491,36,15,22,2020-06-18,1.0337718641509732,0.913771367145009,1.0212123865787364,1.743948569500435,0.22833193374314686,0.8372170903915385,1.1938095548175642,0.133930155551836,0.11870784792098663,0.12376733601258429,0.19117745295794047,0.022777761706801465,0.023726835111251524,0.11135794612214049,0.4073061144754835,0.33444032037507326,0.14807579605391677,0.09591717132252393,0.007032623559288923,0.0029302598163703846,0.0042977143973432315,0.394,0.366,0.145,0.055,0.0308,0.0035,0.0036,0.0025
2115,1739,765,495,36,15,22,2020-06-19,1.034898844142766,0.916014289612219,1.0171316886380408,1.735106998264893,0.22533857120323283,0.826241427745187,1.178159072895915,0.13585720814970415,0.12057999271880591,0.12491030613407253,0.19273490674985852,0.022777761706801465,0.023726835111251524,0.11135794612214049,0.40775014459224984,0.3352612299980721,0.1474840948525159,0.09543088490456912,0.006940427993059572,0.002891844997108155,0.004241372662425294,0.394,0.366,0.145,0.055,0.0308,0.0035,0.0036,0.0025
2182,1784,774,502,37,16,22,2020-06-21,1.0415781579819159,0.9167419484466259,1.0039366248792099,1.716620787525433,0.22593543375939465,0.8597759209006153,1.1493532275928364,0.14016095895160965,0.12370023404850475,0.12637983914741455,0.1954604508857151,0.023410477309768172,0.025308624118668292,0.11135794612214049,0.4103817942448749,0.3355275531314651,0.14557081060748542,0.09441414331389882,0.006958811359789355,0.0030092157231521536,0.004137671619334211,0.394,0.366,0.145,0.055,0.0308,0.0035,0.0036,0.0025
2192,1787,778,506,37,16,22,2020-06-22,1.0422352522760858,0.9146709743728336,1.0051549721579827,1.72349194454852,0.22504659072662067,0.8563935128191403,1.1448316056783647,0.1408033098175657,0.12390825013715134,0.12703296493112212,0.19701790467763317,0.023410477309768172,0.025308624118668292,0.11135794612214049,0.41064068939677784,0.3347695766204571,0.14574747096290747,0.0947920569501686,0.006931434994379917,0.0029973772948669914,0.004121393780442113,0.394,0.366,0.145,0.055,0.0308,0.0035,0.0036,0.0025
2225,1783,785,511,37,18,22,2020-06-23,1.0494718680221913,0.9053307376795301,1.00609423962986,1.7266138433207752,0.22324822547829423,0.9557437544800488,1.135683165045737,0.14292306767522067,0.12363089535228922,0.12817593505261038,0.1989647219175307,0.023410477309768172,0.02847220213350183,0.11135794612214049,0.41349191600074336,0.331351049990708,0.1458836647463297,0.09496376138264263,0.006876045344731463,0.003345103140680171,0.004088459394164653,0.394,0.366,0.145,0.055,0.0308,0.0035,0.0036,0.0025
2265,1807,805,519,38,18,24,2020-06-24,1.0498047780253843,0.9015994284049224,1.0138283670436514,1.7232219934922637,0.22530427935833341,0.9391631013252635,1.2174336498660823,0.14549247113904487,0.12529502406146192,0.13144156397114823,0.20207962950136682,0.02404319291273488,0.02847220213350183,0.1214813957696078,0.4136230825420015,0.3299853907962016,0.14700511322132945,0.0947772096420745,0.006939371804236669,0.003287070854638422,0.004382761139517896,0.394,0.366,0.145,0.055,0.0308,0.0035,0.0036,0.0025
2309,1844,813,527,37,17,24,2020-06-25,1.0519486791187502,0.9043710942595976,1.0064434664735484,1.719945823338392,0.21563430287178267,0.8718619380978023,1.1966732483695328,0.14831881494925148,0.12786055582143652,0.13274781553856335,0.2051945370852029,0.023410477309768172,0.02689041312608506,0.1214813957696078,0.41446777957278763,0.3309998204990127,0.14593430263866453,0.09459702028361155,0.006641536528450906,0.0030515167833423083,0.004308023694130318,0.394,0.366,0.145,0.055,0.0308,0.0035,0.0036,0.0025
2336,1864,823,534,37,18,22,2020-06-26,1.0523489545886198,0.9039574325281129,1.0074302571823779,1.7233033207474102,0.21322305667353592,0.9128251939753537,1.0846842582731828,0.1500531622873328,0.12924732974574712,0.13438062999783226,0.20792008122105948,0.023410477309768172,0.02847220213350183,0.11135794612214049,0.4146254881079162,0.3308484203052893,0.1460773872914448,0.09478168264110756,0.006567270145544906,0.003194888178913738,0.0039048633297834577,0.394,0.366,0.145,0.055,0.0308,0.0035,0.0036,0.0025
2348,1868,831,533,34,18,22,2020-06-27,1.0540132407046625,0.9026928080318397,1.0136247758681678,1.7139917033797472,0.19524161724373965,0.9095962403355399,1.0808473843493298,0.15082398332648006,0.12952468453060922,0.1356868815652474,0.20753071777308,0.021512330500868048,0.02847220213350183,0.11135794612214049,0.4152812168376371,0.33038556773965333,0.14697559250088432,0.0942695436858861,0.006013441811107181,0.0031835868411743897,0.0038910505836575876,0.394,0.366,0.145,0.055,0.0308,0.0035,0.0036,0.0025
2415,1871,848,551,27,22,23,2020-06-29,1.0646936988649438,0.8879662772144341,1.015854761519709,1.7401740174017404,0.15227086618436278,1.0918385071589864,1.1097600988168994,0.15512773412838557,0.12973270061925582,0.13846266614600458,0.2145392598367112,0.017083321280101097,0.034799358163168904,0.11641967094587415,0.4194893173527879,0.32499565746048287,0.14729894042035782,0.09570957095709572,0.004689942678478374,0.003821434775056453,0.003995136355740838,0.394,0.366,0.145,0.055,0.0308,0.0035,0.0036,0.0025
2500,1923,859,561,28,22,23,2020-07-01,1.0725452442485832,0.888116693822809,1.0013755799584994,1.7241379310344827,0.15366648226688795,1.0624939631024823,1.079933889264518,0.160587716489012,0.13333831282246336,0.1402587620512004,0.2184328943165063,0.017716036883067804,0.034799358163168904,0.11641967094587415,0.42258282623394183,0.3250507099391481,0.1451994590939824,0.09482758620689655,0.004732927653820149,0.0037187288708586883,0.003887762001352265,0.394,0.366,0.145,0.055,0.0308,0.0035,0.0036,0.0025
2546,1957,875,570,34,23,25,2020-07-02,1.071630005640158,0.886732095442641,1.0007434093898326,1.718679330619629,0.1830673472464517,1.089789149490642,1.1516491615994104,0.1635425304724098,0.13569582849379136,0.14287126518603066,0.22193716534832192,0.021512330500868048,0.03638114717058567,0.12654312059334147,0.4222222222222222,0.3245439469320066,0.1451077943615257,0.0945273631840796,0.005638474295190713,0.0038142620232172473,0.0041459369817578775,0.394,0.366,0.145,0.055,0.0308,0.0035,0.0036,0.0025
2588,1971,880,572,34,23,25,2020-07-04,1.0780449563075212,0.8838414412669201,0.9960553942624947,1.7068767438043657,0.18117447954966417,1.0785210194368244,1.1397414154676586,0.1662404041094252,0.13666657024080878,0.14368767241566513,0.22271589224428096,0.021512330500868048,0.03638114717058567,0.12654312059334147,0.4247497127851633,0.32348596750369274,0.14442803216806172,0.09387822090924011,0.005580173970129657,0.0037748235680288857,0.004103069095683571,0.394,0.366,0.145,0.055,0.0308,0.0035,0.0036,0.0025
2625,1992,883,575,34,23,25,2020-07-05,1.0820913672605734,0.8839731932466579,0.9890620712057486,1.6979934147385827,0.17929123012767645,1.067310146407109,1.1278941764567882,0.16861710231346258,0.1381226828613349,0.1441775167534458,0.22388398258821948,0.021512330500868048,0.03638114717058567,0.12654312059334147,0.4263439987006659,0.3235341887282768,0.14341400032483353,0.09338963781062205,0.0055221698879324346,0.003735585512424882,0.004060419035244438,0.394,0.366,0.145,0.055,0.0308,0.0035,0.0036,0.0025
2660,2006,886,577,34,23,25,2020-07-06,1.0869858373100942,0.8824463559716457,0.9837940472687502,1.6890853471114298,0.1777324269676548,1.0580306828898038,1.1180879801069787,0.17086533034430876,0.1390934246083523,0.1446673610912265,0.22466270948417852,0.021512330500868048,0.03638114717058567,0.12654312059334147,0.4282724199001771,0.3229753662856223,0.14265013685396877,0.09289969409112864,0.005474158750603767,0.0037031073901143134,0.0040251167283851235,0.394,0.366,0.145,0.055,0.0308,0.0035,0.0036,0.0025
2660,2006,886,577,34,23,25,2020-07-07,1.0869858373100942,0.8824463559716457,0.9837940472687502,1.6890853471114298,0.1777324269676548,1.0580306828898038,1.1180879801069787,0.17086533034430876,0.1390934246083523,0.1446673610912265,0.22466270948417852,0.021512330500868048,0.03638114717058567,0.12654312059334147,0.4282724199001771,0.3229753662856223,0.14265013685396877,0.09289969409112864,0.005474158750603767,0.0037031073901143134,0.0040251167283851235,0.394,0.366,0.145,0.055,0.0308,0.0035,0.0036,0.0025
2715,2026,892,582,33,23,28,2020-07-08,1.0939614135834952,0.878793320476752,0.9766191677934648,1.679920333674898,0.17009502642142743,1.0432494953847549,1.2347638955036955,0.17439826010706702,0.14048019853266291,0.14564704976678783,0.22660952672407608,0.02087961489790134,0.03638114717058567,0.14172829506454243,0.4310207969518971,0.3216383552944912,0.1416097793300524,0.09239561835211939,0.005238926813779965,0.0036513732338466424,0.004445150023813304,0.394,0.366,0.145,0.055,0.0308,0.0035,0.0036,0.0025
2808,2055,903,593,34,23,29,2020-07-09,1.1058034993482533,0.8711798445866029,0.966266285011102,1.672896537132379,0.17127945754788268,1.0196165355203368,1.2498922506680459,0.18037212316045825,0.14249102072291325,0.14744314567198366,0.2308925246518507,0.021512330500868048,0.03638114717058567,0.14679001988827609,0.4356865787432118,0.31885182311869664,0.1401086113266098,0.09200930954228084,0.005275407292474787,0.003568657874321179,0.004499612102404965,0.394,0.366,0.145,0.055,0.0308,0.0035,0.0036,0.0025
2941,2103,922,608,38,24,33,2020-07-10,1.119278303355247,0.8615836916095759,0.9534593926608447,1.6576016576016577,0.185000185000185,1.028211554527344,1.3745189183785675,0.1889153896776737,0.14581927814125867,0.1505454931445946,0.2367329763715434,0.02404319291273488,0.03796293617800244,0.16703691918321073,0.4409956515219673,0.3153396311291048,0.13825161193582247,0.09116809116809117,0.005698005698005698,0.003598740440845704,0.004948268106162843,0.394,0.366,0.145,0.055,0.0308,0.0035,0.0036,0.0025
2941,2103,922,608,38,24,33,2020-07-11,1.119278303355247,0.8615836916095759,0.9534593926608447,1.6576016576016577,0.185000185000185,1.028211554527344,1.3745189183785675,0.1889153896776737,0.14581927814125867,0.1505454931445946,0.2367329763715434,0.02404319291273488,0.03796293617800244,0.16703691918321073,0.4409956515219673,0.3153396311291048,0.13825161193582247,0.09116809116809117,0.005698005698005698,0.003598740440845704,0.004948268106162843,0.394,0.366,0.145,0.055,0.0308,0.0035,0.0036,0.0025
3020,2140,933,613,40,25,33,2020-07-12,1.1265394796133656,0.8593466395530756,0.9456911755762332,1.6380738602960825,0.19087320674622263,1.0498026371042244,1.347246717617088,0.19398996151872647,0.1483848099012333,0.15234158904979042,0.23867979361144095,0.025308624118668292,0.03954472518541921,0.16703691918321073,0.4438565549676661,0.31452087007642565,0.1371252204585538,0.09009406231628454,0.005878894767783657,0.0036743092298647854,0.0048500881834215165,0.394,0.366,0.145,0.055,0.0308,0.0035,0.0036,0.0025
3029,2147,934,615,40,25,34,2020-07-13,1.1265851786171233,0.8596307471540497,0.9439301451267332,1.6386017265266972,0.19031378937592303,1.0467258415675766,1.384004168294907,0.19456807729808692,0.14887018077474198,0.15250487049571732,0.2394585205074,0.025308624118668292,0.03954472518541921,0.17209864400694438,0.44387456037514655,0.3146248534583822,0.1368698710433763,0.09012309495896835,0.005861664712778429,0.003663540445486518,0.004982415005861665,0.394,0.366,0.145,0.055,0.0308,0.0035,0.0036,0.0025
3037,2150,936,616,40,25,34,2020-07-14,1.1272480004988545,0.8590694559652984,0.9440146846728728,1.6379058204153263,0.18992414429676788,1.0445827936322234,1.3811705826914953,0.19508195799085176,0.14907819686338858,0.1528314333875711,0.23984788395537948,0.025308624118668292,0.03954472518541921,0.17209864400694438,0.4441357121965487,0.3144194208832992,0.13688212927756654,0.09008482012284294,0.0058496636443404505,0.0036560397777127816,0.004972214097689383,0.394,0.366,0.145,0.055,0.0308,0.0035,0.0036,0.0025
3091,2190,949,621,41,25,34,2020-07-15,1.1286401474571455,0.8608267238349949,0.941566333794691,1.6243575155961862,0.1915075285813309,1.027601372875434,1.358717370801963,0.1985506526670144,0.15185174471200977,0.1549540921846207,0.24179470119527705,0.025941339721635,0.03954472518541921,0.17209864400694438,0.44468421809811537,0.3150625809236081,0.13652711840023019,0.08933966335779024,0.005898431880304992,0.0035966048050640196,0.004891382534887067,0.394,0.366,0.145,0.055,0.0308,0.0035,0.0036,0.0025
3141,2217,962,628,41,25,35,2020-07-16,1.1309520809014202,0.8593243082962587,0.9411948870223705,1.6198300210216794,0.1888450604580552,1.0133149585554182,1.3792342491448748,0.20176240699679465,0.15372388950982904,0.1570767509816703,0.24452024533113365,0.025941339721635,0.03954472518541921,0.17716036883067804,0.4455951198751596,0.3145126968364307,0.13647325861824372,0.08909065115619237,0.0058164278621081,0.003546602354943964,0.004965243296921549,0.394,0.366,0.145,0.055,0.0308,0.0035,0.0036,0.0025
3283,2269,987,641,41,25,39,2020-07-17,1.14378686474189,0.8509888197546421,0.9343715239154617,1.5998003369314282,0.18272736186257119,0.9804882831650162,1.4870738961336079,0.21088378929337054,0.15732950171303658,0.1611587871298426,0.2495819701548673,0.025941339721635,0.03954472518541921,0.19740726812561268,0.45065202470830473,0.311461908030199,0.13548387096774195,0.08798901853122855,0.0056280027453671925,0.0034317089910775567,0.005353466026080988,0.394,0.366,0.145,0.055,0.0308,0.0035,0.0036,0.0025
3283,2269,987,641,41,25,39,2020-07-18,1.14378686474189,0.8509888197546421,0.9343715239154617,1.5998003369314282,0.18272736186257119,0.9804882831650162,1.4870738961336079,0.21088378929337054,0.15732950171303658,0.1611587871298426,0.2495819701548673,0.025941339721635,0.03954472518541921,0.19740726812561268,0.45065202470830473,0.311461908030199,0.13548387096774195,0.08798901853122855,0.0056280027453671925,0.0034317089910775567,0.005353466026080988,0.394,0.366,0.145,0.055,0.0308,0.0035,0.0036,0.0025
3359,2298,993,654,41,25,40,2020-07-19,1.1505237126396624,0.8473263865843675,0.9241937735585649,1.604711078395289,0.17964491648702174,0.963948332369385,1.4994751836857099,0.2157656558746365,0.15934032390328695,0.16213847580540394,0.25464369497860095,0.025941339721635,0.03954472518541921,0.20246899294934634,0.453306342780027,0.3101214574898785,0.1340080971659919,0.08825910931174089,0.0055330634278002696,0.0033738191632928477,0.005398110661268556,0.394,0.366,0.145,0.055,0.0308,0.0035,0.0036,0.0025
3373,2308,997,654,41,25,41,2020-07-20,1.150815123751009,0.847696051749126,0.9242992430387844,1.5984553153527479,0.17894459351644457,0.9601905017955562,1.5309704111962479,0.21666494708697498,0.16003371086544224,0.16279160158911152,0.25464369497860095,0.025941339721635,0.03954472518541921,0.20753071777308,0.45342115875789757,0.3102567549401801,0.13402339024062374,0.08791504234440113,0.005511493480306493,0.003360666756284447,0.005511493480306493,0.394,0.366,0.145,0.055,0.0308,0.0035,0.0036,0.0025
3386,2318,998,654,41,25,41,2020-07-21,1.1515353918587194,0.8486310241636518,0.9222509206337473,1.5933148989560622,0.1783691318730847,0.9571026588311863,1.5260470171363913,0.21750000321271784,0.16072709782759753,0.1629548830350384,0.25464369497860095,0.025941339721635,0.03954472518541921,0.20753071777308,0.4537049443923355,0.31059895484389655,0.13372638349189334,0.08763231944258341,0.005493769261691009,0.003349859305909152,0.005493769261691009,0.394,0.366,0.145,0.055,0.0308,0.0035,0.0036,0.0025
3455,2347,1008,660,41,27,41,2020-07-22,1.157017486870949,0.8460968869258384,0.917235009622778,1.583322338039319,0.1756391121742751,1.0178500744538481,1.502690181935465,0.22193222418781455,0.1627379200178479,0.16458769749430732,0.256979875666478,0.025941339721635,0.04270830320025274,0.20753071777308,0.45586488982715395,0.30967146061485684,0.1329990763953028,0.08708272859216255,0.0054096846549676735,0.003562475260588468,0.0054096846549676735,0.394,0.366,0.145,0.055,0.0308,0.0035,0.0036,0.0025
3532,2384,1021,672,42,28,40,2020-07-23,1.161350823303037,0.8438478044028751,0.912213928014617,1.5828710737377663,0.17665971805109,1.0364036792330613,1.439449554490363,0.22687832585567613,0.1653034517778225,0.16671035629135694,0.26165223704223217,0.026574055324601706,0.04429009220766951,0.20246899294934634,0.45757222438139655,0.3088482964114523,0.13227101956211945,0.08705790905557714,0.005441119315973571,0.0036274128773157144,0.005182018396165306,0.394,0.366,0.145,0.055,0.0308,0.0035,0.0036,0.0025
3605,2418,1031,681,42,29,40,2020-07-24,1.166166988643054,0.8420287250891129,0.9062381885784102,1.578105809561328,0.17380019929089519,1.0560431156913441,1.4161497719998868,0.23156748717715528,0.1676609674491505,0.16834317075062585,0.2651565080740478,0.026574055324601706,0.04587188121508628,0.20246899294934634,0.45946979352536327,0.3081825133826153,0.13140453734386948,0.08679581952587305,0.005353046138159572,0.0036961509049197043,0.0050981391791995925,0.394,0.366,0.145,0.055,0.0308,0.0035,0.0036,0.0025
3676,2450,1043,691,39,29,45,2020-07-25,1.1701930563876433,0.8395822238853947,0.9021827979776574,1.5757727785822606,0.1588152221539905,1.039221658812779,1.567791295622727,0.23612817832544322,0.16987980572804745,0.17030254810174855,0.2690501425538429,0.024675908515701585,0.04587188121508628,0.22777761706801464,0.46105606421673145,0.30728709394205445,0.13081650570676032,0.08666750282202433,0.004891508842342907,0.003637275805844726,0.0056440486642418165,0.394,0.366,0.145,0.055,0.0308,0.0035,0.0036,0.0025
3740,2474,1056,697,42,31,45,2020-07-26,1.1740736903898614,0.8360621943760117,0.9007741027445463,1.5674368921122168,0.16866250632484397,1.0955031363194627,1.5460729746444033,0.24023922386756194,0.17154393443722016,0.17242520689879814,0.27138632324171996,0.026574055324601706,0.049035459229919816,0.22777761706801464,0.46258503401360546,0.3059987631416203,0.1306122448979592,0.08620902906617192,0.005194805194805195,0.00383426097711812,0.0055658627087198514,0.394,0.366,0.145,0.055,0.0308,0.0035,0.0036,0.0025
3770,2495,1062,701,43,33,45,2020-07-28,1.1741965785718156,0.8365369849932976,0.8987775102508876,1.5640513615725298,0.17132211266460867,1.1570218957628455,1.5339305436249848,0.24216627646543007,0.17300004705774627,0.1734048955743595,0.27294377703363804,0.027206770927568416,0.05219903724475335,0.22777761706801464,0.4626334519572954,0.30617253650754694,0.1303227389863787,0.08602282488648914,0.005276721070069947,0.004049576635169959,0.005522149957049945,0.394,0.366,0.145,0.055,0.0308,0.0035,0.0036,0.0025
3846,2516,1073,710,46,32,47,2020-07-29,1.1803411511241784,0.8312354219940399,0.8948004836759371,1.5609541607123227,0.1805932882111842,1.105544999136293,1.578664516995835,0.24704814304669603,0.17445615967827238,0.1752009914795553,0.27644804806545364,0.029104917736468536,0.050617248237336585,0.23790106671548195,0.46505441354292626,0.3042321644498186,0.12974607013301087,0.08585247883917775,0.005562273276904474,0.0038694074969770256,0.005683192261185006,0.394,0.366,0.145,0.055,0.0308,0.0035,0.0036,0.0025
3963,2583,1091,722,46,32,47,2020-07-30,1.1855699710652718,0.8318454796299302,0.8868620852233007,1.5472975869015473,0.17603801196446173,1.077658786286792,1.538844360626539,0.2545636481783818,0.17910185232471287,0.17814005750623937,0.2811204094412078,0.029104917736468536,0.050617248237336585,0.23790106671548195,0.4671145685997171,0.30445544554455445,0.12859500235737858,0.0851013672795851,0.0054219707685054215,0.003771805752003772,0.00553983969825554,0.394,0.366,0.145,0.055,0.0308,0.0035,0.0036,0.0025
4115,2667,1124,745,50,33,48,2020-08-01,1.1892692366827855,0.8297523623208425,0.88268323137452,1.5424111302043435,0.18485272413762507,1.0736246217913263,1.5182570409170273,0.2643273813409137,0.18492630280681735,0.18352834522182682,0.29007576874473656,0.03163578014833537,0.05219903724475335,0.2429627915392156,0.4685720792530175,0.30368936460942836,0.1279890685493054,0.0848326121612389,0.0056934639034388525,0.0037576861762696426,0.005465725347301298,0.394,0.366,0.145,0.055,0.0308,0.0035,0.0036,0.0025
4189,2713,1132,756,50,33,48,2020-08-02,1.1917923658145355,0.8309122638729884,0.8751145108983454,1.5407975053754674,0.1819724944935123,1.0568962480183195,1.4946007547733813,0.2690807777489885,0.18811588283273173,0.18483459678924197,0.2943587666725112,0.03163578014833537,0.05219903724475335,0.2429627915392156,0.46956619213092704,0.30411388857751376,0.12689160408026007,0.08474386279565072,0.005604752830400179,0.0036991368680641184,0.0053805627171841725,0.394,0.366,0.145,0.055,0.0308,0.0035,0.0036,0.0025
4512,2868,1183,811,54,38,48,2020-08-06,1.203676334848244,0.82363522953232,0.8575384370039072,1.5498690924379384,0.1842807182306867,1.141175410672993,1.4014434867913952,0.28982871071936883,0.1988633807461388,0.19316195053151347,0.3157737563113844,0.034166642560202194,0.0601079822818372,0.2429627915392156,0.47424847593020814,0.3014504940088291,0.12434307336556653,0.0852428000840866,0.005675846121505151,0.003994113937355476,0.005045196552449022,0.394,0.366,0.145,0.055,0.0308,0.0035,0.0036,0.0025
4512,2868,1183,811,54,38,48,2020-08-07,1.203676334848244,0.82363522953232,0.8575384370039072,1.5498690924379384,0.1842807182306867,1.141175410672993,1.4014434867913952,0.28982871071936883,0.1988633807461388,0.19316195053151347,0.3157737563113844,0.034166642560202194,0.0601079822818372,0.2429627915392156,0.47424847593020814,0.3014504940088291,0.12434307336556653,0.0852428000840866,0.005675846121505151,0.003994113937355476,0.005045196552449022,0.394,0.366,0.145,0.055,0.0308,0.0035,0.0036,0.0025
4512,2868,1183,811,54,38,48,2020-08-08,1.203676334848244,0.82363522953232,0.8575384370039072,1.5498690924379384,0.1842807182306867,1.141175410672993,1.4014434867913952,0.28982871071936883,0.1988633807461388,0.19316195053151347,0.3157737563113844,0.034166642560202194,0.0601079822818372,0.2429627915392156,0.47424847593020814,0.3014504940088291,0.12434307336556653,0.0852428000840866,0.005675846121505151,0.003994113937355476,0.005045196552449022,0.394,0.366,0.145,0.055,0.0308,0.0035,0.0036,0.0025
4935,3118,1269,857,62,41,52,2020-08-12,1.212055420036762,0.8243783320166547,0.8468864077734696,1.5078206098140297,0.19479262753890197,1.133567419613481,1.3977592843472464,0.31700015234930967,0.2161980548000212,0.2072041548812262,0.33368447491844194,0.039228367383935855,0.0648533493040875,0.26320969083415025,0.4775498354944842,0.3017224695180956,0.12279852912715308,0.08293013353977163,0.005999612928198181,0.003967485968647184,0.005031933423650087,0.394,0.366,0.145,0.055,0.0308,0.0035,0.0036,0.0025
4935,3118,1269,857,62,41,52,2020-08-13,1.212055420036762,0.8243783320166547,0.8468864077734696,1.5078206098140297,0.19479262753890197,1.133567419613481,1.3977592843472464,0.31700015234930967,0.2161980548000212,0.2072041548812262,0.33368447491844194,0.039228367383935855,0.0648533493040875,0.26320969083415025,0.4775498354944842,0.3017224695180956,0.12279852912715308,0.08293013353977163,0.005999612928198181,0.003967485968647184,0.005031933423650087,0.394,0.366,0.145,0.055,0.0308,0.0035,0.0036,0.0025
5098,3204,1298,872,63,40,55,2020-08-14,1.2172235460410388,0.8235275974276328,0.8421189217244623,1.4914906354229025,0.19242281707004188,1.075124311248488,1.4372321521898193,0.32747047146439323,0.22216118267455673,0.21193931681310607,0.3395249266381346,0.03986108298690256,0.06327156029667073,0.27839486530535124,0.4795860771401693,0.3014111006585136,0.12210724365004703,0.08203198494825964,0.00592662276575729,0.0037629350893697085,0.0051740357478833494,0.394,0.366,0.145,0.055,0.0308,0.0035,0.0036,0.0025
5098,3204,1298,872,63,40,55,2020-08-15,1.2172235460410388,0.8235275974276328,0.8421189217244623,1.4914906354229025,0.19242281707004188,1.075124311248488,1.4372321521898193,0.32747047146439323,0.22216118267455673,0.21193931681310607,0.3395249266381346,0.03986108298690256,0.06327156029667073,0.27839486530535124,0.4795860771401693,0.3014111006585136,0.12210724365004703,0.08203198494825964,0.00592662276575729,0.0037629350893697085,0.0051740357478833494,0.394,0.366,0.145,0.055,0.0308,0.0035,0.0036,0.0025
5098,3204,1298,872,63,40,55,2020-08-16,1.2172235460410388,0.8235275974276328,0.8421189217244623,1.4914906354229025,0.19242281707004188,1.075124311248488,1.4372321521898193,0.32747047146439323,0.22216118267455673,0.21193931681310607,0.3395249266381346,0.03986108298690256,0.06327156029667073,0.27839486530535124,0.4795860771401693,0.3014111006585136,0.12210724365004703,0.08203198494825964,0.00592662276575729,0.0037629350893697085,0.0051740357478833494,0.394,0.366,0.145,0.055,0.0308,0.0035,0.0036,0.0025
5469,3379,1360,912,72,40,52,2020-08-21,1.2301232417492447,0.8181709001381132,0.8312043907149581,1.469498243691792,0.2071661057836173,1.0128120727199068,1.2800819252432156,0.3513016885913626,0.2342954545122744,0.22206276646057338,0.3550994645573151,0.04555552341360293,0.06327156029667073,0.26320969083415025,0.48466855724920244,0.29945054945054944,0.12052463665366892,0.08082240340304857,0.006380716058135413,0.003544842254519674,0.004608294930875576,0.394,0.366,0.145,0.055,0.0308,0.0035,0.0036,0.0025
5469,3379,1360,912,72,40,52,2020-08-22,1.2301232417492447,0.8181709001381132,0.8312043907149581,1.469498243691792,0.2071661057836173,1.0128120727199068,1.2800819252432156,0.3513016885913626,0.2342954545122744,0.22206276646057338,0.3550994645573151,0.04555552341360293,0.06327156029667073,0.26320969083415025,0.48466855724920244,0.29945054945054944,0.12052463665366892,0.08082240340304857,0.006380716058135413,0.003544842254519674,0.004608294930875576,0.394,0.366,0.145,0.055,0.0308,0.0035,0.0036,0.0025
5653,3466,1394,935,74,37,53,2020-08-23,1.2355938456803832,0.8155309468817824,0.8279187998146983,1.4640027557698931,0.20690642461224618,0.9103882682938832,1.2678455237876527,0.3631209445249539,0.24032792108302548,0.22761433562208772,0.36405482386084387,0.046820954619536344,0.05852619327442043,0.2682714156578839,0.48682397519807097,0.29848432655873236,0.12004822597313124,0.08052015156734413,0.0063727178780571825,0.0031863589390285912,0.004564243885635549,0.394,0.366,0.145,0.055,0.0308,0.0035,0.0036,0.0025
5666,3470,1399,935,75,37,54,2020-08-24,1.2358809436145133,0.8147880987401075,0.829174618603383,1.4609831557236164,0.2092699325425348,0.9085105338113244,1.2891027844620144,0.3639560006506968,0.2406052758678876,0.22843074285172218,0.36405482386084387,0.04745367022250305,0.05852619327442043,0.27333314048161755,0.48693709178411826,0.2982124441388793,0.12023031969749054,0.0803540735647989,0.006445513922310072,0.0031797868683396354,0.004640770024063252,0.394,0.366,0.145,0.055,0.0308,0.0035,0.0036,0.0025
5786,3549,1421,945,76,38,54,2020-08-25,1.2372802416224835,0.8169787944624999,0.8256803437526329,1.4476213819039667,0.20789725061357045,0.91474790269971,1.2637964445193361,0.37166421104216935,0.24608303286891445,0.2320229346621138,0.367948458340639,0.04808638582546976,0.0601079822818372,0.27333314048161755,0.48748841519925856,0.29901423877327493,0.11972364984413177,0.07961917600471817,0.00640323531889797,0.003201617659448985,0.00454966720026961,0.394,0.366,0.145,0.055,0.0308,0.0035,0.0036,0.0025
5786,3549,1421,945,76,38,54,2020-08-26,1.2372802416224835,0.8169787944624999,0.8256803437526329,1.4476213819039667,0.20789725061357045,0.91474790269971,1.2637964445193361,0.37166421104216935,0.24608303286891445,0.2320229346621138,0.367948458340639,0.04808638582546976,0.0601079822818372,0.27333314048161755,0.48748841519925856,0.29901423877327493,0.11972364984413177,0.07961917600471817,0.00640323531889797,0.003201617659448985,0.00454966720026961,0.394,0.366,0.145,0.055,0.0308,0.0035,0.0036,0.0025
5866,3591,1440,951,74,38,52,2020-08-27,1.2394542851395642,0.8168061446749971,0.8267594474491027,1.439469621287803,0.20001643378266756,0.9038580467151895,1.2025012025012025,0.37680301796981774,0.24899525810996667,0.23512528213472475,0.37028463902851605,0.046820954619536344,0.0601079822818372,0.26320969083415025,0.48834498834498835,0.29895104895104896,0.11988011988011989,0.07917082917082917,0.006160506160506161,0.0031635031635031635,0.004329004329004329,0.394,0.366,0.145,0.055,0.0308,0.0035,0.0036,0.0025
5957,3621,1462,956,76,38,52,2020-08-28,1.243158143405815,0.8134716841761898,0.8290378737616886,1.429190773048691,0.20288870806877712,0.8927103155026194,1.187670156589742,0.3826484108500178,0.25107541899643254,0.2387174739451164,0.37223145626841364,0.04808638582546976,0.0601079822818372,0.26320969083415025,0.48980430850189116,0.29773063640848546,0.12021049169544483,0.07860549251767801,0.006248972208518336,0.003124486104259168,0.0042756125637230715,0.394,0.366,0.145,0.055,0.0308,0.0035,0.0036,0.0025
5999,3655,1471,966,76,38,52,2020-08-29,1.2422198192765845,0.8147457614272829,0.8276762328634166,1.4329474066767043,0.20131618401994514,0.8857912096877586,1.17846491347348,0.3853462844870332,0.25343293466776057,0.2401870069584584,0.37612509074820877,0.04808638582546976,0.0601079822818372,0.26320969083415025,0.4894346087949743,0.29819694868238555,0.1200130537651954,0.07881210736721873,0.00620053846781431,0.003100269233907155,0.004242473688504528,0.394,0.366,0.145,0.055,0.0308,0.0035,0.0036,0.0025
6076,3702,1486,975,77,40,53,2020-08-30,1.2427528243173758,0.8151143604126567,0.8258744348512344,1.4285818943728525,0.20146667741155613,0.9209905253099708,1.186414878090275,0.39029238615489475,0.2566918533898905,0.2426362286473618,0.3796293617800244,0.04871910142843646,0.06327156029667073,0.2682714156578839,0.48964461278104604,0.29833185591103234,0.11975179305342896,0.07857200419050689,0.006205173664275929,0.003223466838584898,0.00427109356112499,0.394,0.366,0.145,0.055,0.0308,0.0035,0.0036,0.0025
6083,3703,1485,975,77,40,55,2020-08-31,1.2432828389769885,0.8147436252856993,0.8247205113822539,1.4275465233751592,0.20132066355290706,0.920323033384718,1.2302929439344321,0.390742031761064,0.256761192086106,0.24247294720143492,0.3796293617800244,0.04871910142843646,0.06327156029667073,0.27839486530535124,0.4898534385569335,0.29819616685456596,0.1195844741504268,0.07851505878563375,0.0062006764374295375,0.003221130616846513,0.004429054598163956,0.394,0.366,0.145,0.055,0.0308,0.0035,0.0036,0.0025
6110,3716,1488,979,77,41,55,2020-09-01,1.2439927974649423,0.8144557568170123,0.823204633845439,1.4278838440558317,0.2005454837157067,0.9396988379821686,1.225555733818208,0.3924763790991453,0.25766259513690787,0.24296279153921557,0.3811868155719424,0.04871910142843646,0.0648533493040875,0.27839486530535124,0.49013316220118724,0.2980908069950265,0.11936467190758863,0.07853361142307075,0.006176800898443767,0.00328894593293759,0.004412000641745548,0.394,0.366,0.145,0.055,0.0308,0.0035,0.0036,0.0025
6206,3773,1504,996,77,41,56,2020-09-02,1.2448643827972017,0.8147271927131042,0.8197592502255157,1.4312092712472069,0.19758160120129614,0.9258109313432162,1.2293966296969538,0.39864294741232337,0.26161490082119304,0.24557529467404585,0.3878059941875941,0.04871910142843646,0.0648533493040875,0.28345659012908486,0.4904765668220975,0.29819015253299613,0.11886509128269976,0.07871650991859638,0.006085513316999921,0.0032403382597012568,0.0044258278669090335,0.394,0.366,0.145,0.055,0.0308,0.0035,0.0036,0.0025
6280,3811,1528,1007,82,41,57,2020-09-03,1.2446576834621461,0.8131007579268257,0.8228901323194409,1.4297275424871863,0.20789767783364535,0.9147497824680395,1.2363996043521266,0.40339634382039813,0.2642497712773832,0.24949404937629127,0.39208899211536874,0.05188267944327,0.0648533493040875,0.28851831495281854,0.4903951272840856,0.2975948774012182,0.11931906918631892,0.07863501483679525,0.006403248477276277,0.0032016242386381385,0.004451038575667656,0.394,0.366,0.145,0.055,0.0308,0.0035,0.0036,0.0025
6353,3862,1549,1019,84,41,57,2020-09-04,1.2436841868286543,0.8138767889167767,0.8239690413181378,1.4290221926164848,0.21035655435963957,0.9035314858685473,1.2212366628101299,0.40808550514187725,0.2677860447843752,0.252922959740756,0.3967613534911229,0.05314811064920341,0.0648533493040875,0.28851831495281854,0.4900115696104898,0.2978789047435403,0.11947551099112996,0.07859622059390667,0.006478981874276899,0.0031623602005399153,0.004396451986116467,0.394,0.366,0.145,0.055,0.0308,0.0035,0.0036,0.0025
6430,3918,1560,1028,88,40,59,2020-09-05,1.2436026026300937,0.8157371052950458,0.8198293598761849,1.4242862981718427,0.21772025124916994,0.8708810049966798,1.2488675523042665,0.4130316068097388,0.27166901177244485,0.2547190556459518,0.4002656245229385,0.055678973061070246,0.06327156029667073,0.29864176460028585,0.48997942543625694,0.29855978053798676,0.11887525718204679,0.07833574639945134,0.006705783738474434,0.003048083517488379,0.004495923188295359,0.394,0.366,0.145,0.055,0.0308,0.0035,0.0036,0.0025
6501,3952,1575,1035,87,39,58,2020-09-06,1.2455650335925115,0.8151139282592492,0.8199644421768885,1.4205617738493106,0.213231322161646,0.8411608019066311,1.216208281959018,0.41759229795802677,0.27402652744377287,0.2571682773348552,0.4029911686587951,0.055046257458103535,0.061689771289253965,0.29358003977655217,0.49075262323544955,0.2983316977428852,0.11889484411564882,0.07813089756171208,0.006567524722578697,0.002944062806673209,0.004378349815052465,0.394,0.366,0.145,0.055,0.0308,0.0035,0.0036,0.0025
6501,3952,1575,1035,87,39,58,2020-09-07,1.2455650335925115,0.8151139282592492,0.8199644421768885,1.4205617738493106,0.213231322161646,0.8411608019066311,1.216208281959018,0.41759229795802677,0.27402652744377287,0.2571682773348552,0.4029911686587951,0.055046257458103535,0.061689771289253965,0.29358003977655217,0.49075262323544955,0.2983316977428852,0.11889484411564882,0.07813089756171208,0.006567524722578697,0.002944062806673209,0.004378349815052465,0.394,0.366,0.145,0.055,0.0308,0.0035,0.0036,0.0025
6501,3952,1575,1035,87,39,58,2020-09-08,1.2455650335925115,0.8151139282592492,0.8199644421768885,1.4205617738493106,0.213231322161646,0.8411608019066311,1.216208281959018,0.41759229795802677,0.27402652744377287,0.2571682773348552,0.4029911686587951,0.055046257458103535,0.061689771289253965,0.29358003977655217,0.49075262323544955,0.2983316977428852,0.11889484411564882,0.07813089756171208,0.006567524722578697,0.002944062806673209,0.004378349815052465,0.394,0.366,0.145,0.055,0.0308,0.0035,0.0036,0.0025
6583,4019,1587,1049,90,41,59,2020-09-09,1.244274786074707,0.8177594814521812,0.8150750362084375,1.4203699190294365,0.21761080742313987,0.8723775479807651,1.220501108794228,0.42285957505886634,0.2786722200902133,0.2591276546859779,0.40844225693050823,0.05694440426700366,0.0648533493040875,0.29864176460028585,0.4902442657134346,0.29929997021149835,0.11818588025022342,0.07812034554661901,0.006702412868632708,0.003053321417932678,0.00439380399165922,0.394,0.366,0.145,0.055,0.0308,0.0035,0.0036,0.0025
6637,4045,1597,1059,94,41,59,2020-09-10,1.2448402058065784,0.8167242512788953,0.8139072645173128,1.4228898503211242,0.225535623111739,0.8656729023267598,1.2111209642986174,0.426328269735029,0.2804750261918171,0.2607604691452468,0.41233589141030336,0.059475266678870486,0.0648533493040875,0.29864176460028585,0.4904670410877919,0.29892107596807566,0.11801655335501035,0.07825894176766184,0.006946497191841561,0.0030298551581436593,0.004360035471475022,0.394,0.366,0.145,0.055,0.0308,0.0035,0.0036,0.0025
6686,4088,1606,1068,96,41,61,2020-09-11,1.243554385696037,0.8185108388614851,0.8116563145951574,1.4229944172784565,0.2284100188247924,0.8584409874165114,1.2417151139120948,0.42947578897821365,0.28345659012908486,0.2622300021585889,0.41584016244211897,0.0607406978848039,0.0648533493040875,0.30876521424775316,0.4899604279642386,0.29957496702330355,0.11769016561629782,0.07826469295031512,0.007035028579803606,0.00300454345595779,0.004470174410083541,0.394,0.366,0.145,0.055,0.0308,0.0035,0.0036,0.0025
6761,4136,1644,1072,97,41,56,2020-09-12,1.2428404778125124,0.8184650139847491,0.8211726685364497,1.411668652923089,0.22809811322884402,0.8484309201336796,1.1266426852723659,0.434293420472884,0.2867848475474303,0.26843469710381074,0.41739761623403704,0.06137341348777061,0.0648533493040875,0.28345659012908486,0.4896791482581299,0.2995581951184182,0.11907003693778519,0.0776417759107699,0.007025421887448396,0.002969508220467879,0.004055913666980517,0.394,0.366,0.145,0.055,0.0308,0.0035,0.0036,0.0025
6824,4165,1654,1092,98,42,56,2020-09-13,1.2432558290370195,0.8168675199745192,0.8188139079552178,1.4252060479897677,0.2283984051265653,0.8613882707630464,1.1166144250632084,0.4383402309284071,0.28879566973768067,0.2700675115630797,0.4251848851936273,0.06200612909073732,0.06643513831150427,0.28345659012908486,0.4898427966405857,0.29897351231067404,0.11872801665350657,0.07838633263943723,0.007034670877898212,0.0030148589476706625,0.00401981193022755,0.394,0.366,0.145,0.055,0.0308,0.0035,0.0036,0.0025
6824,4164,1654,1091,98,42,57,2020-09-14,1.2433450792760028,0.8167300201240394,0.8188726885659826,1.4240031325458462,0.2284148012791229,0.8614501076812634,1.1366355587461117,0.4383402309284071,0.2887263310414651,0.2700675115630797,0.4247955217456478,0.06200612909073732,0.06643513831150427,0.28851831495281854,0.48987796123474514,0.2989231873653984,0.11873653984206747,0.07832017229002154,0.007035175879396985,0.003015075376884422,0.0040918880114860015,0.394,0.366,0.145,0.055,0.0308,0.0035,0.0036,0.0025
6850,4182,1656,1090,99,42,57,2020-09-15,1.2439744420456824,0.8175607833569492,0.8171644000552672,1.418015298954051,0.22998609861803906,0.8586147681740126,1.1328944857851555,0.44001034317989285,0.28997442757334463,0.27039407445493346,0.42440615829766826,0.06263884469370402,0.06643513831150427,0.28851831495281854,0.49012593016599887,0.29922724670864337,0.11848883800801374,0.07799084144247281,0.007083571837435604,0.003005151688609044,0.00407842014882656,0.394,0.366,0.145,0.055,0.0308,0.0035,0.0036,0.0025
6939,4243,1673,1101,98,42,58,2020-09-16,1.2442896090789566,0.8190544139369358,0.8151710494900919,1.414312690277082,0.22479992806402302,0.8478168715557439,1.1382726516257673,0.44572726588690165,0.294204088042492,0.27316985903569063,0.4286891562254429,0.06200612909073732,0.06643513831150427,0.29358003977655217,0.49025010597710894,0.2997739155009185,0.11819980217606331,0.0777871979652395,0.006923837784371909,0.002967359050445104,0.004097781545852762,0.394,0.366,0.145,0.055,0.0308,0.0035,0.0036,0.0025
6967,4281,1683,1113,98,42,59,2020-09-17,1.2415039750580124,0.8212259574159524,0.8149193675296033,1.4207936274916546,0.22339522444837334,0.8425191322052938,1.1506627037063042,0.4475258483115786,0.2968389584986821,0.27480267349495957,0.433361517601197,0.06200612909073732,0.06643513831150427,0.29864176460028585,0.48915256617285685,0.30056870041423855,0.11816330829179246,0.078143649512041,0.006880572913009899,0.0029488169627185285,0.004142385733342695,0.394,0.366,0.145,0.055,0.0308,0.0035,0.0036,0.0025
7011,4316,1700,1113,98,45,61,2020-09-18,1.2405477024299234,0.8221102709687643,0.817354847395042,1.4107894336561375,0.221822237996248,0.8963429208827982,1.1812914420276384,0.45035219212178523,0.2992658128662256,0.27757845807571674,0.433361517601197,0.06200612909073732,0.07118050533375457,0.30876521424775316,0.48877579475738986,0.30089235917456775,0.11851645287228109,0.07759341885108756,0.006832124930284439,0.0031372002230897937,0.004252649191299498,0.394,0.366,0.145,0.055,0.0308,0.0035,0.0036,0.0025
7011,4316,1700,1113,98,45,61,2020-09-19,1.2405477024299234,0.8221102709687643,0.817354847395042,1.4107894336561375,0.221822237996248,0.8963429208827982,1.1812914420276384,0.45035219212178523,0.2992658128662256,0.27757845807571674,0.433361517601197,0.06200612909073732,0.07118050533375457,0.30876521424775316,0.48877579475738986,0.30089235917456775,0.11851645287228109,0.07759341885108756,0.006832124930284439,0.0031372002230897937,0.004252649191299498,0.394,0.366,0.145,0.055,0.0308,0.0035,0.0036,0.0025
7120,4369,1717,1134,103,45,65,2020-09-20,1.2417416333297406,0.8202541379746688,0.8136727348550009,1.4167650531286895,0.22979150993993294,0.8834702712253732,1.240675843850447,0.4573538165607061,0.30294076376564866,0.2803542426564739,0.4415381500087668,0.06516970710557085,0.07118050533375457,0.3290121135426878,0.48924620353191783,0.3002130144987288,0.11798254655397512,0.07792207792207792,0.007077578506149935,0.0030921459492888066,0.004466433037861609,0.394,0.366,0.145,0.055,0.0308,0.0035,0.0036,0.0025
7125,4382,1720,1138,103,45,66,2020-09-21,1.2403975818079198,0.8212276284812687,0.8136407823250732,1.419226907943555,0.2293817027337845,0.8818947017726084,1.257516519194275,0.45767499199368417,0.30384216681645054,0.28084408699425456,0.44309560380068486,0.06516970710557085,0.07118050533375457,0.33407383836642146,0.48871664723232044,0.30056931202414433,0.11797791343713561,0.07805747993689553,0.0070649564442005625,0.0030866314562041294,0.0045270594690993895,0.394,0.366,0.145,0.055,0.0308,0.0035,0.0036,0.0025
7136,4393,1724,1140,103,45,66,2020-09-22,1.239931206058982,0.8217109769587978,0.8139696838785373,1.418995873709367,0.2289420034336855,0.8802042073761112,1.2551059994066773,0.4583815779462358,0.3046048924748214,0.28149721277796214,0.44387433069664384,0.06516970710557085,0.07118050533375457,0.33407383836642146,0.48853289518723897,0.30074621756692,0.1180256041623879,0.07804477305401519,0.0070514137057575135,0.0030807147258163892,0.004518381597864038,0.394,0.366,0.145,0.055,0.0308,0.0035,0.0036,0.0025
7223,4440,1739,1151,105,46,66,2020-09-23,1.241197515886572,0.8213370034518352,0.8119907547918661,1.4168769619006587,0.23081184218624975,0.8898346068285133,1.2412547957571656,0.4639700304800534,0.3078638111969513,0.2839464344668655,0.4481573286244185,0.06643513831150427,0.07276229434117135,0.33407383836642146,0.4890318212593094,0.3006093432633717,0.11773865944482058,0.07792823290453622,0.0071090047393364926,0.0031144211238997967,0.004468517264725796,0.394,0.366,0.145,0.055,0.0308,0.0035,0.0036,0.0025
7282,4474,1752,1157,102,48,68,2020-09-24,1.2418352148449956,0.8213427209465158,0.8118496687959186,1.4134491457611795,0.2225148365039516,0.9214732052869525,1.2691586970966129,0.4677599005891941,0.3102213268682793,0.2860690932639151,0.4504935093122956,0.06453699150260414,0.07592587235600488,0.34419728801388877,0.4892830746489283,0.3006114358664248,0.11771820197540818,0.07773970301686488,0.006853456964321709,0.003225156218504334,0.0045689713095478065,0.394,0.366,0.145,0.055,0.0308,0.0035,0.0036,0.0025
7334,4495,1765,1167,102,49,67,2020-09-25,1.242687308763572,0.8199092572953683,0.8126319375861839,1.4165285945778634,0.22108874502225193,0.9346418318979905,1.2424802130389954,0.4711001250921656,0.3116774394888054,0.2881917520609647,0.4543871437920907,0.06453699150260414,0.07750766136342165,0.33913556319015514,0.4896187996528473,0.3000867881701048,0.11783163094999666,0.07790907270178249,0.00680953334668536,0.003271246411642967,0.004472928766940383,0.394,0.366,0.145,0.055,0.0308,0.0035,0.0036,0.0025
7376,4537,1779,1172,101,49,68,2020-09-26,1.2412685441414346,0.821918503075718,0.8134839886779857,1.4128823040108016,0.2174261224785028,0.9282588516111921,1.2524127363008148,0.47379799872918094,0.31458966472985767,0.2904776923039412,0.45633396103198826,0.06390427589963744,0.07750766136342165,0.34419728801388877,0.48905980639172525,0.3008221721257128,0.11795517835830792,0.07770852672059408,0.0066967245723378865,0.0032489059806391726,0.004508685850682933,0.394,0.366,0.145,0.055,0.0308,0.0035,0.0036,0.0025
7389,4567,1794,1177,99,49,69,2020-09-27,1.238365498322701,0.823966064217032,0.816984534674026,1.4131008980454307,0.21224813221643649,0.9244585314315901,1.2656277513646768,0.47463305485492385,0.31666982561632356,0.2929269139928446,0.4582807782718858,0.06263884469370402,0.07750766136342165,0.34925901283762245,0.4879160063391442,0.3015715795034337,0.11846275752773376,0.07772054939249869,0.006537242472266244,0.0032356048600105654,0.0045562599049128365,0.394,0.366,0.145,0.055,0.0308,0.0035,0.0036,0.0025
7400,4572,1795,1178,99,49,69,2020-09-28,1.2387367028310825,0.8238888852848256,0.8164694858743957,1.4126224652540442,0.21199615580304143,0.9233610341643582,1.2641252253440618,0.4753396408074755,0.3170165190974012,0.29309019543877146,0.4586701417198653,0.06263884469370402,0.07750766136342165,0.34925901283762245,0.4880622609154465,0.30154333201424616,0.11838807545178737,0.07769423558897243,0.0065294815987336765,0.003231763619575254,0.004550850811238623,0.394,0.366,0.145,0.055,0.0308,0.0035,0.0036,0.0025
7404,4577,1800,1178,99,49,69,2020-09-29,1.2382629265016363,0.8240290248335739,0.817988475451257,1.4113193079982749,0.21180058739362903,0.922509225092251,1.2629590581620103,0.4755965811538579,0.3173632125784788,0.29390660266840596,0.4586701417198653,0.06263884469370402,0.07750766136342165,0.34925901283762245,0.4878755930416447,0.301594623089088,0.11860832894043226,0.07762256193990512,0.006523458091723775,0.0032287822878228783,0.0045466526093832366,0.394,0.366,0.145,0.055,0.0308,0.0035,0.0036,0.0025
7494,4658,1828,1186,103,49,73,2020-09-30,1.2358069370754283,0.8268972747894323,0.8191083458985211,1.4010549258421392,0.21727995868727465,0.9096225066597362,1.3175087894079511,0.48137773894746233,0.3229796469719367,0.29847848315435893,0.4617850493037014,0.06516970710557085,0.07750766136342165,0.36950591213255707,0.4869079332077188,0.30264440257293224,0.11877071015528555,0.07705802092131765,0.006692222727568059,0.0031836787733090766,0.004743031641868624,0.394,0.366,0.145,0.055,0.0308,0.0035,0.0036,0.0025
7549,4681,1832,1192,106,49,73,2020-10-01,1.2375596484405995,0.8260959492532488,0.816075620631746,1.3998661201864921,0.2222941765636508,0.9042759333419456,1.3097647447214689,0.4849106687102206,0.3245744369848939,0.2991316089380665,0.4641212299915785,0.06706785391447098,0.07750766136342165,0.36950591213255707,0.4875985014855962,0.3023511174266891,0.11833096499160316,0.07699263661025707,0.006846660638160445,0.0031649657666968094,0.004715153080997288,0.394,0.366,0.145,0.055,0.0308,0.0035,0.0036,0.0025
7639,4721,1852,1205,106,48,74,2020-10-02,1.2392665307188524,0.8244747269942562,0.8163895041932534,1.400389319852407,0.21997816820443855,0.8765922476373099,1.3138737970952736,0.49069182650382503,0.32734798483351507,0.30239723785660433,0.46918295481531214,0.06706785391447098,0.07592587235600488,0.37456763695629075,0.48827101310322785,0.30175775007989775,0.11837647810802174,0.07702141259188239,0.006775327580696708,0.0030680728667305847,0.004729945669542985,0.394,0.366,0.145,0.055,0.0308,0.0035,0.0036,0.0025
7660,4727,1855,1201,109,49,74,2020-10-03,1.2402950153417693,0.8239426185931794,0.8161469504482209,1.3930694504857184,0.22577103916816835,0.8931419457735247,1.3113592060960482,0.4920407633223327,0.32776401701080826,0.30288708219438504,0.4676255010233941,0.0689660007233711,0.07750766136342165,0.37456763695629075,0.4886762360446571,0.30156299840510364,0.11834130781499203,0.07661881977671452,0.006953748006379585,0.0031259968102073364,0.004720893141945773,0.394,0.366,0.145,0.055,0.0308,0.0035,0.0036,0.0025
7697,4738,1869,1213,110,48,76,2020-10-04,1.2402725538012733,0.8218751311825809,0.8183388465756964,1.4001996987204277,0.22674297323525944,0.8706930172233962,1.3403029084573113,0.4944174615263701,0.3285267426691791,0.3051730224373615,0.4722978623991482,0.06959871632633781,0.07592587235600488,0.38469108660375806,0.4886673861977017,0.3008062980128246,0.11865913275347598,0.07701098342962352,0.006983683575645991,0.0030474255602818867,0.0048250904704463205,0.394,0.366,0.145,0.055,0.0308,0.0035,0.0036,0.0025
7708,4746,1873,1213,113,48,76,2020-10-05,1.2399982111079257,0.8219061364488874,0.8187387576415254,1.3978922136366516,0.23254301634221772,0.8692581425040067,1.3380941314008439,0.49512404747892175,0.32908145223890334,0.30582614822106907,0.4722978623991482,0.07149686313523793,0.07592587235600488,0.38469108660375806,0.4885592951765228,0.3008176459402928,0.11871711985802116,0.07688407175001584,0.007162324903340306,0.0030424034987640235,0.0048171388730430375,0.394,0.366,0.145,0.055,0.0308,0.0035,0.0036,0.0025
7725,4753,1871,1214,113,48,76,2020-10-06,1.2409239863779475,0.8219201770768486,0.8166739415102576,1.3970080552359032,0.23220450435640308,0.8679927667269439,1.3361462728551337,0.496216043951047,0.32956682311241203,0.3054995853292153,0.47268722584712775,0.07149686313523793,0.07592587235600488,0.38469108660375806,0.4889240506329114,0.3008227848101266,0.11841772151898734,0.07683544303797468,0.007151898734177215,0.0030379746835443038,0.004810126582278481,0.394,0.366,0.145,0.055,0.0308,0.0035,0.0036,0.0025
7778,4786,1881,1217,114,48,78,2020-10-07,1.241423515989752,0.8223181192454054,0.8157724684381492,1.391477344187695,0.23275680425724443,0.8624252115636847,1.362512052991238,0.4996205035406141,0.3318550000875245,0.3071323997884842,0.4738553161910663,0.07212957873820464,0.07592587235600488,0.39481453625122537,0.4891208652999623,0.30096843164381837,0.11828700792353163,0.07653125393032323,0.007168909571123129,0.0030184882404728965,0.004905043390768457,0.394,0.366,0.145,0.055,0.0308,0.0035,0.0036,0.0025
7818,4812,1888,1226,114,49,79,2020-10-08,1.241251069304931,0.8224409473043011,0.8145057960197933,1.394401919861697,0.23153376087193175,0.87576629550857,1.3727289155789095,0.5021899070044383,0.33365780618912827,0.30827536990997245,0.4773595872228819,0.07212957873820464,0.07750766136342165,0.39987626107495905,0.48905292130614286,0.3010133867133742,0.11810334042287002,0.07669210559239334,0.007131239834855498,0.003065182034279995,0.004941824096084074,0.394,0.366,0.145,0.055,0.0308,0.0035,0.0036,0.0025
7847,4832,1900,1229,115,51,77,2020-10-09,1.2408101460857477,0.822514845950391,0.816363359034457,1.3921534200644536,0.232618916813048,0.9078206075277908,1.3325580268449873,0.5040527245157108,0.33504458011343885,0.3102347472610952,0.47852767756682046,0.07276229434117135,0.08067123937825518,0.3897528114274917,0.4888791975577846,0.3010404336178431,0.11837268705999626,0.07656843810354495,0.007164662637841879,0.003177372126347268,0.004797208896641954,0.394,0.366,0.145,0.055,0.0308,0.0035,0.0036,0.0025
7884,4866,1903,1233,116,51,77,2020-10-10,1.240555008323866,0.8242456272295793,0.8136477328601663,1.389843882094347,0.23349248395745606,0.9033743689664334,1.326031549218158,0.5064294227197482,0.3374020957847669,0.31072459159887583,0.4800851313587385,0.07339500994413804,0.08067123937825518,0.3897528114274917,0.4887786732796032,0.301673899566026,0.11797892126472412,0.07644141351518909,0.007191568505889647,0.003161810291382517,0.004773713577185369,0.394,0.366,0.145,0.055,0.0308,0.0035,0.0036,0.0025
7911,4900,1907,1238,117,51,78,2020-10-11,1.2392717073846244,0.8263163894628134,0.8117346091797948,1.3892785402475565,0.23445878895823347,0.8993598673885058,1.3372834629469612,0.5081637700578295,0.3397596114560949,0.3113777173825834,0.4820319485986361,0.07402772554710475,0.08067123937825518,0.39481453625122537,0.488273052709542,0.3024317985433897,0.11770151833107023,0.0764103197136156,0.007221330699913591,0.0031477595358597706,0.0048142204666090605,0.394,0.366,0.145,0.055,0.0308,0.0035,0.0036,0.0025
7916,4903,1908,1237,118,51,78,2020-10-12,1.2393665139951657,0.8263632634253272,0.8117093757112561,1.3873856696631357,0.23633143119911362,0.8988605620522221,1.3365410318096766,0.5084849454908076,0.33996762754474147,0.31154099882851033,0.48164258515065655,0.07466044115007146,0.08067123937825518,0.39481453625122537,0.48831040651409535,0.30244895441366976,0.11769785947813213,0.07630621183147246,0.0072790080809327,0.003146011967182777,0.0048115477145148355,0.394,0.366,0.145,0.055,0.0308,0.0035,0.0036,0.0025
7921,4911,1909,1235,119,51,78,2020-10-13,1.2391556283102554,0.82704837197271,0.8114840508739714,1.3840326340326339,0.23814326698942084,0.8981403212172443,1.3354700854700856,0.5088061209237855,0.3405223371144657,0.3117042802744372,0.4808638582546975,0.07529315675303817,0.08067123937825518,0.39481453625122537,0.48822731755424065,0.30269970414201186,0.11766518737672584,0.07612179487179487,0.007334812623274162,0.003143491124260355,0.004807692307692308,0.394,0.366,0.145,0.055,0.0308,0.0035,0.0036,0.0025
7959,4929,1914,1237,122,51,76,2020-10-14,1.2402079822085705,0.8268180939804824,0.8104125736738703,1.3808269333809609,0.24318755900288314,0.8946112826269996,1.2961143855053483,0.5112470542144185,0.34177043364634524,0.31252068750407164,0.48164258515065655,0.07719130356193829,0.08067123937825518,0.38469108660375806,0.4886419449901768,0.30261542239685657,0.11750982318271119,0.07594548133595284,0.007490176817288801,0.003131139489194499,0.004666011787819254,0.394,0.366,0.145,0.055,0.0308,0.0035,0.0036,0.0025
8012,4950,1929,1243,122,52,76,2020-10-15,1.2411514514593909,0.8254754738729508,0.8119780441810346,1.37939453125,0.24176263189935066,0.9068080357142857,1.288519965277778,0.5146515138039857,0.3432265462668714,0.314969909192975,0.4839787658385336,0.07719130356193829,0.08225302838567194,0.38469108660375806,0.489013671875,0.3021240234375,0.11773681640625,0.07586669921875,0.0074462890625,0.003173828125,0.004638671875,0.394,0.366,0.145,0.055,0.0308,0.0035,0.0036,0.0025
8054,4979,1943,1247,122,52,77,2020-10-16,1.2408415907176298,0.8257754726606787,0.8134029379628506,1.3762733563631948,0.24044184539510507,0.9018540037114761,1.2983421688047159,0.517349387441001,0.3452373684571217,0.31725584943595153,0.4855362196304517,0.07719130356193829,0.08225302838567194,0.3897528114274917,0.48889158674274613,0.3022338229938084,0.11794342600461333,0.07569503459997572,0.007405608838169236,0.0031564890129901664,0.004674031807696977,0.394,0.366,0.145,0.055,0.0308,0.0035,0.0036,0.0025
8054,4979,1943,1247,122,52,77,2020-10-17,1.2408415907176298,0.8257754726606787,0.8134029379628506,1.3762733563631948,0.24044184539510507,0.9018540037114761,1.2983421688047159,0.517349387441001,0.3452373684571217,0.31725584943595153,0.4855362196304517,0.07719130356193829,0.08225302838567194,0.3897528114274917,0.48889158674274613,0.3022338229938084,0.11794342600461333,0.07569503459997572,0.007405608838169236,0.0031564890129901664,0.004674031807696977,0.394,0.366,0.145,0.055,0.0308,0.0035,0.0036,0.0025
8128,5032,1963,1258,128,53,79,2020-10-18,1.2396755978826681,0.8261903659504489,0.8135286962612078,1.3744803360812015,0.24973524162274838,0.9099727866628894,1.3186974607562314,0.5221027838490757,0.34891231935654476,0.32052147835448935,0.48981921755822627,0.08098759717973854,0.08383481739308872,0.39987626107495905,0.4884321855657713,0.3023856739378643,0.11796166095787512,0.07559641848446608,0.00769184544198065,0.003184904753320113,0.004747310858722433,0.394,0.366,0.145,0.055,0.0308,0.0035,0.0036,0.0025
8143,5035,1966,1260,129,53,78,2020-10-20,1.2402492012935267,0.8255419227732175,0.8136474249673051,1.3747654170121766,0.25133891552518534,0.9087168232631506,1.3002080332853256,0.5230663101480099,0.3491203354451914,0.32101132269227006,0.4905979444541853,0.08162031278270525,0.08383481739308872,0.39481453625122537,0.48865818530964955,0.3021483437349976,0.11797887662025924,0.07561209793566971,0.007741238598175708,0.003180508881421027,0.004680748919827172,0.394,0.366,0.145,0.055,0.0308,0.0035,0.0036,0.0025
8248,5100,1998,1275,132,54,80,2020-10-22,1.2396524043515285,0.8251569982535795,0.8159714777537506,1.372761188003682,0.25378778265614294,0.9136360175621147,1.31593665080963,0.5298109942405483,0.3536273506992008,0.3262363289619306,0.496438396173878,0.08351845959160537,0.08541660640050548,0.4049379858986927,0.48842304731450226,0.3020074613608101,0.11831586427429383,0.07550186534020252,0.007816663705809202,0.003197726061467401,0.004737371942914668,0.394,0.366,0.145,0.055,0.0308,0.0035,0.0036,0.0025
8296,5137,2013,1277,131,56,80,2020-10-25,1.2393076847234712,0.826104716049621,0.8171135150494205,1.3665792712290652,0.25033824327526505,0.9417304296645086,1.307958930089595,0.5328942783971373,0.3561928824591754,0.328685550650834,0.497217123069837,0.08288574398863865,0.08858018441533902,0.4049379858986927,0.48828722778104766,0.3023543260741613,0.11848145968216597,0.07516185991759859,0.0077104178928781636,0.00329605650382578,0.004708652148322542,0.394,0.366,0.145,0.055,0.0308,0.0035,0.0036,0.0025
8339,5162,2020,1279,134,56,81,2020-10-27,1.2398204334420562,0.826186230250836,0.8160643478858076,1.3622251452489869,0.2548561508200662,0.9372620233143928,1.318024720285865,0.5356563871207484,0.3579263498645636,0.3298285207723222,0.49799584996579604,0.08478389079753879,0.08858018441533902,0.40999971072242636,0.4884892507761701,0.302384160271806,0.1183293304434421,0.07492238298869427,0.00784956944525804,0.0032804170816003748,0.004744888993029114,0.394,0.366,0.145,0.055,0.0308,0.0035,0.0036,0.0025
8429,5228,2036,1292,139,57,81,2020-10-29,1.239335014206258,0.8274911948479018,0.8134271411391976,1.3608451564655943,0.2614405638388954,0.9434430706589204,1.3034410844629825,0.5414375449143528,0.3625027038147886,0.3324410239071525,0.5030575747895297,0.08794746881237232,0.0901619734227558,0.40999971072242636,0.48829799559726567,0.30286177731433206,0.11794693546518364,0.0748464836056077,0.00805236936623798,0.0033020507473062216,0.0046923879040667365,0.394,0.366,0.145,0.055,0.0308,0.0035,0.0036,0.0025
8506,5269,2060,1308,142,58,82,2020-10-31,1.2389573880808977,0.8261793321886931,0.8153168752782863,1.3648102256423633,0.2645847696062904,0.9510145521623282,1.3071895424836601,0.5463836465822144,0.36534559035962527,0.3363597786093979,0.5092873899572019,0.08984561562127244,0.09174376243017256,0.41506143554616,0.48814921090387375,0.3023816355810617,0.11822094691535151,0.07506456241032998,0.008149210903873745,0.003328550932568149,0.004705882352941176,0.394,0.366,0.145,0.055,0.0308,0.0035,0.0036,0.0025
8506,5269,2060,1308,142,58,82,2020-11-01,1.2389573880808977,0.8261793321886931,0.8153168752782863,1.3648102256423633,0.2645847696062904,0.9510145521623282,1.3071895424836601,0.5463836465822144,0.36534559035962527,0.3363597786093979,0.5092873899572019,0.08984561562127244,0.09174376243017256,0.41506143554616,0.48814921090387375,0.3023816355810617,0.11822094691535151,0.07506456241032998,0.008149210903873745,0.003328550932568149,0.004705882352941176,0.394,0.366,0.145,0.055,0.0308,0.0035,0.0036,0.0025
8516,5281,2063,1309,142,58,82,2020-11-03,1.2385658814950171,0.8268272161270919,0.8152877317572949,1.3638186923385478,0.26419056847112543,0.9495976489272002,1.3052419791288623,0.5470259974481704,0.36617765471421165,0.3368496229471786,0.5096767534051814,0.08984561562127244,0.09174376243017256,0.41506143554616,0.48799495730903675,0.3026187611025156,0.11821672110480774,0.07501002807862013,0.008137069508910664,0.003323591771245201,0.004698871124863904,0.394,0.366,0.145,0.055,0.0308,0.0035,0.0036,0.0025
8573,5330,2081,1318,144,58,84,2020-11-05,1.237143691649475,0.8279987224274873,0.8159952318587125,1.3624992246779828,0.26582469156951755,0.9422008512297345,1.3266621181108331,0.5506873973841199,0.3695752508287726,0.33978868897386266,0.513181024436997,0.09111104682720586,0.09174376243017256,0.4251848851936273,0.4874346145098931,0.30304753240846033,0.1183193086195133,0.07493745735728906,0.008187400500341141,0.003297702979304071,0.0047759836251989995,0.394,0.366,0.145,0.055,0.0308,0.0035,0.0036,0.0025
8610,5347,2089,1320,145,58,84,2020-11-08,1.237908110699178,0.8275811260118019,0.8161160455290397,1.3595422874298986,0.26668510778860294,0.9387315794158824,1.3217772238901793,0.5530640955881573,0.3707540086644366,0.3410949405412778,0.513959751332956,0.09174376243017256,0.09174376243017256,0.4251848851936273,0.48773579561547614,0.3028946921203195,0.11833682660171076,0.07477482580864442,0.00821390131988897,0.0032855605279555884,0.004758398006004645,0.394,0.366,0.145,0.055,0.0308,0.0035,0.0036,0.0025
8667,5396,2096,1327,148,59,86,2020-11-10,1.237272171040779,0.829246268007599,0.8130475512567132,1.3570657926358471,0.2702736264803873,0.9481491004636288,1.3436576235383817,0.5567254955241068,0.37415160477899756,0.34223791066276604,0.5166852954688126,0.09364190923907269,0.09332555143758933,0.43530833484109466,0.48748523539006694,0.30350413409078125,0.1178918949322234,0.07463861859497159,0.008324427695595929,0.003318521851622701,0.004837167444738174,0.394,0.366,0.145,0.055,0.0308,0.0035,0.0036,0.0025
8731,5432,2107,1332,151,59,87,2020-11-11,1.2380523200825386,0.8291820802639706,0.8118349898183486,1.3530466404928665,0.273903424917448,0.9417924385240996,1.350168538279606,0.5608365410662255,0.3766477978427566,0.34403400656796185,0.5186321127087102,0.0955400560479728,0.09332555143758933,0.4403700596648283,0.48779261411252023,0.30348064137661324,0.11771607352366054,0.07441756522710766,0.0084362254874574,0.0032962735348343484,0.004860606737806581,0.394,0.366,0.145,0.055,0.0308,0.0035,0.0036,0.0025
8731,5432,2107,1332,151,59,87,2020-11-12,1.2380523200825386,0.8291820802639706,0.8118349898183486,1.3530466404928665,0.273903424917448,0.9417924385240996,1.350168538279606,0.5608365410662255,0.3766477978427566,0.34403400656796185,0.5186321127087102,0.0955400560479728,0.09332555143758933,0.4403700596648283,0.48779261411252023,0.30348064137661324,0.11771607352366054,0.07441756522710766,0.0084362254874574,0.0032962735348343484,0.004860606737806581,0.394,0.366,0.145,0.055,0.0308,0.0035,0.0036,0.0025
8807,5490,2119,1341,153,61,86,2020-11-15,1.2379017488050388,0.830702774547267,0.8093145651796133,1.3502696008095576,0.2751028668955235,0.9651975094739673,1.3229710853900918,0.5657184076474914,0.3806694422232573,0.3459933839190846,0.5221363837405258,0.09680548725390622,0.09648912945242287,0.43530833484109466,0.48773328902918534,0.30403721548429974,0.11735061195104392,0.07426482804452567,0.008473168300382123,0.0033781912831588857,0.0047626959074043304,0.394,0.366,0.145,0.055,0.0308,0.0035,0.0036,0.0025
8823,5504,2125,1344,153,61,86,2020-11-16,1.2374779517699175,0.831026269126891,0.8098570078356048,1.3503737641668676,0.27450997278583483,0.9631173424276872,1.3201198546026134,0.5667461690330211,0.3816401839702747,0.34697307259464594,0.5233044740844643,0.09680548725390622,0.09648912945242287,0.43530833484109466,0.4875663129973475,0.3041556145004421,0.11742926613616268,0.07427055702917772,0.008454907161803714,0.0033709106984969052,0.004752431476569408,0.394,0.366,0.145,0.055,0.0308,0.0035,0.0036,0.0025
8823,5504,2125,1344,153,61,86,2020-11-17,1.2374779517699175,0.831026269126891,0.8098570078356048,1.3503737641668676,0.27450997278583483,0.9631173424276872,1.3201198546026134,0.5667461690330211,0.3816401839702747,0.34697307259464594,0.5233044740844643,0.09680548725390622,0.09648912945242287,0.43530833484109466,0.4875663129973475,0.3041556145004421,0.11742926613616268,0.07427055702917772,0.008454907161803714,0.0033709106984969052,0.004752431476569408,0.394,0.366,0.145,0.055,0.0308,0.0035,0.0036,0.0025
8900,5552,2146,1352,156,63,88,2020-11-18,1.2372696766889217,0.8308812459387537,0.8106479706413978,1.3464325016058598,0.27742427917703155,0.9859232075368352,1.3389080596179244,0.5716922707008827,0.3849684413886202,0.3504019829591106,0.5264193816683005,0.09870363406280634,0.09965270746725641,0.44543178448856197,0.48748425261543515,0.30410253601358384,0.11754395574300268,0.07405378758832229,0.008544667798652572,0.0034507312263789233,0.004820069014624528,0.394,0.366,0.145,0.055,0.0308,0.0035,0.0036,0.0025
8900,5552,2146,1352,156,63,88,2020-11-19,1.2372696766889217,0.8308812459387537,0.8106479706413978,1.3464325016058598,0.27742427917703155,0.9859232075368352,1.3389080596179244,0.5716922707008827,0.3849684413886202,0.3504019829591106,0.5264193816683005,0.09870363406280634,0.09965270746725641,0.44543178448856197,0.48748425261543515,0.30410253601358384,0.11754395574300268,0.07405378758832229,0.008544667798652572,0.0034507312263789233,0.004820069014624528,0.394,0.366,0.145,0.055,0.0308,0.0035,0.0036,0.0025
9022,5617,2178,1369,157,64,89,2020-11-22,1.2380232027119598,0.8297466768771153,0.8121047607684048,1.3457455174583204,0.27559486361389474,0.9886307464162135,1.3366253364090734,0.5795289512655465,0.38947545664262956,0.3556269892287712,0.5330385602839521,0.09933634966577305,0.10123449647467317,0.4504935093122956,0.4877811418685121,0.3036872837370242,0.11775519031141868,0.07401600346020762,0.008488321799307958,0.0034602076124567475,0.004811851211072664,0.394,0.366,0.145,0.055,0.0308,0.0035,0.0036,0.0025
9045,5633,2178,1371,156,64,89,2020-11-23,1.2385009059062457,0.83031454372646,0.8103522688375278,1.3448032330207558,0.2732485468782404,0.9864973179604167,1.333740948544574,0.5810063582572453,0.39058487578207807,0.3556269892287712,0.5338172871799112,0.09870363406280634,0.10123449647467317,0.4504935093122956,0.48796935692706084,0.3038951230038843,0.11750107898144152,0.07396417781614156,0.008416055243849805,0.0034527406128614588,0.004801467414760466,0.394,0.366,0.145,0.055,0.0308,0.0035,0.0036,0.0025
9045,5633,2178,1371,156,64,89,2020-11-24,1.2385009059062457,0.83031454372646,0.8103522688375278,1.3448032330207558,0.2732485468782404,0.9864973179604167,1.333740948544574,0.5810063582572453,0.39058487578207807,0.3556269892287712,0.5338172871799112,0.09870363406280634,0.10123449647467317,0.4504935093122956,0.48796935692706084,0.3038951230038843,0.11750107898144152,0.07396417781614156,0.008416055243849805,0.0034527406128614588,0.004801467414760466,0.394,0.366,0.145,0.055,0.0308,0.0035,0.0036,0.0025
9154,5722,2204,1380,159,64,90,2020-11-26,1.2376020102312397,0.8327853716199203,0.8096734672135515,1.336542326261604,0.27498735749947595,0.9740432688283325,1.331699781601236,0.5880079826961663,0.3967560197452602,0.3598723068228704,0.5373215582117268,0.10060178087170646,0.10123449647467317,0.4555552341360293,0.4876151920311085,0.30479944601289083,0.11740265274596495,0.07350982794438822,0.00846961061098386,0.0034091514408991636,0.004794119213764449,0.394,0.366,0.145,0.055,0.0308,0.0035,0.0036,0.0025
9227,5768,2223,1388,162,64,93,2020-11-29,1.2374521387523554,0.8327377987598443,0.8100942923518426,1.3334934550258195,0.2779255091012026,0.9662200415172675,1.3650374284456186,0.5926971440176454,0.39994559977117455,0.36297465429548137,0.5404364657955629,0.10249992768060659,0.10123449647467317,0.47074040860723027,0.487556142668428,0.304782034346103,0.11746367239101717,0.07334214002642007,0.00856010568031704,0.003381770145310436,0.004914134742404227,0.394,0.366,0.145,0.055,0.0308,0.0035,0.0036,0.0025
9245,5794,2234,1391,163,64,93,2020-12-01,1.236012800520235,0.8338917558415601,0.8115727218565181,1.332222349921465,0.2787720075962806,0.9632171452651858,1.3607950554853212,0.5938533755763663,0.4017484058727783,0.3647707502006772,0.5416045561395014,0.1031326432835733,0.10123449647467317,0.47074040860723027,0.4869890434049726,0.305204382638011,0.11767804466919511,0.07327222924568057,0.008586177833965444,0.00337126000842815,0.004898862199747156,0.394,0.366,0.145,0.055,0.0308,0.0035,0.0036,
9342,5875,2256,1406,164,64,94,2020-12-03,1.2348658871140648,0.8359935716007506,0.8103026243245234,1.3313700517491989,0.2773123964728569,0.9523313517897134,1.3598828764705542,0.60008417897614,0.4073648402662362,0.3683629420110688,0.5474450078591941,0.10376535888654,0.10123449647467317,0.4758021334309639,0.4865371595229415,0.3059736472058747,0.11749388052705588,0.07322535284620593,0.008541221811363992,0.003333159731263997,0.004895578355293995,0.394,0.366,0.145,0.055,0.0308,0.0035,0.0036,
9515,6022,2291,1431,174,65,97,2020-12-06,1.2324443068585558,0.8396811386868236,0.8063281449349324,1.3277969797490081,0.28830572336568766,0.9477636423285823,1.375067335771597,0.6111968489571796,0.4175576286099191,0.37407779261851004,0.5571790940586819,0.11009251491620707,0.10281628548208994,0.4909873079021649,0.485583056902271,0.3073232967593774,0.1169175810155652,0.07302883388619545,0.00887981627966318,0.003317172748150038,0.004950242408777749,0.394,0.366,0.145,0.055,0.0308,0.0035,0.0036,
9536,6101,2316,1438,176,64,97,2020-12-08,1.2268372711516213,0.8449614206763902,0.8096316805101099,1.3252967632529677,0.2896535743251072,0.926891437840343,1.3657970622690818,0.6125457857756873,0.4230353856109459,0.3781598287666823,0.5599046381945385,0.11135794612214049,0.10123449647467317,0.4909873079021649,0.48337388483373883,0.3092558799675588,0.11739659367396593,0.07289132197891322,0.008921330089213302,0.0032441200324412004,0.004916869424168694,0.394,0.366,0.145,0.055,0.0308,0.0035,0.0036,
9681,6227,2361,1456,181,66,101,2020-12-10,1.2240853878268179,0.8475893589491252,0.8111771344935813,1.318822660923991,0.29276258539447897,0.9394282298183061,1.3976762594308552,0.6218598733320501,0.4317720613341026,0.38550749383339245,0.5669131802581697,0.11452152413697403,0.1043980744895067,0.5112342071970996,0.48228964280376624,0.31021770537537985,0.11762068450156928,0.07253524635081951,0.009017087630149953,0.0032879988043640713,0.005031634533951079,0.394,0.366,0.145,0.055,0.0308,0.0035,0.0036,
9918,6424,2419,1490,189,66,101,2020-12-13,1.2215552400877037,0.8517451627265498,0.8095675557184285,1.3146459499640457,0.2977805423576278,0.9150843333402657,1.3614575413963972,0.6370835888552083,0.44543178448856197,0.39497781769715223,0.5801515374894731,0.11958324896070768,0.1043980744895067,0.5112342071970996,0.4812927645945552,0.3117387295579172,0.11738729557917213,0.07230552724802251,0.009171640704614936,0.00320279516669093,0.0049012471490270295,0.394,0.366,0.145,0.055,0.0308,0.0035,0.0036,
9997,6480,2435,1500,192,67,101,2020-12-15,1.2215047393944014,0.8523453703440633,0.8084490394894985,1.3129562522976734,0.30010428623946817,0.9215702456603669,1.350642959539551,0.6421581606962611,0.4493147514766316,0.3975903208319825,0.5840451719692682,0.1214813957696078,0.10597986349692348,0.5112342071970996,0.4812728673213942,0.3119584055459272,0.11722511072597727,0.07221259387637204,0.00924321201617562,0.0032254958598112843,0.004862314654342384,0.394,0.366,0.145,0.055,0.0308,0.0035,0.0036,
10309,6643,2495,1534,198,70,106,2020-12-17,1.2252388021207838,0.8499308463612136,0.8057549310102617,1.306059896553926,0.3010335485165736,0.9365488176071177,1.3788079814771457,0.6621995077140899,0.4606169589597629,0.407387207587596,0.5972835292005717,0.12527768938740805,0.11072523051917378,0.5365428313157679,0.4827440880355889,0.3110746897682042,0.11683446499648795,0.07183329431046594,0.009271833294310467,0.003277920861624912,0.004963708733317724,0.394,0.366,0.145,0.055,0.0308,0.0035,0.0036,
10631,6942,2580,1577,209,74,113,2020-12-20,1.2194808597368738,0.857236423879332,0.8041717187144474,1.2958839045795567,0.30668508929378496,0.9555661729574773,1.4186427229905492,0.6828832055978745,0.48134922912820627,0.42126613049138184,0.6140261574636907,0.13223756102004183,0.11705238654884086,0.5719749050819034,0.4804754587363283,0.3137485311398355,0.11660489921359486,0.07127361475187562,0.009445900750248577,0.0033444816053511705,0.005107113802765977,0.394,0.366,0.145,0.055,0.0308,0.0035,0.0036,
10721,7041,2601,1593,211,74,118,2020-12-22,1.2169891273526166,0.8604009534430335,0.8022689312796976,1.2953905077882,0.306393369589398,0.9456083520218768,1.4659769121059876,0.688664363391479,0.48821376005354367,0.4246950408558466,0.6202559726313629,0.13350299222597525,0.11705238654884086,0.5972835292005717,0.479493716176931,0.31490674896015025,0.11632899503555615,0.071246477928351,0.009436915783353459,0.0033096292320765686,0.0052775168835815555,0.394,0.366,0.145,0.055,0.0308,0.0035,0.0036,
10887,7133,2624,1604,218,75,120,2020-12-24,1.2193627684317316,0.860026964310991,0.7985769261788064,1.2869527542313386,0.31233935298186655,0.945614554899229,1.4709559742876896,0.6993273877663494,0.4945929201053724,0.4284505141121651,0.6245389705591375,0.1379320014467422,0.11863417555625762,0.6074069788480391,0.4804289307621023,0.3147698689378227,0.11579365429592692,0.07078240148272362,0.00962005207184149,0.0033096509421473015,0.005295441507435683,0.394,0.366,0.145,0.055,0.0308,0.0035,0.0036,
10887,7133,2624,1604,218,75,120,2020-12-26,1.2193627684317316,0.860026964310991,0.7985769261788064,1.2869527542313386,0.31233935298186655,0.945614554899229,1.4709559742876896,0.6993273877663494,0.4945929201053724,0.4284505141121651,0.6245389705591375,0.1379320014467422,0.11863417555625762,0.6074069788480391,0.4804289307621023,0.3147698689378227,0.11579365429592692,0.07078240148272362,0.00962005207184149,0.0033096509421473015,0.005295441507435683,0.394,0.366,0.145,0.055,0.0308,0.0035,0.0036,
11575,7679,2818,1697,252,81,129,2021-01-01,1.212420972672712,0.8658691063901569,0.8020503800346949,1.2733500662187056,0.3376591218611771,0.9550929446930437,1.478821894817933,0.7435211273441255,0.5324518482390516,0.4601271146219822,0.6607497712212321,0.15944433194761023,0.12812490960075823,0.652962502261642,0.4776938632330486,0.3169080929387974,0.11629730510503075,0.07003425364202881,0.010399900953324255,0.0033428253064256533,0.005323758821344559,0.394,0.366,0.145,0.055,0.0308,0.0035,0.0036,
11575,7679,2818,1697,252,81,129,2021-01-03,1.212420972672712,0.8658691063901569,0.8020503800346949,1.2733500662187056,0.3376591218611771,0.9550929446930437,1.478821894817933,0.7435211273441255,0.5324518482390516,0.4601271146219822,0.6607497712212321,0.15944433194761023,0.12812490960075823,0.652962502261642,0.4776938632330486,0.3169080929387974,0.11629730510503075,0.07003425364202881,0.010399900953324255,0.0033428253064256533,0.005323758821344559,0.394,0.366,0.145,0.055,0.0308,0.0035,0.0036,
11575,7679,2818,1697,252,81,129,2021-01-05,1.212420972672712,0.8658691063901569,0.8020503800346949,1.2733500662187056,0.3376591218611771,0.9550929446930437,1.478821894817933,0.7435211273441255,0.5324518482390516,0.4601271146219822,0.6607497712212321,0.15944433194761023,0.12812490960075823,0.652962502261642,0.4776938632330486,0.3169080929387974,0.11629730510503075,0.07003425364202881,0.010399900953324255,0.0033428253064256533,0.005323758821344559,0.394,0.366,0.145,0.055,0.0308,0.0035,0.0036,
12827,8619,3171,1853,291,90,147,2021-01-07,1.2058610846526325,0.8722564755859268,0.8100216874302312,1.2479038851362727,0.34995377242951137,0.9524515043442371,1.512457712917006,0.8239434557618227,0.5976302226816493,0.5177654650341752,0.721490469106036,0.18412024046331182,0.14236101066750914,0.7440735490888478,0.47510926735313724,0.3192458700644492,0.1174531446773835,0.068634713682495,0.01077857619082895,0.00333358026520483,0.005444847766501222,0.394,0.366,0.145,0.055,0.0308,0.0035,0.0036,
12827,8619,3171,1853,291,90,147,2021-01-10,1.2058610846526325,0.8722564755859268,0.8100216874302312,1.2479038851362727,0.34995377242951137,0.9524515043442371,1.512457712917006,0.8239434557618227,0.5976302226816493,0.5177654650341752,0.721490469106036,0.18412024046331182,0.14236101066750914,0.7440735490888478,0.47510926735313724,0.3192458700644492,0.1174531446773835,0.068634713682495,0.01077857619082895,0.00333358026520483,0.005444847766501222,0.394,0.366,0.145,0.055,0.0308,0.0035,0.0036,
12827,8619,3171,1853,291,90,147,2021-01-12,1.2058610846526325,0.8722564755859268,0.8100216874302312,1.2479038851362727,0.34995377242951137,0.9524515043442371,1.512457712917006,0.8239434557618227,0.5976302226816493,0.5177654650341752,0.721490469106036,0.18412024046331182,0.14236101066750914,0.7440735490888478,0.47510926735313724,0.3192458700644492,0.1174531446773835,0.068634713682495,0.01077857619082895,0.00333358026520483,0.005444847766501222,0.394,0.366,0.145,0.055,0.0308,0.0035,0.0036,
14292,9736,3605,2050,344,99,170,2021-01-14,1.1973234643229107,0.8780397708005963,0.8206386640321244,1.2302854262188827,0.3686569569854492,0.9336451771096608,1.5586949505618637,0.9180478576243837,0.6750815463543959,0.5886296125664463,0.7981950683579999,0.21765416742054733,0.15659711173426005,0.860493220034722,0.47174544494322684,0.3213625561130182,0.11899260628465803,0.06766569844203855,0.011354634275151836,0.003267758119883813,0.005611301822022709,0.394,0.366,0.145,0.055,0.0308,0.0035,0.0036,
14292,9736,3605,2050,344,99,170,2021-01-15,1.1973234643229107,0.8780397708005963,0.8206386640321244,1.2302854262188827,0.3686569569854492,0.9336451771096608,1.5586949505618637,0.9180478576243837,0.6750815463543959,0.5886296125664463,0.7981950683579999,0.21765416742054733,0.15659711173426005,0.860493220034722,0.47174544494322684,0.3213625561130182,0.11899260628465803,0.06766569844203855,0.011354634275151836,0.003267758119883813,0.005611301822022709,0.394,0.366,0.145,0.055,0.0308,0.0035,0.0036,
14292,9736,3605,2050,344,99,170,2021-01-16,1.1973234643229107,0.8780397708005963,0.8206386640321244,1.2302854262188827,0.3686569569854492,0.9336451771096608,1.5586949505618637,0.9180478576243837,0.6750815463543959,0.5886296125664463,0.7981950683579999,0.21765416742054733,0.15659711173426005,0.860493220034722,0.47174544494322684,0.3213625561130182,0.11899260628465803,0.06766569844203855,0.011354634275151836,0.003267758119883813,0.005611301822022709,0.394,0.366,0.145,0.055,0.0308,0.0035,0.0036,
14292,9736,3605,2050,344,99,170,2021-01-17,1.1973234643229107,0.8780397708005963,0.8206386640321244,1.2302854262188827,0.3686569569854492,0.9336451771096608,1.5586949505618637,0.9180478576243837,0.6750815463543959,0.5886296125664463,0.7981950683579999,0.21765416742054733,0.15659711173426005,0.860493220034722,0.47174544494322684,0.3213625561130182,0.11899260628465803,0.06766569844203855,0.011354634275151836,0.003267758119883813,0.005611301822022709,0.394,0.366,0.145,0.055,0.0308,0.0035,0.0036,
14292,9736,3605,2050,344,99,170,2021-01-19,1.1973234643229107,0.8780397708005963,0.8206386640321244,1.2302854262188827,0.3686569569854492,0.9336451771096608,1.5586949505618637,0.9180478576243837,0.6750815463543959,0.5886296125664463,0.7981950683579999,0.21765416742054733,0.15659711173426005,0.860493220034722,0.47174544494322684,0.3213625561130182,0.11899260628465803,0.06766569844203855,0.011354634275151836,0.003267758119883813,0.005611301822022709,0.394,0.366,0.145,0.055,0.0308,0.0035,0.0036,
15554,10741,3932,2229,389,107,193,2021-01-21,1.1910441200906952,0.8854124162172009,0.8181397308586619,1.2227265870349293,0.38104903092080644,0.9223541581363274,1.6174720504181963,0.9991125369080369,0.7447669360510031,0.6420226453845401,0.8678911255463326,0.24612636955404915,0.1692514237935942,0.9769128909805961,0.46927138331573387,0.32406094433549554,0.11863026097450596,0.06724996228692111,0.011736310152360839,0.003228239553477146,0.005822899381505506,0.394,0.366,0.145,0.055,0.0308,0.0035,0.0036,
15554,10741,3932,2229,389,107,193,2021-01-24,1.1910441200906952,0.8854124162172009,0.8181397308586619,1.2227265870349293,0.38104903092080644,0.9223541581363274,1.6174720504181963,0.9991125369080369,0.7447669360510031,0.6420226453845401,0.8678911255463326,0.24612636955404915,0.1692514237935942,0.9769128909805961,0.46927138331573387,0.32406094433549554,0.11863026097450596,0.06724996228692111,0.011736310152360839,0.003228239553477146,0.005822899381505506,0.394,0.366,0.145,0.055,0.0308,0.0035,0.0036,
15554,10741,3932,2229,389,107,193,2021-01-26,1.1910441200906952,0.8854124162172009,0.8181397308586619,1.2227265870349293,0.38104903092080644,0.9223541581363274,1.6174720504181963,0.9991125369080369,0.7447669360510031,0.6420226453845401,0.8678911255463326,0.24612636955404915,0.1692514237935942,0.9769128909805961,0.46927138331573387,0.32406094433549554,0.11863026097450596,0.06724996228692111,0.011736310152360839,0.003228239553477146,0.005822899381505506,0.394,0.366,0.145,0.055,0.0308,0.0035,0.0036,
17147,11879,4341,2423,428,120,221,2021-01-28,1.1904128824236964,0.8877782256901301,0.8188935975951958,1.205025997826676,0.380100765778711,0.9378187118278477,1.6791730870343524,1.1014390298548353,0.8236743723442758,0.708804756768639,0.943427634454358,0.2708022780697507,0.1898146808900122,1.1186411860451386,0.4690226756749364,0.3249268306025876,0.11873957165130337,0.06627642988046718,0.0117071035859843,0.003282365491397467,0.006045023113323668,0.394,0.366,0.145,0.055,0.0308,0.0035,0.0036,
17147,11879,4341,2423,428,120,221,2021-01-31,1.1904128824236964,0.8877782256901301,0.8188935975951958,1.205025997826676,0.380100765778711,0.9378187118278477,1.6791730870343524,1.1014390298548353,0.8236743723442758,0.708804756768639,0.943427634454358,0.2708022780697507,0.1898146808900122,1.1186411860451386,0.4690226756749364,0.3249268306025876,0.11873957165130337,0.06627642988046718,0.0117071035859843,0.003282365491397467,0.006045023113323668,0.394,0.366,0.145,0.055,0.0308,0.0035,0.0036,
17147,11879,4341,2423,428,120,221,2021-02-02,1.1904128824236964,0.8877782256901301,0.8188935975951958,1.205025997826676,0.380100765778711,0.9378187118278477,1.6791730870343524,1.1014390298548353,0.8236743723442758,0.708804756768639,0.943427634454358,0.2708022780697507,0.1898146808900122,1.1186411860451386,0.4690226756749364,0.3249268306025876,0.11873957165130337,0.06627642988046718,0.0117071035859843,0.003282365491397467,0.006045023113323668,0.394,0.366,0.145,0.055,0.0308,0.0035,0.0036,
