,mortality_rate,time,covid_perc,dem_perc,discrepancy,ethnicity,HOUSEHOLD_MEDIAN_INCOME_DOLLARS,HIGH_SCHOOL_GRADUATE_OR_HIGHER_25_PLUS_TOTAL,BACHELOR_DEGREE_OR_HIGHER_25_PLUS_TOTAL,PUBLIC_TRANSPORTATION,CAR_TRUCK_VAN_ALONE,CAR_TRUCK_VAN_CARPOOL,detrended_mortality_rate,y_pred
0,5.058612346425231,1,0.6491241912576929,0.486,1.3356464840693272,Hispanic,0.6286688849929037,364.52957821141035,73.34362774985577,37.42954649474522,326.3779227464045,53.80065445551792,1.5838810055094008,3.47473134091583
1,5.180768375697522,2,0.6536084606831639,0.486,1.344873375891284,Hispanic,0.6286688849929037,364.52957821141035,73.34362774985577,37.42954649474522,326.3779227464045,53.80065445551792,1.057364474220436,4.123403901477086
2,5.3369477285590765,3,0.65844838921762,0.486,1.354832076579465,Hispanic,0.6286688849929037,364.52957821141035,73.34362774985577,37.42954649474522,326.3779227464045,53.80065445551792,1.1542025723282432,4.182745156230833
3,5.393721587801401,4,0.6587563832982878,0.486,1.355465809255736,Hispanic,0.6286688849929037,364.52957821141035,73.34362774985577,37.42954649474522,326.3779227464045,53.80065445551792,2.6683655920239313,2.7253559957774693
4,5.430204428758562,5,0.6593171411507067,0.486,1.3566196319973391,Hispanic,0.6286688849929037,364.52957821141035,73.34362774985577,37.42954649474522,326.3779227464045,53.80065445551792,1.8463332635438547,3.583871165214707
5,5.476730298967974,6,0.6595986275332626,0.486,1.3571988220849025,Hispanic,0.6286688849929037,364.52957821141035,73.34362774985577,37.42954649474522,326.3779227464045,53.80065445551792,1.8653886666908215,3.6113416322771523
6,5.537398394042803,7,0.65988471496263,0.486,1.3577874793469753,Hispanic,0.6286688849929037,364.52957821141035,73.34362774985577,37.42954649474522,326.3779227464045,53.80065445551792,1.8973025586681427,3.6400958353746606
7,5.564248125309029,8,0.6596845916458095,0.486,1.3573757029749167,Hispanic,0.6286688849929037,364.52957821141035,73.34362774985577,37.42954649474522,326.3779227464045,53.80065445551792,1.2634140947314227,4.300834030577606
8,5.606469840124619,9,0.658751565359792,0.486,1.355455895802041,Hispanic,0.6286688849929037,364.52957821141035,73.34362774985577,37.42954649474522,326.3779227464045,53.80065445551792,1.8816919490728585,3.724777891051761
9,5.671442090593271,10,0.6585197524988101,0.486,1.3549789146066051,Hispanic,0.6286688849929037,364.52957821141035,73.34362774985577,37.42954649474522,326.3779227464045,53.80065445551792,1.8762145468427387,3.7952275437505327
10,5.736824260623241,11,0.6583868463764025,0.486,1.354705445218935,Hispanic,0.6286688849929037,364.52957821141035,73.34362774985577,37.42954649474522,326.3779227464045,53.80065445551792,1.882333376733805,3.8544908838894356
11,5.8009766719692575,12,0.6592057761732852,0.486,1.3563904859532618,Hispanic,0.6286688849929037,364.52957821141035,73.34362774985577,37.42954649474522,326.3779227464045,53.80065445551792,1.908281655267559,3.8926950167016985
12,5.864924123534618,13,0.6600770455122142,0.486,1.3581832212185478,Hispanic,0.6286688849929037,364.52957821141035,73.34362774985577,37.42954649474522,326.3779227464045,53.80065445551792,1.9391784692596805,3.925745654274938
13,5.9378898054489415,14,0.6604130573538798,0.486,1.3588746036088062,Hispanic,0.6286688849929037,364.52957821141035,73.34362774985577,37.42954649474522,326.3779227464045,53.80065445551792,1.9720440960671821,3.9658457093817594
14,5.977242083335318,15,0.6590806364129452,0.486,1.3561329967344553,Hispanic,0.6286688849929037,364.52957821141035,73.34362774985577,37.42954649474522,326.3779227464045,53.80065445551792,1.9696489812757312,4.0075931020595865
15,6.038525057752122,16,0.6597693427387751,0.486,1.3575500879398663,Hispanic,0.6286688849929037,364.52957821141035,73.34362774985577,37.42954649474522,326.3779227464045,53.80065445551792,1.3062073106031864,4.732317747148936
16,6.108211383175912,17,0.6599641251633189,0.486,1.3579508748216442,Hispanic,0.6286688849929037,364.52957821141035,73.34362774985577,37.42954649474522,326.3779227464045,53.80065445551792,3.0153803820320437,3.0928310011438684
17,6.304152933485159,19,0.6609222570802356,0.486,1.3599223396712663,Hispanic,0.6286688849929037,364.52957821141035,73.34362774985577,37.42954649474522,326.3779227464045,53.80065445551792,2.1148481087283386,4.18930482475682
18,6.490666333884128,22,0.6580910621142536,0.486,1.3540968356260363,Hispanic,0.6286688849929037,364.52957821141035,73.34362774985577,37.42954649474522,326.3779227464045,53.80065445551792,2.1163305310821903,4.374335802801938
19,6.6763598951604655,23,0.6569722883304425,0.486,1.351794831955643,Hispanic,0.6286688849929037,364.52957821141035,73.34362774985577,37.42954649474522,326.3779227464045,53.80065445551792,2.1206483764378126,4.555711518722653
20,6.796876246187491,25,0.6570245477780199,0.486,1.3519023616831685,Hispanic,0.6286688849929037,364.52957821141035,73.34362774985577,37.42954649474522,326.3779227464045,53.80065445551792,2.1480394036794843,4.648836842508007
21,6.905914849497657,26,0.6577134045169728,0.486,1.3533197623806026,Hispanic,0.6286688849929037,364.52957821141035,73.34362774985577,37.42954649474522,326.3779227464045,53.80065445551792,2.189774896916396,4.716139952581261
22,7.015978251711116,27,0.658085973546601,0.486,1.3540863653222244,Hispanic,0.6286688849929037,364.52957821141035,73.34362774985577,37.42954649474522,326.3779227464045,53.80065445551792,2.2476904275622553,4.768287824148861
23,7.218273555220766,28,0.6596489913652626,0.486,1.3573024513688532,Hispanic,0.6286688849929037,364.52957821141035,73.34362774985577,37.42954649474522,326.3779227464045,53.80065445551792,2.359367997544373,4.858905557676393
24,7.448648348680592,29,0.6621360638414168,0.486,1.3624198844473596,Hispanic,0.6286688849929037,364.52957821141035,73.34362774985577,37.42954649474522,326.3779227464045,53.80065445551792,2.430003518406325,5.018644830274267
25,7.654018048900117,30,0.6649217456332461,0.486,1.3681517399861032,Hispanic,0.6286688849929037,364.52957821141035,73.34362774985577,37.42954649474522,326.3779227464045,53.80065445551792,2.545606846301463,5.108411202598654
26,7.979904100146668,31,0.6680393267102486,0.486,1.3745665158647091,Hispanic,0.6286688849929037,364.52957821141035,73.34362774985577,37.42954649474522,326.3779227464045,53.80065445551792,2.7118733133354604,5.268030786811208
27,8.23589886618877,32,0.6713166379872029,0.486,1.381309954706179,Hispanic,0.6286688849929037,364.52957821141035,73.34362774985577,37.42954649474522,326.3779227464045,53.80065445551792,2.8618498533605496,5.37404901282822
28,8.543133577395423,33,0.675515363671723,0.486,1.3899493079665084,Hispanic,0.6286688849929037,364.52957821141035,73.34362774985577,37.42954649474522,326.3779227464045,53.80065445551792,3.067139926140287,5.475993651255136
29,8.844014535401673,34,0.679602475863481,0.486,1.398359003834323,Hispanic,0.6286688849929037,364.52957821141035,73.34362774985577,37.42954649474522,326.3779227464045,53.80065445551792,3.2477980609656028,5.59621647443607
30,9.102058899250355,35,0.6814122629350028,0.486,1.4020828455452732,Hispanic,0.6286688849929037,364.52957821141035,73.34362774985577,37.42954649474522,326.3779227464045,53.80065445551792,3.3654456512908357,5.73661324795952
31,9.312142674425019,36,0.6831872246364825,0.486,1.4057350301162193,Hispanic,0.6286688849929037,364.52957821141035,73.34362774985577,37.42954649474522,326.3779227464045,53.80065445551792,3.4835315130986952,5.828611161326323
32,9.640898162600783,37,0.6866861313868613,0.486,1.4129344267219368,Hispanic,0.6286688849929037,364.52957821141035,73.34362774985577,37.42954649474522,326.3779227464045,53.80065445551792,3.680165612038633,5.96073255056215
33,9.823107407605931,38,0.6879440768225991,0.486,1.4155227918160471,Hispanic,0.6286688849929037,364.52957821141035,73.34362774985577,37.42954649474522,326.3779227464045,53.80065445551792,3.7821951530387885,6.040912254567143
34,10.0758228171575,39,0.6890848179868518,0.486,1.4178699958577201,Hispanic,0.6286688849929037,364.52957821141035,73.34362774985577,37.42954649474522,326.3779227464045,53.80065445551792,3.8974840228830407,6.178338794274459
35,10.235076566728928,40,0.6895661299676876,0.486,1.4188603497277523,Hispanic,0.6286688849929037,364.52957821141035,73.34362774985577,37.42954649474522,326.3779227464045,53.80065445551792,3.9275330797231627,6.307543487005765
36,10.410112219411037,41,0.6901232387189695,0.486,1.4200066640308016,Hispanic,0.6286688849929037,364.52957821141035,73.34362774985577,37.42954649474522,326.3779227464045,53.80065445551792,2.962210429535891,7.447901789875146
37,10.829254970857074,42,0.6936498142337635,0.486,1.4272629922505422,Hispanic,0.6286688849929037,364.52957821141035,73.34362774985577,37.42954649474522,326.3779227464045,53.80065445551792,4.263717643001202,6.565537327855871
38,10.904475210358637,43,0.6932167613488299,0.486,1.426371936931749,Hispanic,0.6286688849929037,364.52957821141035,73.34362774985577,37.42954649474522,326.3779227464045,53.80065445551792,4.264525715106169,6.639949495252468
39,11.241224129980074,45,0.696059394631639,0.486,1.4322209766083107,Hispanic,0.6286688849929037,364.52957821141035,73.34362774985577,37.42954649474522,326.3779227464045,53.80065445551792,4.470927194311908,6.770296935668165
40,11.82679422332057,46,0.7017780696633587,0.486,1.443987797661232,Hispanic,0.6286688849929037,364.52957821141035,73.34362774985577,37.42954649474522,326.3779227464045,53.80065445551792,4.841823972656042,6.984970250664529
41,12.10594944457705,47,0.7043034472890309,0.486,1.4491840479198168,Hispanic,0.6286688849929037,364.52957821141035,73.34362774985577,37.42954649474522,326.3779227464045,53.80065445551792,5.048466659030237,7.057482785546813
42,12.665489645773956,49,0.7091299258681233,0.486,1.4591150738027228,Hispanic,0.6286688849929037,364.52957821141035,73.34362774985577,37.42954649474522,326.3779227464045,53.80065445551792,5.4270074997227775,7.238482146051179
43,12.782726640310454,50,0.7098613672061735,0.486,1.4606200971320444,Hispanic,0.6286688849929037,364.52957821141035,73.34362774985577,37.42954649474522,326.3779227464045,53.80065445551792,5.495202809544067,7.2875238307663865
44,13.671432249244445,54,0.7148920207920262,0.486,1.4709712361975849,Hispanic,0.6286688849929037,364.52957821141035,73.34362774985577,37.42954649474522,326.3779227464045,53.80065445551792,6.077377482799358,7.594054766445087
45,13.897297927529788,55,0.7153482581815881,0.486,1.4719099962584117,Hispanic,0.6286688849929037,364.52957821141035,73.34362774985577,37.42954649474522,326.3779227464045,53.80065445551792,6.198629804886336,7.698668122643452
46,14.130952077480144,56,0.7158282718164356,0.486,1.4728976786346413,Hispanic,0.6286688849929037,364.52957821141035,73.34362774985577,37.42954649474522,326.3779227464045,53.80065445551792,5.038577006249859,9.092375071230284
47,14.745831419454767,60,0.7174483191894614,0.486,1.4762311094433362,Hispanic,0.6286688849929037,364.52957821141035,73.34362774985577,37.42954649474522,326.3779227464045,53.80065445551792,6.664704568966297,8.08112685048847
48,2.7158160398222617,1,0.18715480511282945,0.261,0.7170682188231012,White,0.8515152599377438,756.4643004243152,394.9543027828199,14.114340977772706,424.4520768721714,34.77489585310145,-0.7589153010935683,3.47473134091583
49,2.7226857262636344,2,0.18446978512140247,0.261,0.7067807859057568,White,0.8515152599377438,756.4643004243152,394.9543027828199,14.114340977772706,424.4520768721714,34.77489585310145,-1.4007181752134512,4.123403901477086
50,2.7452030318214637,3,0.18188944520305467,0.261,0.6968944260653436,White,0.8515152599377438,756.4643004243152,394.9543027828199,14.114340977772706,424.4520768721714,34.77489585310145,-1.4375421244093696,4.182745156230833
51,2.775734971560893,4,0.18206168018423952,0.261,0.6975543302078142,White,0.8515152599377438,756.4643004243152,394.9543027828199,14.114340977772706,424.4520768721714,34.77489585310145,0.05037897578342365,2.7253559957774693
52,2.791000941430608,5,0.18198785586303007,0.261,0.6972714784024139,White,0.8515152599377438,756.4643004243152,394.9543027828199,14.114340977772706,424.4520768721714,34.77489585310145,-0.792870223784099,3.583871165214707
53,2.811991650001465,6,0.18187652736293847,0.261,0.6968449324250515,White,0.8515152599377438,756.4643004243152,394.9543027828199,14.114340977772706,424.4520768721714,34.77489585310145,-0.7993499822756873,3.6113416322771523
54,2.8394703957669516,7,0.18172048263397,0.261,0.6962470599002681,White,0.8515152599377438,756.4643004243152,394.9543027828199,14.114340977772706,424.4520768721714,34.77489585310145,-0.800625439607709,3.6400958353746606
55,2.8589345073508388,8,0.1820280416980536,0.261,0.6974254471189794,White,0.8515152599377438,756.4643004243152,394.9543027828199,14.114340977772706,424.4520768721714,34.77489585310145,-1.4418995232267675,4.300834030577606
56,2.8932829395576967,9,0.1825691166554282,0.261,0.6994985312468512,White,0.8515152599377438,756.4643004243152,394.9543027828199,14.114340977772706,424.4520768721714,34.77489585310145,-0.8314949514940642,3.724777891051761
57,2.930684565738498,10,0.1827463112803427,0.261,0.7001774378557191,White,0.8515152599377438,756.4643004243152,394.9543027828199,14.114340977772706,424.4520768721714,34.77489585310145,-0.8645429780120346,3.7952275437505327
58,2.9623614532181564,11,0.18257944628701808,0.261,0.6995381083793796,White,0.8515152599377438,756.4643004243152,394.9543027828199,14.114340977772706,424.4520768721714,34.77489585310145,-0.8921294306712793,3.8544908838894356
59,2.9909851467238715,12,0.18253173401653666,0.261,0.6993553027453511,White,0.8515152599377438,756.4643004243152,394.9543027828199,14.114340977772706,424.4520768721714,34.77489585310145,-0.901709869977827,3.8926950167016985
60,3.009304310567529,13,0.18188738437406288,0.261,0.6968865301688233,White,0.8515152599377438,756.4643004243152,394.9543027828199,14.114340977772706,424.4520768721714,34.77489585310145,-0.916441343707409,3.925745654274938
61,3.042126145787416,14,0.18170420351964986,0.261,0.6961846878147504,White,0.8515152599377438,756.4643004243152,394.9543027828199,14.114340977772706,424.4520768721714,34.77489585310145,-0.9237195635943434,3.9658457093817594
62,3.0768562272410174,15,0.1822003254384379,0.261,0.6980855380783061,White,0.8515152599377438,756.4643004243152,394.9543027828199,14.114340977772706,424.4520768721714,34.77489585310145,-0.9307368748185691,4.0075931020595865
63,3.101663428279304,16,0.18199529727914007,0.261,0.6972999895752493,White,0.8515152599377438,756.4643004243152,394.9543027828199,14.114340977772706,424.4520768721714,34.77489585310145,-1.6306543188696319,4.732317747148936
64,3.139065054460105,17,0.1821423035188343,0.261,0.6978632318729283,White,0.8515152599377438,756.4643004243152,394.9543027828199,14.114340977772706,424.4520768721714,34.77489585310145,0.04623405331623642,3.0928310011438684
65,3.2352406646393077,19,0.18215221969143494,0.261,0.6979012248713983,White,0.8515152599377438,756.4643004243152,394.9543027828199,14.114340977772706,424.4520768721714,34.77489585310145,-0.9540641601175124,4.18930482475682
66,3.384847169362513,22,0.18430622805012364,0.261,0.7061541304602438,White,0.8515152599377438,756.4643004243152,394.9543027828199,14.114340977772706,424.4520768721714,34.77489585310145,-0.9894886334394251,4.374335802801938
67,3.5046850328397743,23,0.18520834173692066,0.261,0.7096105047391597,White,0.8515152599377438,756.4643004243152,394.9543027828199,14.114340977772706,424.4520768721714,34.77489585310145,-1.0510264858828786,4.555711518722653
68,3.5688021062925768,25,0.18526737067342933,0.261,0.7098366692468557,White,0.8515152599377438,756.4643004243152,394.9543027828199,14.114340977772706,424.4520768721714,34.77489585310145,-1.08003473621543,4.648836842508007
69,3.6226146500833214,26,0.1852856780339261,0.261,0.7099068123905214,White,0.8515152599377438,756.4643004243152,394.9543027828199,14.114340977772706,424.4520768721714,34.77489585310145,-1.0935253024979397,4.716139952581261
70,3.684823477302409,27,0.1856159643186712,0.261,0.7111722770830312,White,0.8515152599377438,756.4643004243152,394.9543027828199,14.114340977772706,424.4520768721714,34.77489585310145,-1.0834643468464522,4.768287824148861
71,3.775274348780469,28,0.185281612317144,0.261,0.7098912349315861,White,0.8515152599377438,756.4643004243152,394.9543027828199,14.114340977772706,424.4520768721714,34.77489585310145,-1.0836312088959241,4.858905557676393
72,3.8535124443627575,29,0.1839631235652079,0.261,0.7048395538896853,White,0.8515152599377438,756.4643004243152,394.9543027828199,14.114340977772706,424.4520768721714,34.77489585310145,-1.1651323859115097,5.018644830274267
73,3.9111414806209313,30,0.18246888520912344,0.261,0.699114502716948,White,0.8515152599377438,756.4643004243152,394.9543027828199,14.114340977772706,424.4520768721714,34.77489585310145,-1.1972697219777224,5.108411202598654
74,4.0260179038905335,31,0.18100238499682567,0.261,0.6934957279571866,White,0.8515152599377438,756.4643004243152,394.9543027828199,14.114340977772706,424.4520768721714,34.77489585310145,-1.2420128829206742,5.268030786811208
75,4.091279925083565,32,0.17909350618975226,0.261,0.6861820160526906,White,0.8515152599377438,756.4643004243152,394.9543027828199,14.114340977772706,424.4520768721714,34.77489585310145,-1.2827690877446543,5.37404901282822
76,4.16493822970494,33,0.17686049526772982,0.261,0.6776264186503058,White,0.8515152599377438,756.4643004243152,394.9543027828199,14.114340977772706,424.4520768721714,34.77489585310145,-1.3110554215501962,5.475993651255136
77,4.2298186016512265,34,0.17455467531853905,0.261,0.668791859458004,White,0.8515152599377438,756.4643004243152,394.9543027828199,14.114340977772706,424.4520768721714,34.77489585310145,-1.3663978727848436,5.59621647443607
78,4.303858555519343,35,0.1730344319646474,0.261,0.6629671722783426,White,0.8515152599377438,756.4643004243152,394.9543027828199,14.114340977772706,424.4520768721714,34.77489585310145,-1.4327546924401764,5.73661324795952
79,4.363014188764489,36,0.1719020194577688,0.261,0.6586284270412598,White,0.8515152599377438,756.4643004243152,394.9543027828199,14.114340977772706,424.4520768721714,34.77489585310145,-1.4655969725618343,5.828611161326323
80,4.440870635100034,37,0.16986861313868612,0.261,0.6508375982325139,White,0.8515152599377438,756.4643004243152,394.9543027828199,14.114340977772706,424.4520768721714,34.77489585310145,-1.5198619154621156,5.96073255056215
81,4.503842760812609,38,0.16939153401179902,0.261,0.6490097088574673,White,0.8515152599377438,756.4643004243152,394.9543027828199,14.114340977772706,424.4520768721714,34.77489585310145,-1.537069493754534,6.040912254567143
82,4.602689915719012,39,0.16904725193086725,0.261,0.6476906204247788,White,0.8515152599377438,756.4643004243152,394.9543027828199,14.114340977772706,424.4520768721714,34.77489585310145,-1.5756488785554463,6.178338794274459
83,4.658029056496726,40,0.16853544698831782,0.261,0.6457296819475778,White,0.8515152599377438,756.4643004243152,394.9543027828199,14.114340977772706,424.4520768721714,34.77489585310145,-1.649514430509039,6.307543487005765
84,4.732450659611587,41,0.16848512846991046,0.261,0.6455368906893121,White,0.8515152599377438,756.4643004243152,394.9543027828199,14.114340977772706,424.4520768721714,34.77489585310145,-2.715451130263559,7.447901789875146
85,4.8435105904137625,42,0.16661196518360005,0.261,0.6383600198605366,White,0.8515152599377438,756.4643004243152,394.9543027828199,14.114340977772706,424.4520768721714,34.77489585310145,-1.7220267374421088,6.565537327855871
86,4.880148918101078,43,0.16661020482618438,0.261,0.6383532751961087,White,0.8515152599377438,756.4643004243152,394.9543027828199,14.114340977772706,424.4520768721714,34.77489585310145,-1.75980057715139,6.639949495252468
87,4.961058558410566,45,0.16497239672568054,0.261,0.632078148374255,White,0.8515152599377438,756.4643004243152,394.9543027828199,14.114340977772706,424.4520768721714,34.77489585310145,-1.809238377257599,6.770296935668165
88,5.077461578667142,46,0.1618019069857949,0.261,0.6199306781064939,White,0.8515152599377438,756.4643004243152,394.9543027828199,14.114340977772706,424.4520768721714,34.77489585310145,-1.9075086719973866,6.984970250664529
89,5.130129174717657,47,0.16028522709657414,0.261,0.6141196440481769,White,0.8515152599377438,756.4643004243152,394.9543027828199,14.114340977772706,424.4520768721714,34.77489585310145,-1.9273536108291554,7.057482785546813
90,5.23279282209149,49,0.15734089187762504,0.261,0.602838666197797,White,0.8515152599377438,756.4643004243152,394.9543027828199,14.114340977772706,424.4520768721714,34.77489585310145,-2.0056893239596887,7.238482146051179
91,5.257600023129776,50,0.15679847025882673,0.261,0.6007604224476121,White,0.8515152599377438,756.4643004243152,394.9543027828199,14.114340977772706,424.4520768721714,34.77489585310145,-2.02992380763661,7.2875238307663865
92,5.490787712889669,54,0.15419323723273134,0.261,0.5907786867154459,White,0.8515152599377438,756.4643004243152,394.9543027828199,14.114340977772706,424.4520768721714,34.77489585310145,-2.1032670535554177,7.594054766445087
93,5.572460651692643,55,0.15404173612136812,0.261,0.5901982226872342,White,0.8515152599377438,756.4643004243152,394.9543027828199,14.114340977772706,424.4520768721714,34.77489585310145,-2.126207470950809,7.698668122643452
94,5.648790501041218,56,0.15367284431293152,0.261,0.5887848441108487,White,0.8515152599377438,756.4643004243152,394.9543027828199,14.114340977772706,424.4520768721714,34.77489585310145,-3.443584570189066,9.092375071230284
95,5.845721512360537,60,0.15274384467336133,0.261,0.5852254585186257,White,0.8515152599377438,756.4643004243152,394.9543027828199,14.114340977772706,424.4520768721714,34.77489585310145,-2.235405338127933,8.08112685048847
96,2.233473347985824,1,0.09081584345905004,0.154,0.5897132692146105,Asian,0.8983744200746601,633.1641447195052,373.59935461429944,20.212367183965355,366.688580578322,54.966846348789,-1.2412579929300058,3.47473134091583
97,2.2451161282533443,2,0.08975254053215423,0.154,0.5828087047542482,Asian,0.8983744200746601,633.1641447195052,373.59935461429944,20.212367183965355,366.688580578322,54.966846348789,-1.8782877732237413,4.123403901477086
98,2.2599930141507296,3,0.08835280432913567,0.154,0.5737195086307512,Asian,0.8983744200746601,633.1641447195052,373.59935461429944,20.212367183965355,366.688580578322,54.966846348789,-1.9227521420801037,4.182745156230833
99,2.2716357944182493,4,0.08791428857514769,0.154,0.5708720037347252,Asian,0.8983744200746601,633.1641447195052,373.59935461429944,20.212367183965355,366.688580578322,54.966846348789,-0.4537202013592201,2.7253559957774693
100,2.278750826803956,5,0.08767171013338643,0.154,0.5692968190479638,Asian,0.8983744200746601,633.1641447195052,373.59935461429944,20.212367183965355,366.688580578322,54.966846348789,-1.305120338410751,3.583871165214707
101,2.2878063225675818,6,0.08730961960948877,0.154,0.5669455818797973,Asian,0.8983744200746601,633.1641447195052,373.59935461429944,20.212367183965355,366.688580578322,54.966846348789,-1.3235353097095706,3.6113416322771523
102,2.308504598598728,7,0.08717209711298911,0.154,0.5660525786557734,Asian,0.8983744200746601,633.1641447195052,373.59935461429944,20.212367183965355,366.688580578322,54.966846348789,-1.3315912367759326,3.6400958353746606
103,2.318206915488328,8,0.08708964109542439,0.154,0.5655171499702882,Asian,0.8983744200746601,633.1641447195052,373.59935461429944,20.212367183965355,366.688580578322,54.966846348789,-1.9826271150892785,4.300834030577606
104,2.338905191519473,9,0.08708216934784703,0.154,0.5654686321288769,Asian,0.8983744200746601,633.1641447195052,373.59935461429944,20.212367183965355,366.688580578322,54.966846348789,-1.3858726995322876,3.724777891051761
105,2.3570161830467256,10,0.08672060923369825,0.154,0.5631208391798588,Asian,0.8983744200746601,633.1641447195052,373.59935461429944,20.212367183965355,366.688580578322,54.966846348789,-1.4382113607038072,3.7952275437505327
106,2.3867699548414976,11,0.0867969797473714,0.154,0.5636167516063078,Asian,0.8983744200746601,633.1641447195052,373.59935461429944,20.212367183965355,366.688580578322,54.966846348789,-1.467720929047938,3.8544908838894356
107,2.3906508815973373,12,0.08608361476650751,0.154,0.5589845114708281,Asian,0.8983744200746601,633.1641447195052,373.59935461429944,20.212367183965355,366.688580578322,54.966846348789,-1.5020441351043612,3.8926950167016985
108,2.4068214097466702,13,0.08583423681114623,0.154,0.5573651740983522,Asian,0.8983744200746601,633.1641447195052,373.59935461429944,20.212367183965355,366.688580578322,54.966846348789,-1.5189242445282676,3.925745654274938
109,2.425579222399896,14,0.08548372389896962,0.154,0.5550891162270756,Asian,0.8983744200746601,633.1641447195052,373.59935461429944,20.212367183965355,366.688580578322,54.966846348789,-1.5402664869818632,3.9658457093817594
110,2.454039351942721,15,0.08574398842885554,0.154,0.5567791456419191,Asian,0.8983744200746601,633.1641447195052,373.59935461429944,20.212367183965355,366.688580578322,54.966846348789,-1.5535537501168655,4.0075931020595865
111,2.4624480265803745,16,0.08525361101780315,0.154,0.5535948767389816,Asian,0.8983744200746601,633.1641447195052,373.59935461429944,20.212367183965355,366.688580578322,54.966846348789,-2.269869720568561,4.732317747148936
112,2.4799121969816538,17,0.08490378014482805,0.154,0.5513232476936887,Asian,0.8983744200746601,633.1641447195052,373.59935461429944,20.212367183965355,366.688580578322,54.966846348789,-0.6129188041622147,3.0928310011438684
113,2.524542854673812,19,0.08386694744080106,0.154,0.5445905677974094,Asian,0.8983744200746601,633.1641447195052,373.59935461429944,20.212367183965355,366.688580578322,54.966846348789,-1.664761970083008,4.18930482475682
114,2.584697219389329,22,0.08304066831528854,0.154,0.5392251189304451,Asian,0.8983744200746601,633.1641447195052,373.59935461429944,20.212367183965355,366.688580578322,54.966846348789,-1.789638583412609,4.374335802801938
115,2.6448515841048468,23,0.08246944455649227,0.154,0.5355158737434563,Asian,0.8983744200746601,633.1641447195052,373.59935461429944,20.212367183965355,366.688580578322,54.966846348789,-1.9108599346178061,4.555711518722653
116,2.672664892521699,25,0.08186555187922255,0.154,0.5315944927222244,Asian,0.8983744200746601,633.1641447195052,373.59935461429944,20.212367183965355,366.688580578322,54.966846348789,-1.976125521513716,4.648790414035415
117,2.689482241797005,26,0.08116496515645437,0.154,0.5270452282886646,Asian,0.8983744200746601,633.1641447195052,373.59935461429944,20.212367183965355,366.688580578322,54.966846348789,-2.0266446285457778,4.716126870342783
118,2.7114741600800967,27,0.08059058751153493,0.154,0.5233155033216553,Asian,0.8983744200746601,633.1641447195052,373.59935461429944,20.212367183965355,366.688580578322,54.966846348789,-2.056809928486179,4.768284088566276
119,2.7580452811501748,28,0.07986663919533986,0.154,0.5186145402294796,Asian,0.8983744200746601,633.1641447195052,373.59935461429944,20.212367183965355,366.688580578322,54.966846348789,-2.1008602765262183,4.858905557676393
120,2.7994418332124664,29,0.07885435265823708,0.154,0.5120412510275135,Asian,0.8983744200746601,633.1641447195052,373.59935461429944,20.212367183965355,366.688580578322,54.966846348789,-2.219202997061801,5.018644830274267
121,2.8330765317630786,30,0.07798728700389937,0.154,0.5064109545707751,Asian,0.8983744200746601,633.1641447195052,373.59935461429944,20.212367183965355,366.688580578322,54.966846348789,-2.275334670835575,5.108411202598654
122,2.8938777176045694,31,0.07676601293732091,0.154,0.4984806034890968,Asian,0.8983744200746601,633.1641447195052,373.59935461429944,20.212367183965355,366.688580578322,54.966846348789,-2.3741530692066384,5.268030786811208
123,2.935274269666861,32,0.07581402342249027,0.154,0.492298853392794,Asian,0.8983744200746601,633.1641447195052,373.59935461429944,20.212367183965355,366.688580578322,54.966846348789,-2.4387747431613587,5.37404901282822
124,2.978611285107072,33,0.07463049397121742,0.154,0.4846135972156976,Asian,0.8983744200746601,633.1641447195052,373.59935461429944,20.212367183965355,366.688580578322,54.966846348789,-2.497382366148064,5.475993651255136
125,3.0148332681615773,34,0.07340966720740869,0.154,0.476686150697459,Asian,0.8983744200746601,633.1641447195052,373.59935461429944,20.212367183965355,366.688580578322,54.966846348789,-2.581383206274493,5.59621647443607
126,3.077574917380988,35,0.0730068127416682,0.154,0.4740702126082351,Asian,0.8983744200746601,633.1641447195052,373.59935461429944,20.212367183965355,366.688580578322,54.966846348789,-2.659038330578532,5.73661324795952
127,3.1247928595770382,36,0.07264333939822264,0.154,0.4717099960923548,Asian,0.8983744200746601,633.1641447195052,373.59935461429944,20.212367183965355,366.688580578322,54.966846348789,-2.703818301749285,5.828611161326323
128,3.1836535820406096,37,0.07185401459854014,0.154,0.4665845103801308,Asian,0.8983744200746601,633.1641447195052,373.59935461429944,20.212367183965355,366.688580578322,54.966846348789,-2.7770789685215402,5.96073255056215
129,3.2147009960873287,38,0.07133937158195415,0.154,0.4632426726100919,Asian,0.8983744200746601,633.1641447195052,373.59935461429944,20.212367183965355,366.688580578322,54.966846348789,-2.8262112584798142,6.040912254567143
130,3.2664466861651933,39,0.07078678459791704,0.154,0.4596544454410197,Asian,0.8983744200746601,633.1641447195052,373.59935461429944,20.212367183965355,366.688580578322,54.966846348789,-2.9118921081092655,6.178338794274459
131,3.3149582706131917,40,0.07076969814134608,0.154,0.4595434944243252,Asian,0.8983744200746601,633.1641447195052,373.59935461429944,20.212367183965355,366.688580578322,54.966846348789,-2.9925852163925737,6.307543487005765
132,3.355061180423536,41,0.07047841623979237,0.154,0.4576520535051454,Asian,0.8983744200746601,633.1641447195052,373.59935461429944,20.212367183965355,366.688580578322,54.966846348789,-4.09284060945161,7.447901789875146
133,3.4268583254065734,42,0.06955402974885455,0.154,0.4516495438237309,Asian,0.8983744200746601,633.1641447195052,373.59935461429944,20.212367183965355,366.688580578322,54.966846348789,-3.138679002449298,6.565537327855871
134,3.452084349319532,43,0.06953927138166467,0.154,0.4515537102705498,Asian,0.8983744200746601,633.1641447195052,373.59935461429944,20.212367183965355,366.688580578322,54.966846348789,-3.187865145932936,6.639949495252468
135,3.5141791774129687,45,0.06895107557586141,0.154,0.4477342569861131,Asian,0.8983744200746601,633.1641447195052,373.59935461429944,20.212367183965355,366.688580578322,54.966846348789,-3.2561177582551966,6.770296935668165
136,3.5905040702778197,46,0.06751070247129792,0.154,0.4383811848785579,Asian,0.8983744200746601,633.1641447195052,373.59935461429944,20.212367183965355,366.688580578322,54.966846348789,-3.394466180386709,6.984970250664529
137,3.637075191347898,47,0.06704983127243241,0.154,0.43538851475605467,Asian,0.8983744200746601,633.1641447195052,373.59935461429944,20.212367183965355,366.688580578322,54.966846348789,-3.420407594198915,7.057482785546813
138,3.7198682954724807,49,0.06599573110555186,0.154,0.4285437084776095,Asian,0.8983744200746601,633.1641447195052,373.59935461429944,20.212367183965355,366.688580578322,54.966846348789,-3.518613850578698,7.238482146051179
139,3.746387961637386,50,0.06592456008559268,0.154,0.42808155899735495,Asian,0.8983744200746601,633.1641447195052,373.59935461429944,20.212367183965355,366.688580578322,54.966846348789,-3.541091346491946,7.287479308129332
140,3.900978210745006,54,0.0646374792347677,0.154,0.4197238911348552,Asian,0.8983744200746601,633.1641447195052,373.59935461429944,20.212367183965355,366.688580578322,54.966846348789,-3.693040381057473,7.594018591802479
141,3.948842974067031,55,0.06440824594349376,0.154,0.41823536326944,Asian,0.8983744200746601,633.1641447195052,373.59935461429944,20.212367183965355,366.688580578322,54.966846348789,-3.749780625939367,7.698623600006398
142,4.015465550042281,56,0.0644551731298344,0.154,0.4185400852586649,Asian,0.8983744200746601,633.1641447195052,373.59935461429944,20.212367183965355,366.688580578322,54.966846348789,-5.0769095211880035,9.092375071230284
143,4.154532092126542,60,0.06405129688170005,0.154,0.4159175122188315,Asian,0.8983744200746601,633.1641447195052,373.59935461429944,20.212367183965355,366.688580578322,54.966846348789,-3.9265947583619285,8.08112685048847
144,2.655171974514821,1,0.06309505023407501,0.09,0.7010561137119445,Black,0.5472586973892924,569.3036243163859,163.34896896484696,34.58560607034072,291.7418982916841,28.21631445904502,-0.819559366401009,3.47473134091583
145,2.6739872823792443,2,0.062472526051767376,0.09,0.6941391783529709,Black,0.5472586973892924,569.3036243163859,163.34896896484696,34.58560607034072,291.7418982916841,28.21631445904502,-1.4494166190978413,4.123403901477086
146,2.7027636355836564,3,0.06175087240175998,0.09,0.6861208044639998,Black,0.5472586973892924,569.3036243163859,163.34896896484696,34.58560607034072,291.7418982916841,28.21631445904502,-1.479981520647177,4.182745156230833
147,2.7304332059725143,4,0.06175528186642636,0.09,0.6861697985158485,Black,0.5472586973892924,569.3036243163859,163.34896896484696,34.58560607034072,291.7418982916841,28.21631445904502,0.005077210195044923,2.7253559957774693
148,2.742607816943612,5,0.06166633485964562,0.09,0.685181498440507,Black,0.5472586973892924,569.3036243163859,163.34896896484696,34.58560607034072,291.7418982916841,28.21631445904502,-0.8412633482710952,3.583871165214707
149,2.7735977357791333,6,0.06185974179852386,0.09,0.6873304644280429,Black,0.5472586973892924,569.3036243163859,163.34896896484696,34.58560607034072,291.7418982916841,28.21631445904502,-0.8377438964980191,3.6113416322771523
150,2.8056944374302084,7,0.06191685799423575,0.09,0.6879650888248416,Black,0.5472586973892924,569.3036243163859,163.34896896484696,34.58560607034072,291.7418982916841,28.21631445904502,-0.8344013979444522,3.6400958353746606
151,2.81897583121686,8,0.061890992151240484,0.09,0.6876776905693388,Black,0.5472586973892924,569.3036243163859,163.34896896484696,34.58560607034072,291.7418982916841,28.21631445904502,-1.4818581993607465,4.300834030577606
152,2.8543928813145985,9,0.062108660052018115,0.09,0.6900962228002012,Black,0.5472586973892924,569.3036243163859,163.34896896484696,34.58560607034072,291.7418982916841,28.21631445904502,-0.8703850097371624,3.724777891051761
153,2.897557411121217,10,0.062303664921465975,0.09,0.6922629435718441,Black,0.5472586973892924,569.3036243163859,163.34896896484696,34.58560607034072,291.7418982916841,28.21631445904502,-0.8976701326293157,3.7952275437505327
154,2.9374015924811734,11,0.062427963211253025,0.09,0.6936440356805893,Black,0.5472586973892924,569.3036243163859,163.34896896484696,34.58560607034072,291.7418982916841,28.21631445904502,-0.9170892914082622,3.8544908838894356
155,2.9628575972389224,12,0.062350064050308615,0.09,0.6927784894478735,Black,0.5472586973892924,569.3036243163859,163.34896896484696,34.58560607034072,291.7418982916841,28.21631445904502,-0.9298374194627761,3.8926950167016985
156,2.9916339504433345,13,0.06235150284883855,0.09,0.6927944760982061,Black,0.5472586973892924,569.3036243163859,163.34896896484696,34.58560607034072,291.7418982916841,28.21631445904502,-0.9341117038316034,3.925745654274938
157,3.0370120458810623,14,0.06255129023433938,0.09,0.6950143359371043,Black,0.5472586973892924,569.3036243163859,163.34896896484696,34.58560607034072,291.7418982916841,28.21631445904502,-0.9288336635006971,3.9658457093817594
158,3.089030838212115,15,0.06307629723377328,0.09,0.7008477470419254,Black,0.5472586973892924,569.3036243163859,163.34896896484696,34.58560607034072,291.7418982916841,28.21631445904502,-0.9185622638474715,4.0075931020595865
159,3.1189139742320817,16,0.06310603515843691,0.09,0.7011781684270768,Black,0.5472586973892924,569.3036243163859,163.34896896484696,34.58560607034072,291.7418982916841,28.21631445904502,-1.613403772916854,4.732317747148936
160,3.1609717212231465,17,0.06324600837079522,0.09,0.7027334263421692,Black,0.5472586973892924,569.3036243163859,163.34896896484696,34.58560607034072,291.7418982916841,28.21631445904502,0.06814072007927807,3.0928310011438684
161,3.260582174623035,19,0.06330310713825263,0.09,0.7033678570916958,Black,0.5472586973892924,569.3036243163859,163.34896896484696,34.58560607034072,291.7418982916841,28.21631445904502,-0.9287226501337851,4.18930482475682
162,3.4443081220050527,22,0.06467031025955404,0.09,0.7185590028839338,Black,0.5472586973892924,569.3036243163859,163.34896896484696,34.58560607034072,291.7418982916841,28.21631445904502,-0.9299186930915964,4.374226815096649
163,3.5771220598715714,23,0.06518494614981242,0.09,0.7242771794423604,Black,0.5472586973892924,569.3036243163859,163.34896896484696,34.58560607034072,291.7418982916841,28.21631445904502,-0.9785982706229981,4.5557203304945695
164,3.663451119484809,25,0.06557961682483704,0.09,0.7286624091648559,Black,0.5472586973892924,569.3036243163859,163.34896896484696,34.58560607034072,291.7418982916841,28.21631445904502,-0.9853096127925696,4.6487607322773785
165,3.7165766946314163,26,0.06554881024419762,0.09,0.7283201138244181,Black,0.5472586973892924,569.3036243163859,163.34896896484696,34.58560607034072,291.7418982916841,28.21631445904502,-0.9995632579498448,4.716139952581261
166,3.7708090525935782,27,0.06549907720701323,0.09,0.7277675245223693,Black,0.5472586973892924,569.3036243163859,163.34896896484696,34.58560607034072,291.7418982916841,28.21631445904502,-0.9974787715552829,4.768287824148861
167,3.8471770668668266,28,0.06510704452227987,0.09,0.7234116058031097,Black,0.5472586973892924,569.3036243163859,163.34896896484696,34.58560607034072,291.7418982916841,28.21631445904502,-1.0117284908095665,4.858905557676393
168,3.9335061264800633,29,0.06475239587508655,0.09,0.7194710652787395,Black,0.5472586973892924,569.3036243163859,163.34896896484696,34.58560607034072,291.7418982916841,28.21631445904502,-1.085138703794204,5.018644830274267
169,4.006553792306649,30,0.0644552463365561,0.09,0.7161694037395122,Black,0.5472586973892924,569.3036243163859,163.34896896484696,34.58560607034072,291.7418982916841,28.21631445904502,-1.1018574102920047,5.108411202598654
170,4.136047381726504,31,0.06412038228582212,0.09,0.7124486920646904,Black,0.5472586973892924,569.3036243163859,163.34896896484696,34.58560607034072,291.7418982916841,28.21631445904502,-1.1319834050847035,5.268030786811208
171,4.2256967897864035,32,0.06378535509631288,0.09,0.7087261677368097,Black,0.5472586973892924,569.3036243163859,163.34896896484696,34.58560607034072,291.7418982916841,28.21631445904502,-1.1483522230418162,5.37404901282822
172,4.316452980661859,33,0.0632049786075457,0.09,0.7022775400838411,Black,0.5472586973892924,569.3036243163859,163.34896896484696,34.58560607034072,291.7418982916841,28.21631445904502,-1.1595406705932767,5.475993651255136
173,4.408315954352868,34,0.06273132471296049,0.09,0.6970147190328944,Black,0.5472586973892924,569.3036243163859,163.34896896484696,34.58560607034072,291.7418982916841,28.21631445904502,-1.1879005200832022,5.59621647443607
174,4.531168846879398,35,0.06281838826489904,0.09,0.6979820918322115,Black,0.5472586973892924,569.3036243163859,163.34896896484696,34.58560607034072,291.7418982916841,28.21631445904502,-1.205444401080122,5.73661324795952
175,4.606430078337092,36,0.06258364284318,0.09,0.6953738093686668,Black,0.5472586973892924,569.3036243163859,163.34896896484696,34.58560607034072,291.7418982916841,28.21631445904502,-1.2221810829892314,5.828611161326323
176,4.703826966105872,37,0.062043795620437964,0.09,0.6893755068937552,Black,0.5472586973892924,569.3036243163859,163.34896896484696,34.58560607034072,291.7418982916841,28.21631445904502,-1.2569055844562778,5.96073255056215
177,4.768020369408021,38,0.061837024703231075,0.09,0.6870780522581231,Black,0.5472586973892924,569.3036243163859,163.34896896484696,34.58560607034072,291.7418982916841,28.21631445904502,-1.2728918851591215,6.040912254567143
178,4.859883343099032,39,0.0615494596375156,0.09,0.6838828848612845,Black,0.5472586973892924,569.3036243163859,163.34896896484696,34.58560607034072,291.7418982916841,28.21631445904502,-1.318455451175427,6.178338794274459
179,4.9262903120322905,40,0.06146261979065978,0.09,0.6829179976739976,Black,0.5472586973892924,569.3036243163859,163.34896896484696,34.58560607034072,291.7418982916841,28.21631445904502,-1.3812531749734749,6.307543487005765
180,4.996017629412213,41,0.0613340217671916,0.09,0.6814891307465734,Black,0.5472586973892924,569.3036243163859,163.34896896484696,34.58560607034072,291.7418982916841,28.21631445904502,-2.4518841604629324,7.447901789875146
181,5.116656956307635,42,0.06069238949206391,0.09,0.6743598832451546,Black,0.5472586973892924,569.3036243163859,163.34896896484696,34.58560607034072,291.7418982916841,28.21631445904502,-1.4488803715482366,6.565537327855871
182,5.187491056503111,43,0.06106999530932403,0.09,0.6785555034369336,Black,0.5472586973892924,569.3036243163859,163.34896896484696,34.58560607034072,291.7418982916841,28.21631445904502,-1.4524584387493569,6.639949495252468
183,5.2837811614563375,45,0.06058760073608733,0.09,0.6731955637343036,Black,0.5472586973892924,569.3036243163859,163.34896896484696,34.58560607034072,291.7418982916841,28.21631445904502,-1.4865157742118278,6.770296935668165
184,5.430983275925062,46,0.05967843938509437,0.09,0.6630937709454932,Black,0.5472586973892924,569.3036243163859,163.34896896484696,34.58560607034072,291.7418982916841,28.21631445904502,-1.553986974739467,6.984970250664529
185,5.505137724567201,47,0.05931101916220503,0.09,0.6590113240245004,Black,0.5472586973892924,569.3036243163859,163.34896896484696,34.58560607034072,291.7418982916841,28.21631445904502,-1.5519443572461231,7.057082081813324
186,5.661194101560361,49,0.05869729866195405,0.09,0.6521922073550451,Black,0.5472586973892924,569.3036243163859,163.34896896484696,34.58560607034072,291.7418982916841,28.21631445904502,-1.5775700211921606,7.238764122752522
187,5.697717934473653,50,0.05859455029707027,0.09,0.6510505588563364,Black,0.5472586973892924,569.3036243163859,163.34896896484696,34.58560607034072,291.7418982916841,28.21631445904502,-1.5898133167322426,7.287531251205896
188,5.968879724284463,54,0.057799689191361664,0.09,0.6422187687929074,Black,0.5472586973892924,569.3036243163859,163.34896896484696,34.58560607034072,291.7418982916841,28.21631445904502,-1.625175042160624,7.594054766445087
189,6.060742697975472,55,0.05777224484628531,0.09,0.6419138316253924,Black,0.5472586973892924,569.3036243163859,163.34896896484696,34.58560607034072,291.7418982916841,28.21631445904502,-1.63792542466798,7.698668122643452
190,6.15260567166648,56,0.057716866531692876,0.09,0.6412985170188098,Black,0.5472586973892924,569.3036243163859,163.34896896484696,34.58560607034072,291.7418982916841,28.21631445904502,-2.9397693995638043,9.092375071230284
191,6.3828164973017785,60,0.05750954836007539,0.09,0.6389949817786155,Black,0.5472586973892924,569.3036243163859,163.34896896484696,34.58560607034072,291.7418982916841,28.21631445904502,-1.6983103531866917,8.08112685048847
192,0.4411320079137944,1,0.0016306348955867655,0.013999999999999999,0.1164739211133404,American Indian/Alaska Native,0.6493613367204552,230.7049251065288,51.37764885718563,24.477362094343363,154.14933960617358,30.23176549183395,-3.0335993330020354,3.47473134091583
193,0.4553620726852071,4,0.0016020827075197755,0.013999999999999999,0.1144344791085554,American Indian/Alaska Native,0.6493613367204552,230.7049251065288,51.37764885718563,24.477362094343363,154.14933960617358,30.23176549183395,-2.269993923092262,2.7253559957774693
194,0.4411320079137944,5,0.001542902647820028,0.013999999999999999,0.11020733198714486,American Indian/Alaska Native,0.6493613367204552,230.7049251065288,51.37764885718563,24.477362094343363,154.14933960617358,30.23176549183395,-3.1427391573009125,3.583871165214707
195,0.4482470402995008,6,0.001555133173705907,0.013999999999999999,0.11108094097899336,American Indian/Alaska Native,0.6493613367204552,230.7049251065288,51.37764885718563,24.477362094343363,154.14933960617358,30.23176549183395,-3.1630945919776514,3.6113416322771523
196,0.4553620726852071,7,0.0015631869473889894,0.013999999999999999,0.11165621052778496,American Indian/Alaska Native,0.6493613367204552,230.7049251065288,51.37764885718563,24.477362094343363,154.14933960617358,30.23176549183395,-3.1847337626894534,3.6400958353746606
197,0.4624771050709135,9,0.0015653597919275599,0.013999999999999999,0.11181141370911142,American Indian/Alaska Native,0.6493613367204552,230.7049251065288,51.37764885718563,24.477362094343363,154.14933960617358,30.23176549183395,-3.2623007859808473,3.724777891051761
198,0.4980522669994453,10,0.0016658733936220848,0.013999999999999999,0.11899095668729175,American Indian/Alaska Native,0.6493613367204552,230.7049251065288,51.37764885718563,24.477362094343363,154.14933960617358,30.23176549183395,-3.2971752767510876,3.7952275437505327
199,0.5122823317708579,11,0.0016935996048267588,0.013999999999999999,0.12097140034476847,American Indian/Alaska Native,0.6493613367204552,230.7049251065288,51.37764885718563,24.477362094343363,154.14933960617358,30.23176549183395,-3.342208552118578,3.8544908838894356
200,0.5193973641565643,12,0.0017002445557237685,0.013999999999999999,0.12144603969455488,American Indian/Alaska Native,0.6493613367204552,230.7049251065288,51.37764885718563,24.477362094343363,154.14933960617358,30.23176549183395,-3.3732976525451344,3.8926950167016985
201,0.5407424613136834,13,0.0017531314156536179,0.013999999999999999,0.125223672546687,American Indian/Alaska Native,0.6493613367204552,230.7049251065288,51.37764885718563,24.477362094343363,154.14933960617358,30.23176549183395,-3.3850031929612543,3.925745654274938
202,0.5620875584708025,14,0.0018008571168049606,0.013999999999999999,0.1286326512003543,American Indian/Alaska Native,0.6493613367204552,230.7049251065288,51.37764885718563,24.477362094343363,154.14933960617358,30.23176549183395,-3.403758150910957,3.9658457093817594
203,0.5834326556279217,15,0.0018531911046826973,0.013999999999999999,0.13237079319162126,American Indian/Alaska Native,0.6493613367204552,230.7049251065288,51.37764885718563,24.477362094343363,154.14933960617358,30.23176549183395,-3.4241604464316646,4.0075931020595865
204,0.5763176232422152,17,0.0017937418340456628,0.013999999999999999,0.12812441671754735,American Indian/Alaska Native,0.6493613367204552,230.7049251065288,51.37764885718563,24.477362094343363,154.14933960617358,30.23176549183395,-2.5165133779016533,3.0928310011438684
205,0.5976627203993343,19,0.0018049765782801152,0.013999999999999999,0.12892689844857966,American Indian/Alaska Native,0.6493613367204552,230.7049251065288,51.37764885718563,24.477362094343363,154.14933960617358,30.23176549183395,-3.5916421043574855,4.18930482475682
206,0.6047777527850408,22,0.0017663805822821636,0.013999999999999999,0.12617004159158313,American Indian/Alaska Native,0.6493613367204552,230.7049251065288,51.37764885718563,24.477362094343363,154.14933960617358,30.23176549183395,-3.7695580500168973,4.374335802801938
207,0.6474679470992789,23,0.0018353434714210805,0.013999999999999999,0.13109596224436287,American Indian/Alaska Native,0.6493613367204552,230.7049251065288,51.37764885718563,24.477362094343363,154.14933960617358,30.23176549183395,-3.908243571623374,4.555711518722653
208,0.6830431090278107,25,0.0019020070136508628,0.013999999999999999,0.13585764383220447,American Indian/Alaska Native,0.6493613367204552,230.7049251065288,51.37764885718563,24.477362094343363,154.14933960617358,30.23176549183395,-3.965747305007604,4.648790414035415
209,0.7043882061849298,26,0.0019324991703917704,0.013999999999999999,0.1380356550279836,American Indian/Alaska Native,0.6493613367204552,230.7049251065288,51.37764885718563,24.477362094343363,154.14933960617358,30.23176549183395,-4.011738664157853,4.716126870342783
210,0.7186182709563425,27,0.001941710243002153,0.013999999999999999,0.1386935887858681,American Indian/Alaska Native,0.6493613367204552,230.7049251065288,51.37764885718563,24.477362094343363,154.14933960617358,30.23176549183395,-4.049665817609933,4.768284088566276
211,0.7470784004991681,28,0.0019666972597351512,0.013999999999999999,0.14047837569536795,American Indian/Alaska Native,0.6493613367204552,230.7049251065288,51.37764885718563,24.477362094343363,154.14933960617358,30.23176549183395,-4.111827157177225,4.858905557676393
212,0.7968836271991124,29,0.0020405932296031775,0.013999999999999999,0.1457566592573698,American Indian/Alaska Native,0.6493613367204552,230.7049251065288,51.37764885718563,24.477362094343363,154.14933960617358,30.23176549183395,-4.221761203075155,5.018644830274267
213,0.7897685948134061,30,0.0019763901500988194,0.013999999999999999,0.14117072500705852,American Indian/Alaska Native,0.6493613367204552,230.7049251065288,51.37764885718563,24.477362094343363,154.14933960617358,30.23176549183395,-4.3186426077852476,5.108411202598654
214,0.8182287243562315,31,0.0019731988126490624,0.013999999999999999,0.1409427723320759,American Indian/Alaska Native,0.6493613367204552,230.7049251065288,51.37764885718563,24.477362094343363,154.14933960617358,30.23176549183395,-4.449802062454976,5.268030786811208
215,0.8538038862847633,32,0.0020047780543628983,0.013999999999999999,0.14319843245449276,American Indian/Alaska Native,0.6493613367204552,230.7049251065288,51.37764885718563,24.477362094343363,154.14933960617358,30.23176549183395,-4.520245126543457,5.37404901282822
216,0.8751489834418824,33,0.0019933877868533643,0.013999999999999999,0.14238484191809744,American Indian/Alaska Native,0.6493613367204552,230.7049251065288,51.37764885718563,24.477362094343363,154.14933960617358,30.23176549183395,-4.600844667813254,5.475993651255136
217,0.903609112984708,34,0.002000220496747673,0.013999999999999999,0.14287289262483374,American Indian/Alaska Native,0.6493613367204552,230.7049251065288,51.37764885718563,24.477362094343363,154.14933960617358,30.23176549183395,-4.692607361451362,5.59621647443607
218,0.9534143396846524,35,0.0020560977106732947,0.013999999999999999,0.14686412219094966,American Indian/Alaska Native,0.6493613367204552,230.7049251065288,51.37764885718563,24.477362094343363,154.14933960617358,30.23176549183395,-4.783198908274867,5.73661324795952
219,0.9889895016131842,36,0.0020901312722734306,0.013999999999999999,0.14929509087667364,American Indian/Alaska Native,0.6493613367204552,230.7049251065288,51.37764885718563,24.477362094343363,154.14933960617358,30.23176549183395,-4.839621659713139,5.828611161326323
220,0.9961045339988904,37,0.002043795620437957,0.013999999999999999,0.14598540145985406,American Indian/Alaska Native,0.6493613367204552,230.7049251065288,51.37764885718563,24.477362094343363,154.14933960617358,30.23176549183395,-4.9646280165632595,5.96073255056215
221,1.0103345987703034,38,0.0020382677594844045,0.013999999999999999,0.14559055424888606,American Indian/Alaska Native,0.6493613367204552,230.7049251065288,51.37764885718563,24.477362094343363,154.14933960617358,30.23176549183395,-5.03057765579684,6.040912254567143
222,1.0672548578559542,39,0.0021025777603341693,0.013999999999999999,0.15018412573815498,American Indian/Alaska Native,0.6493613367204552,230.7049251065288,51.37764885718563,24.477362094343363,154.14933960617358,30.23176549183395,-5.111083936418504,6.178338794274459
223,1.0885999550130734,40,0.002112734403048965,0.013999999999999999,0.15090960021778324,American Indian/Alaska Native,0.6493613367204552,230.7049251065288,51.37764885718563,24.477362094343363,154.14933960617358,30.23176549183395,-5.218943531992692,6.307543487005765
224,1.1312901493273115,42,0.0020874085938217962,0.013999999999999999,0.14910061384441398,American Indian/Alaska Native,0.6493613367204552,230.7049251065288,51.37764885718563,24.477362094343363,154.14933960617358,30.23176549183395,-5.43424717852856,6.565537327855871
225,1.1455202140987242,43,0.0020977745348412986,0.013999999999999999,0.1498410382029499,American Indian/Alaska Native,0.6493613367204552,230.7049251065288,51.37764885718563,24.477362094343363,154.14933960617358,30.23176549183395,-5.494429281153744,6.639949495252468
226,1.1526352464844305,45,0.002055968018275271,0.013999999999999999,0.14685485844823365,American Indian/Alaska Native,0.6493613367204552,230.7049251065288,51.37764885718563,24.477362094343363,154.14933960617358,30.23176549183395,-5.617661689183735,6.770296935668165
227,1.1668653112558434,46,0.0019945514691574236,0.013999999999999999,0.14246796208267312,American Indian/Alaska Native,0.6493613367204552,230.7049251065288,51.37764885718563,24.477362094343363,154.14933960617358,30.23176549183395,-5.818104939408686,6.984970250664529
228,1.1739803436415497,47,0.0019674946042951003,0.013999999999999999,0.14053532887822145,American Indian/Alaska Native,0.6493613367204552,230.7049251065288,51.37764885718563,24.477362094343363,154.14933960617358,30.23176549183395,-5.883502441905263,7.057482785546813
229,1.2095555055700815,49,0.001950838860710105,0.013999999999999999,0.13934563290786467,American Indian/Alaska Native,0.6493613367204552,230.7049251065288,51.37764885718563,24.477362094343363,154.14933960617358,30.23176549183395,-6.028926640481097,7.238482146051179
230,1.2237855703414942,50,0.0019577044776798924,0.013999999999999999,0.13983603411999232,American Indian/Alaska Native,0.6493613367204552,230.7049251065288,51.37764885718563,24.477362094343363,154.14933960617358,30.23176549183395,-6.063738260424892,7.2875238307663865
231,1.2664757646557323,54,0.0019077219870317773,0.013999999999999999,0.13626585621655554,American Indian/Alaska Native,0.6493613367204552,230.7049251065288,51.37764885718563,24.477362094343363,154.14933960617358,30.23176549183395,-6.327542827146747,7.594018591802479
232,1.2735907970414386,55,0.0018884645411769672,0.013999999999999999,0.13489032436978335,American Indian/Alaska Native,0.6493613367204552,230.7049251065288,51.37764885718563,24.477362094343363,154.14933960617358,30.23176549183395,-6.425099586920541,7.69869038396198
233,1.2949358941985578,60,0.001814936327645868,0.013999999999999999,0.129638309117562,American Indian/Alaska Native,0.6493613367204552,230.7049251065288,51.37764885718563,24.477362094343363,154.14933960617358,30.23176549183395,-6.786200231839297,8.081136126037855
234,7.744712751841374,1,0.008179475040765872,0.004,2.044868760191468,Native Hawaiian/Pacific Islander,0.8280916431118585,389.92511983386566,84.91791152340542,14.2784612217003,269.76134431080374,23.513595382537517,4.269981410925544,3.47473134091583
235,7.794517978541317,2,0.008093501926408606,0.004,2.0233754816021507,Native Hawaiian/Pacific Islander,0.8280916431118585,389.92511983386566,84.91791152340542,14.2784612217003,269.76134431080374,23.513595382537517,3.6711140770642317,4.123403901477086
236,7.869225818591236,3,0.007990694381226926,0.004,1.9976735953067315,Native Hawaiian/Pacific Islander,0.8280916431118585,389.92511983386566,84.91791152340542,14.2784612217003,269.76134431080374,23.513595382537517,3.6864806623604025,4.182745156230833
237,7.819420591891292,5,0.00781405534541111,0.004,1.9535138363527773,Native Hawaiian/Pacific Islander,0.8280916431118585,389.92511983386566,84.91791152340542,14.2784612217003,269.76134431080374,23.513595382537517,4.2355494266765845,3.583871165214707
238,7.869225818591236,6,0.007800350522080422,0.004,1.9500876305201056,Native Hawaiian/Pacific Islander,0.8280916431118585,389.92511983386566,84.91791152340542,14.2784612217003,269.76134431080374,23.513595382537517,4.257884186314083,3.6113416322771523
239,7.894128431941207,7,0.007742660348786088,0.004,1.935665087196522,Native Hawaiian/Pacific Islander,0.8280916431118585,389.92511983386566,84.91791152340542,14.2784612217003,269.76134431080374,23.513595382537517,4.254032596566546,3.6400958353746606
240,7.943933658641153,8,0.007751561247053677,0.004,1.9378903117634196,Native Hawaiian/Pacific Islander,0.8280916431118585,389.92511983386566,84.91791152340542,14.2784612217003,269.76134431080374,23.513595382537517,3.6430996280635464,4.300834030577606
241,8.192959792140874,9,0.007923128792987188,0.004,1.9807821982467968,Native Hawaiian/Pacific Islander,0.8280916431118585,389.92511983386566,84.91791152340542,14.2784612217003,269.76134431080374,23.513595382537517,4.468181901089113,3.724777891051761
242,8.417083312290625,10,0.008043788672060924,0.004,2.010947168015231,Native Hawaiian/Pacific Islander,0.8280916431118585,389.92511983386566,84.91791152340542,14.2784612217003,269.76134431080374,23.513595382537517,4.621855768540092,3.7952275437505327
243,8.591401605740431,11,0.008115164773128219,0.004,2.028791193282055,Native Hawaiian/Pacific Islander,0.8280916431118585,389.92511983386566,84.91791152340542,14.2784612217003,269.76134431080374,23.513595382537517,4.736910721850996,3.8544908838894356
244,8.69101205914032,12,0.00812856643763829,0.004,2.0321416094095732,Native Hawaiian/Pacific Islander,0.8280916431118585,389.92511983386566,84.91791152340542,14.2784612217003,269.76134431080374,23.513595382537517,4.7983170424386214,3.8926950167016985
245,8.740817285840265,13,0.008096699038084474,0.004,2.0241747595211184,Native Hawaiian/Pacific Islander,0.8280916431118585,389.92511983386566,84.91791152340542,14.2784612217003,269.76134431080374,23.513595382537517,4.815071631565328,3.925745654274938
246,8.790622512540207,14,0.008046867876356344,0.004,2.0117169690890857,Native Hawaiian/Pacific Islander,0.8280916431118585,389.92511983386566,84.91791152340542,14.2784612217003,269.76134431080374,23.513595382537517,4.824776803158447,3.9658457093817594
247,8.865330352590126,15,0.008045561381305369,0.004,2.0113903453263418,Native Hawaiian/Pacific Islander,0.8280916431118585,389.92511983386566,84.91791152340542,14.2784612217003,269.76134431080374,23.513595382537517,4.85773725053054,4.0075931020595865
248,8.940038192640044,16,0.008039413279587952,0.004,2.009853319896988,Native Hawaiian/Pacific Islander,0.8280916431118585,389.92511983386566,84.91791152340542,14.2784612217003,269.76134431080374,23.513595382537517,4.207720445491108,4.732317747148936
249,9.213966939489737,19,0.007950492070995746,0.004,1.9876230177489365,Native Hawaiian/Pacific Islander,0.8280916431118585,389.92511983386566,84.91791152340542,14.2784612217003,269.76134431080374,23.513595382537517,5.024662114732917,4.18930482475682
250,9.736921819839155,22,0.008125350678497954,0.004,2.0313376696244885,Native Hawaiian/Pacific Islander,0.8280916431118585,389.92511983386566,84.91791152340542,14.2784612217003,269.76134431080374,23.513595382537517,5.362586017037217,4.374335802801938
251,10.284779313538543,23,0.008329635754911056,0.004,2.082408938727764,Native Hawaiian/Pacific Islander,0.8280916431118585,389.92511983386566,84.91791152340542,14.2784612217003,269.76134431080374,23.513595382537517,5.72906779481589,4.555711518722653
252,10.508902833688293,25,0.00836090583084025,0.004,2.0902264577100627,Native Hawaiian/Pacific Islander,0.8280916431118585,389.92511983386566,84.91791152340542,14.2784612217003,269.76134431080374,23.513595382537517,5.860065991180286,4.648836842508007
253,10.658318513788126,26,0.00835464287805735,0.004,2.0886607195143374,Native Hawaiian/Pacific Islander,0.8280916431118585,389.92511983386566,84.91791152340542,14.2784612217003,269.76134431080374,23.513595382537517,5.942178561206865,4.716139952581261
254,10.708123740488073,27,0.008266687173177484,0.004,2.0666717932943706,Native Hawaiian/Pacific Islander,0.8280916431118585,389.92511983386566,84.91791152340542,14.2784612217003,269.76134431080374,23.513595382537517,5.939542834454663,4.76858090603341
255,10.807734193887963,28,0.008129015340238625,0.004,2.0322538350596564,Native Hawaiian/Pacific Islander,0.8280916431118585,389.92511983386566,84.91791152340542,14.2784612217003,269.76134431080374,23.513595382537517,5.948605017231558,4.859129176656405
256,11.280883847537437,29,0.008253470830448566,0.004,2.0633677076121417,Native Hawaiian/Pacific Islander,0.8280916431118585,389.92511983386566,84.91791152340542,14.2784612217003,269.76134431080374,23.513595382537517,6.262213883943786,5.018669963593651
257,11.455202140987241,30,0.008190445667076189,0.004,2.0476114167690467,Native Hawaiian/Pacific Islander,0.8280916431118585,389.92511983386566,84.91791152340542,14.2784612217003,269.76134431080374,23.513595382537517,6.346790938388588,5.108411202598654
258,11.754033501186907,31,0.008098694257133542,0.004,2.0246735642833853,Native Hawaiian/Pacific Islander,0.8280916431118585,389.92511983386566,84.91791152340542,14.2784612217003,269.76134431080374,23.513595382537517,6.486002714375699,5.268030786811208
259,11.903449181286742,32,0.00798569924987888,0.004,1.99642481246972,Native Hawaiian/Pacific Islander,0.8280916431118585,389.92511983386566,84.91791152340542,14.2784612217003,269.76134431080374,23.513595382537517,6.529400168458523,5.37404901282822
260,11.978157021336658,33,0.0077952806949306355,0.004,1.9488201737326591,Native Hawaiian/Pacific Islander,0.8280916431118585,389.92511983386566,84.91791152340542,14.2784612217003,269.76134431080374,23.513595382537517,6.502163370081522,5.475993651255136
261,12.177377928136435,34,0.007701636400863087,0.004,1.925409100215772,Native Hawaiian/Pacific Islander,0.8280916431118585,389.92511983386566,84.91791152340542,14.2784612217003,269.76134431080374,23.513595382537517,6.581161453700365,5.59621647443607
262,12.451306674986133,35,0.007672006383109311,0.004,1.918001595777328,Native Hawaiian/Pacific Islander,0.8280916431118585,389.92511983386566,84.91791152340542,14.2784612217003,269.76134431080374,23.513595382537517,6.714693427026614,5.73661324795952
263,12.575819741735993,36,0.007593642392072538,0.004,1.8984105980181345,Native Hawaiian/Pacific Islander,0.8280916431118585,389.92511983386566,84.91791152340542,14.2784612217003,269.76134431080374,23.513595382537517,6.747208580409669,5.828611161326323
264,12.799943261885742,37,0.007503649635036497,0.004,1.875912408759124,Native Hawaiian/Pacific Islander,0.8280916431118585,389.92511983386566,84.91791152340542,14.2784612217003,269.76134431080374,23.513595382537517,6.8392107113235925,5.96073255056215
265,12.924456328635605,38,0.007449725120932436,0.004,1.8624312802331089,Native Hawaiian/Pacific Islander,0.8280916431118585,389.92511983386566,84.91791152340542,14.2784612217003,269.76134431080374,23.513595382537517,6.883544074068462,6.040912254567143
266,13.198385075485302,39,0.007429108086514065,0.004,1.8572770216285168,Native Hawaiian/Pacific Islander,0.8280916431118585,389.92511983386566,84.91791152340542,14.2784612217003,269.76134431080374,23.513595382537517,7.020046281210843,6.178338794274459
267,13.621729502434828,40,0.007553370708939766,0.004,1.8883426772349416,Native Hawaiian/Pacific Islander,0.8280916431118585,389.92511983386566,84.91791152340542,14.2784612217003,269.76134431080374,23.513595382537517,7.314186015429063,6.307543487005765
268,13.74624256918469,41,0.00750030571898311,0.004,1.8750764297457776,Native Hawaiian/Pacific Islander,0.8280916431118585,389.92511983386566,84.91791152340542,14.2784612217003,269.76134431080374,23.513595382537517,6.298340779309544,7.447901789875146
269,14.045073929384355,42,0.007404392747896181,0.004,1.8510981869740453,Native Hawaiian/Pacific Islander,0.8280916431118585,389.92511983386566,84.91791152340542,14.2784612217003,269.76134431080374,23.513595382537517,7.479536601528483,6.565537327855871
270,14.269197449534106,43,0.0074659925991556785,0.004,1.8664981497889197,Native Hawaiian/Pacific Islander,0.8280916431118585,389.92511983386566,84.91791152340542,14.2784612217003,269.76134431080374,23.513595382537517,7.629247954281638,6.639949495252468
271,14.468418356333885,45,0.007373564312456373,0.004,1.8433910781140932,Native Hawaiian/Pacific Islander,0.8280916431118585,389.92511983386566,84.91791152340542,14.2784612217003,269.76134431080374,23.513595382537517,7.69812142066572,6.770296935668165
272,14.817054943233495,46,0.00723633002529675,0.004,1.8090825063241875,Native Hawaiian/Pacific Islander,0.8280916431118585,389.92511983386566,84.91791152340542,14.2784612217003,269.76134431080374,23.513595382537517,7.832084692568967,6.984970250664529
273,14.792152329883525,47,0.007082980575462361,0.004,1.77074514386559,Native Hawaiian/Pacific Islander,0.8280916431118585,389.92511983386566,84.91791152340542,14.2784612217003,269.76134431080374,23.513595382537517,7.734669544336712,7.057482785546813
274,14.941568009983358,49,0.006885313626035666,0.004,1.7213284065089165,Native Hawaiian/Pacific Islander,0.8280916431118585,389.92511983386566,84.91791152340542,14.2784612217003,269.76134431080374,23.513595382537517,7.70308586393218,7.238482146051179
275,15.016275850033276,50,0.006863347674656833,0.004,1.7158369186642082,Native Hawaiian/Pacific Islander,0.8280916431118585,389.92511983386566,84.91791152340542,14.2784612217003,269.76134431080374,23.513595382537517,7.7287520192668895,7.2875238307663865
276,15.265301983532998,54,0.006569851562081346,0.004,1.6424628905203364,Native Hawaiian/Pacific Islander,0.8280916431118585,389.92511983386566,84.91791152340542,14.2784612217003,269.76134431080374,23.513595382537517,7.671247217087911,7.594054766445087
277,15.439620276982806,55,0.006541050366087818,0.004,1.6352625915219543,Native Hawaiian/Pacific Islander,0.8280916431118585,389.92511983386566,84.91791152340542,14.2784612217003,269.76134431080374,23.513595382537517,7.740929893020827,7.69869038396198
278,15.51432811703272,56,0.006468359030265275,0.004,1.6170897575663188,Native Hawaiian/Pacific Islander,0.8280916431118585,389.92511983386566,84.91791152340542,14.2784612217003,269.76134431080374,23.513595382537517,6.422056931955563,9.092271185077157
279,16.062185610732108,60,0.006432054567755961,0.004,1.60801364193899,Native Hawaiian/Pacific Islander,0.8280916431118585,389.92511983386566,84.91791152340542,14.2784612217003,269.76134431080374,23.513595382537517,7.981049484694253,8.081136126037855
